time,v, gamma, altitude, skin_temp
0.000000000000000000e+00,3.000000000000000000e+03,-1.745329251994329478e-01,3.000000000000000000e+04,3.000000000000000000e+02
1.000000000000000056e-01,2.997189732218975223e+03,-1.688024701189346499e-01,2.988405647092175423e+04,3.001018964508481872e+02
2.000000000000000111e-01,2.994319586604861342e+03,-1.629817468051438512e-01,2.977404283392194338e+04,3.002051415788261579e+02
3.000000000000000444e-01,2.991365300589616709e+03,-1.570793219401976359e-01,2.967872511122797005e+04,3.003095935774206851e+02
4.000000000000000222e-01,2.988370400346874703e+03,-1.510975035751143947e-01,2.958591273567303142e+04,3.004151371531474410e+02
5.000000000000000000e-01,2.985327839356438744e+03,-1.450382639331943002e-01,2.949805678116283889e+04,3.005217410963774114e+02
6.000000000000000888e-01,2.982238960174348904e+03,-1.389059371606532756e-01,2.941551816997425703e+04,3.006293251258354076e+02
7.000000000000000666e-01,2.979110259324644176e+03,-1.327040817863229527e-01,2.933704421198691853e+04,3.007378137161741165e+02
8.000000000000000444e-01,2.975946384702035175e+03,-1.264357656479279945e-01,2.926184219802775624e+04,3.008471420527824876e+02
9.000000000000000222e-01,2.972750135571904138e+03,-1.201035658920861504e-01,2.918957939987101418e+04,3.009572560317852776e+02
1.000000000000000000e+00,2.969522462570304469e+03,-1.137095689743081450e-01,2.912038307023822563e+04,3.010681122600433355e+02
1.100000000000000089e+00,2.966262467703961647e+03,-1.072553706589978173e-01,2.905484044279824229e+04,3.011796780551536017e+02
1.200000000000000178e+00,2.962968178969351356e+03,-1.007429333355177037e-01,2.899390802578449802e+04,3.012919155893130210e+02
1.300000000000000044e+00,2.959641945540923189e+03,-9.417690715668079748e-02,2.893767950716930500e+04,3.014047388829409897e+02
1.400000000000000133e+00,2.956288084353494014e+03,-8.756136496742418507e-02,2.888555822896313475e+04,3.015180732707349875e+02
1.500000000000000000e+00,2.952910497303927059e+03,-8.090008840391128830e-02,2.883702024377180351e+04,3.016318496385885055e+02
1.600000000000000089e+00,2.949512663164310197e+03,-7.419663172667506634e-02,2.879162728139039245e+04,3.017460032364827498e+02
1.700000000000000178e+00,2.946097637581955041e+03,-6.745432182061820992e-02,2.874902674880324776e+04,3.018604736784868123e+02
1.800000000000000044e+00,2.942668053079398760e+03,-6.067625819501305806e-02,2.870895173018398054e+04,3.019752049427575002e+02
1.900000000000000133e+00,2.939226119054401352e+03,-5.386531298350157732e-02,2.867122098689546328e+04,3.020901453715394496e+02
2.000000000000000000e+00,2.935773621779948371e+03,-4.702413094409547967e-02,2.863573895748983341e+04,3.022052476711650684e+02
2.100000000000000089e+00,2.932311924404249112e+03,-4.015512945917601439e-02,2.860249575770849333e+04,3.023204689120544799e+02
2.200000000000000178e+00,2.928841966950737515e+03,-3.326049853549420399e-02,2.857156718048210678e+04,3.024357705287156932e+02
2.300000000000000266e+00,2.925364266318070804e+03,-2.634220080417071230e-02,2.854311469593060247e+04,3.025511183197443756e+02
2.400000000000000355e+00,2.921878916280131762e+03,-1.940197152069579600e-02,2.851738545136317407e+04,3.026664824478240803e+02
2.500000000000000000e+00,2.918385587486026907e+03,-1.244131856492949884e-02,2.849471227127828388e+04,3.027818374397261323e+02
2.600000000000000089e+00,2.914883527460087407e+03,-5.461522441101387959e-03,2.847551365736364824e+04,3.028971621863095720e+02
2.700000000000000178e+00,2.911371317181025915e+03,1.535624570562804658e-03,2.846023100023551160e+04,3.030124344867109585e+02
2.800000000000000266e+00,2.907845176720879408e+03,8.538094206169797792e-03,2.844828380649781684e+04,3.031275532554612369e+02
2.900000000000000355e+00,2.904306154057516778e+03,1.553961328187466323e-02,2.843914451467906838e+04,3.032424488143130361e+02
3.000000000000000000e+00,2.900756597896726817e+03,2.253728630642251596e-02,2.843252918060030788e+04,3.033570762121856319e+02
3.100000000000000089e+00,2.897198701642077594e+03,2.952836791822316398e-02,2.842817991855793298e+04,3.034713929642520611e+02
3.200000000000000178e+00,2.893634503394913281e+03,3.651026288535092618e-02,2.842586490132366816e+04,3.035853590519390650e+02
3.300000000000000266e+00,2.890065885954357782e+03,4.348052610554475894e-02,2.842537836014458662e+04,3.036989369229268618e+02
3.400000000000000355e+00,2.886494576817311554e+03,5.043686260620822842e-02,2.842654058474310295e+04,3.038120914911495447e+02
3.500000000000000000e+00,2.882922148178453881e+03,5.737712754440944807e-02,2.842919792331696226e+04,3.039247901367947406e+02
3.600000000000000089e+00,2.879350016930241054e+03,6.429932620688127987e-02,2.843322278253926561e+04,3.040370027063038378e+02
3.700000000000000178e+00,2.875779444662907281e+03,7.120161401002103596e-02,2.843851362755844821e+04,3.041487015123718152e+02
3.800000000000000266e+00,2.872211537664465595e+03,7.808229649989070764e-02,2.844499498199827576e+04,3.042598613339473559e+02
3.900000000000000355e+00,2.868647246920706493e+03,8.493982935221684738e-02,2.845261742795787359e+04,3.043704594162327339e+02
4.000000000000000000e+00,2.865087368115197023e+03,9.177281837239066598e-02,2.846135760601169386e+04,3.044804754706839844e+02
4.100000000000000533e+00,2.861532541629284424e+03,9.858001949546797704e-02,2.847121821520953745e+04,3.045898916750107333e+02
4.200000000000000178e+00,2.857983252542091577e+03,1.053603387861691415e-01,2.848222801307653572e+04,3.046986926731763674e+02
4.299999999999999822e+00,2.854439830630521101e+03,1.121128324388791092e-01,2.849444181561317600e+04,3.048068655753978078e+02
4.400000000000000355e+00,2.850902450369252165e+03,1.188367067776476133e-01,2.850794049729527251e+04,3.049143999581457933e+02
4.500000000000000000e+00,2.847371130930742311e+03,1.255313182561887397e-01,2.852283099107398448e+04,3.050212878641445400e+02
4.600000000000000533e+00,2.843845736185226542e+03,1.321961734578813719e-01,2.853924628837581986e+04,3.051275238023721386e+02
4.700000000000000178e+00,2.840325974700719144e+03,1.388309290957688846e-01,2.855734543910261345e+04,3.052331047480601001e+02
4.800000000000000711e+00,2.836811399743010497e+03,1.454353920125592836e-01,2.857731355163155604e+04,3.053380301426938672e+02
4.900000000000000355e+00,2.833301409275669812e+03,1.520095191806252188e-01,2.859936179281516161e+04,3.054423018940123598e+02
5.000000000000000000e+00,2.829795245960044213e+03,1.585534177020039848e-01,2.862372738798130376e+04,3.055459243760082018e+02
5.100000000000000533e+00,2.826293686297904969e+03,1.650657267909084736e-01,2.865040181970573030e+04,3.056488791670381033e+02
5.200000000000000178e+00,2.822803369503648355e+03,1.715397853189543353e-01,2.867838846106140045e+04,3.057510656923805641e+02
5.300000000000000711e+00,2.819325747800310637e+03,1.779743005541830347e-01,2.870746720912363890e+04,3.058524678204708493e+02
5.400000000000000355e+00,2.815861543667850128e+03,1.843686958908136997e-01,2.873753225197205393e+04,3.059530805690106376e+02
5.500000000000000000e+00,2.812411435741272271e+03,1.907224344564995289e-01,2.876848450006504572e+04,3.060528995126747418e+02
5.600000000000000533e+00,2.808976058810633276e+03,1.970350191123274031e-01,2.880023158623979543e+04,3.061519207831108247e+02
5.700000000000000178e+00,2.805556003821036029e+03,2.033059924528178575e-01,2.883268786571227247e+04,3.062501410689396266e+02
5.800000000000000711e+00,2.802151817872632364e+03,2.095349368059254980e-01,2.886577441607723449e+04,3.063475576157549654e+02
5.900000000000000355e+00,2.798764004220622610e+03,2.157214742330384460e-01,2.889941903730821286e+04,3.064441682261235655e+02
6.000000000000000000e+00,2.795393022275256044e+03,2.218652665289788106e-01,2.893355625175753812e+04,3.065399712595852861e+02
6.100000000000000533e+00,2.792039287601828619e+03,2.279660152220025215e-01,2.896812730415631086e+04,3.066349656326528930e+02
6.200000000000000178e+00,2.788703171920686600e+03,2.340234615737989965e-01,2.900308016161443447e+04,3.067291508188122862e+02
6.300000000000000711e+00,2.785385003107223383e+03,2.400373865794918071e-01,2.903836951362058244e+04,3.068225268485221591e+02
6.400000000000000355e+00,2.782085065191881768e+03,2.460076109676381240e-01,2.907395677204222011e+04,3.069150943092145098e+02
6.500000000000000000e+00,2.778803598360152137e+03,2.519339952002289107e-01,2.910981007112559746e+04,3.070068543452940730e+02
6.600000000000000533e+00,2.775540798952573368e+03,2.578164394726890629e-01,2.914590426749575272e+04,3.070978086581388311e+02
6.700000000000000178e+00,2.772296819464733289e+03,2.636548837138770751e-01,2.918222094015649782e+04,3.071879595060996166e+02
6.800000000000000711e+00,2.769071768547268221e+03,2.694493075860854292e-01,2.921874839049044385e+04,3.072773097045003965e+02
6.900000000000000355e+00,2.765865711005861613e+03,2.751997304850401505e-01,2.925548164225897926e+04,3.073658626256379875e+02
7.000000000000000000e+00,2.762678667801247229e+03,2.809062115399013626e-01,2.929242244160228074e+04,3.074536221987823978e+02
7.100000000000000533e+00,2.759510616049205055e+03,2.865688496132627328e-01,2.932957925703930960e+04,3.075405929101765423e+02
7.200000000000000178e+00,2.756361489020565386e+03,2.921877833011518044e-01,2.936696727946780811e+04,3.076267798030364133e+02
7.300000000000000711e+00,2.753231176141206106e+03,2.977631909330300530e-01,2.940460842216430683e+04,3.077121884775509670e+02
7.400000000000000355e+00,2.750119522992053589e+03,3.032952905717924974e-01,2.944253132078412818e+04,3.077968250908821801e+02
7.500000000000000000e+00,2.747026331309082252e+03,3.087843400137681993e-01,2.948077133336136467e+04,3.078806963571650499e+02
7.600000000000000533e+00,2.743951358983315458e+03,3.142306367887197083e-01,2.951937054030891159e+04,3.079638095475075943e+02
7.700000000000000178e+00,2.740894320060825066e+03,3.196345181598436169e-01,2.955837774441843430e+04,3.080461724899907949e+02
7.800000000000000711e+00,2.737854884742730974e+03,3.249963611237702832e-01,2.959784847086039372e+04,3.081277935696688246e+02
7.900000000000000355e+00,2.734832679385201118e+03,3.303165824105637194e-01,2.963784496718402443e+04,3.082086817285685925e+02
8.000000000000000000e+00,2.731827286499452839e+03,3.355956384837219808e-01,2.967843620331736020e+04,3.082888464656902556e+02
8.099999999999999645e+00,2.728838244751751517e+03,3.408340255401765551e-01,2.971969787156721577e+04,3.083682978370068781e+02
8.200000000000001066e+00,2.725865048963410118e+03,3.460322795102931392e-01,2.976171238661917960e+04,3.084470464554646014e+02
8.300000000000000711e+00,2.722907150110791008e+03,3.511909760578708073e-01,2.980456888553764293e+04,3.085251034909824170e+02
8.400000000000000355e+00,2.719963955325304596e+03,3.563107305801427316e-01,2.984836322776576708e+04,3.086024806704525076e+02
8.500000000000000000e+00,2.717037424289617775e+03,3.613899985012661853e-01,2.989276898491021711e+04,3.086791593451995936e+02
8.599999999999999645e+00,2.714130864833990017e+03,3.664262390343696052e-01,2.993721471128436679e+04,3.087551067196100121e+02
8.700000000000001066e+00,2.711244184776187467e+03,3.714198810944517315e-01,2.998167701610882068e+04,3.088303316400916287e+02
8.800000000000000711e+00,2.708377265798749249e+03,3.763713711245381122e-01,3.002613726659059830e+04,3.089048431562157475e+02
8.900000000000000355e+00,2.705529987510666615e+03,3.812811523941059821e-01,3.007057765998672403e+04,3.089786502298773598e+02
9.000000000000000000e+00,2.702702227447380665e+03,3.861496649990838748e-01,3.011498122360422713e+04,3.090517617352953152e+02
9.099999999999999645e+00,2.699893861070785988e+03,3.909773458618517328e-01,3.015933181480013445e+04,3.091241864590122645e+02
9.200000000000001066e+00,2.697104761769227935e+03,3.957646287312408528e-01,3.020361412098148503e+04,3.091959330998947166e+02
9.300000000000000711e+00,2.694334800857503524e+03,4.005119441825337745e-01,3.024781365960531184e+04,3.092670102691330385e+02
9.400000000000000355e+00,2.691583847576861444e+03,4.052197196174646132e-01,3.029191677817865639e+04,3.093374264902413415e+02
9.500000000000000000e+00,2.688851769095001600e+03,4.098883792642186719e-01,3.033591065425856505e+04,3.094071901990576521e+02
9.600000000000001421e+00,2.686138430506076020e+03,4.145183441774328847e-01,3.037978329545208908e+04,3.094763097437437409e+02
9.700000000000001066e+00,2.683443694830687946e+03,4.191100322381952625e-01,3.042352353941627734e+04,3.095447933847852369e+02
9.800000000000000711e+00,2.680767423015893200e+03,4.236638581540453363e-01,3.046712105385818359e+04,3.096126492949916269e+02
9.900000000000000355e+00,2.678109473935197457e+03,4.281802334589740466e-01,3.051056633653487006e+04,3.096798855594961424e+02
1.000000000000000000e+01,2.675469704388559876e+03,4.326595665134235769e-01,3.055385071525339663e+04,3.097465101757559296e+02
1.010000000000000142e+01,2.672847969102389470e+03,4.371022625042877419e-01,3.059696634787082803e+04,3.098125310535518793e+02
1.020000000000000107e+01,2.670244120729548285e+03,4.415087234449113773e-01,3.063990622229423752e+04,3.098779560149887402e+02
1.030000000000000071e+01,2.667658009849349128e+03,4.458793481750909504e-01,3.068266415648069233e+04,3.099427927944951762e+02
1.040000000000000036e+01,2.665089484967556473e+03,4.502145323610741712e-01,3.072523479843727182e+04,3.100070490388235385e+02
1.050000000000000000e+01,2.662538392516386921e+03,4.545146684955602145e-01,3.076761362622106026e+04,3.100707323070500365e+02
1.060000000000000142e+01,2.660004576854508741e+03,4.587801458976997204e-01,3.080979694793913222e+04,3.101338500705747379e+02
1.070000000000000107e+01,2.657487880267040509e+03,4.630113507130942940e-01,3.085178190174858173e+04,3.101964097131215112e+02
1.080000000000000071e+01,2.654988142965553834e+03,4.672086659137973941e-01,3.089356645585649312e+04,3.102584185307380835e+02
1.090000000000000036e+01,2.652505203088071084e+03,4.713724712983136111e-01,3.093514940851996653e+04,3.103198837317960397e+02
1.100000000000000000e+01,2.650038896699066754e+03,4.755031434915988897e-01,3.097653038804609241e+04,3.103808124369906523e+02
1.110000000000000142e+01,2.647589057789466551e+03,4.796010559450607502e-01,3.101770985279197703e+04,3.104412116793411087e+02
1.120000000000000107e+01,2.645155518276648763e+03,4.836665789365577339e-01,3.105868909116472059e+04,3.105010884041904546e+02
1.130000000000000071e+01,2.642738108004441074e+03,4.877000795704001801e-01,3.109947022162143548e+04,3.105604494692055368e+02
1.140000000000000036e+01,2.640336654743125564e+03,4.917019217773493933e-01,3.114005619266922804e+04,3.106193016443769466e+02
1.150000000000000000e+01,2.637950984189433711e+03,4.956724663146183651e-01,3.118045078286521675e+04,3.106776516120191900e+02
1.160000000000000142e+01,2.635580919966549118e+03,4.996120707658713855e-01,3.122065860081651772e+04,3.107355059667706314e+02
1.170000000000000107e+01,2.633226283624108419e+03,5.035210895412238763e-01,3.126068508518025192e+04,3.107928712155933226e+02
1.180000000000000071e+01,2.630886894638197646e+03,5.073998738772430572e-01,3.130053650466354884e+04,3.108497537777732873e+02
1.190000000000000036e+01,2.628562570411356319e+03,5.112487718369472800e-01,3.134021995802353194e+04,3.109061599849202935e+02
1.200000000000000000e+01,2.626253126272573809e+03,5.150681283098060836e-01,3.137974337406733684e+04,3.109620960809679104e+02
1.210000000000000142e+01,2.623958375477292975e+03,5.188582850117408052e-01,3.141911551165209676e+04,3.110175682221736224e+02
1.220000000000000107e+01,2.621678129207406982e+03,5.226195804851236915e-01,3.145834595968495705e+04,3.110725824771186012e+02
1.230000000000000071e+01,2.619412196571260665e+03,5.263523500987788983e-01,3.149744513712305343e+04,3.111271448267080473e+02
1.240000000000000036e+01,2.617160384603650982e+03,5.300569260479814915e-01,3.153642429297353374e+04,3.111812611641707917e+02
1.250000000000000000e+01,2.614922498265826107e+03,5.337336373544580015e-01,3.157529550629354708e+04,3.112349372950596376e+02
1.260000000000000142e+01,2.612698340445486338e+03,5.373828098663866459e-01,3.161407168619025106e+04,3.112881789372510184e+02
1.270000000000000107e+01,2.610487711956783187e+03,5.410047662583966632e-01,3.165276657182080089e+04,3.113409917209454534e+02
1.280000000000000071e+01,2.608290411540319383e+03,5.445998260315687567e-01,3.169139473239235303e+04,3.113933811886670924e+02
1.290000000000000036e+01,2.606106235863149777e+03,5.481683055134349836e-01,3.172997156716207610e+04,3.114453527952640002e+02
1.300000000000000000e+01,2.603934979518780438e+03,5.517105178579789770e-01,3.176851330543713266e+04,3.114969119079079860e+02
1.310000000000000142e+01,2.601776435027170010e+03,5.552267730456355022e-01,3.180703700657469744e+04,3.115480638060947740e+02
1.320000000000000107e+01,2.599630392834727900e+03,5.587173778832907889e-01,3.184556055998193915e+04,3.115988136816438328e+02
1.330000000000000071e+01,2.597496641314314729e+03,5.621826360042824211e-01,3.188410268511604227e+04,3.116491666386985457e+02
1.340000000000000036e+01,2.595374966765243244e+03,5.656228478683993366e-01,3.192268293148418525e+04,3.116991276937260409e+02
1.350000000000000000e+01,2.593265346693505762e+03,5.690384407252542243e-01,3.196125421384014408e+04,3.117487041175255058e+02
1.360000000000000142e+01,2.591168467508097820e+03,5.724302497140520973e-01,3.199953039696302585e+04,3.117979106805963170e+02
1.370000000000000107e+01,2.589084313101421230e+03,5.757985466560070487e-01,3.203748175314672335e+04,3.118467522248237174e+02
1.380000000000000071e+01,2.587012767610910942e+03,5.791435307081042039e-01,3.207511405583979285e+04,3.118952322871108436e+02
1.390000000000000036e+01,2.584953715764946537e+03,5.824654006541444273e-01,3.211243295942568147e+04,3.119433543895466983e+02
1.400000000000000000e+01,2.582907042882856786e+03,5.857643549047439890e-01,3.214944399922271987e+04,3.119911220394059796e+02
1.410000000000000142e+01,2.580872634874914638e+03,5.890405914973355639e-01,3.218615259148413315e+04,3.120385387291493657e+02
1.420000000000000107e+01,2.578850378242340867e+03,5.922943080961671214e-01,3.222256403339802273e+04,3.120856079364232869e+02
1.430000000000000071e+01,2.576840160077303153e+03,5.955257019923029249e-01,3.225868350308739537e+04,3.121323331240600965e+02
1.440000000000000036e+01,2.574841868062914273e+03,5.987349701036225325e-01,3.229451605961012683e+04,3.121787177400779001e+02
1.450000000000000000e+01,2.572855390473234365e+03,6.019223089748216848e-01,3.233006664295899827e+04,3.122247652176806696e+02
1.460000000000000142e+01,2.570880616173270937e+03,6.050879147774118616e-01,3.236534007406165983e+04,3.122704789752582997e+02
1.470000000000000107e+01,2.568917434618976131e+03,6.082319833097202810e-01,3.240034105478066704e+04,3.123158624163864374e+02
1.480000000000000071e+01,2.566965735857250820e+03,6.113547099968900111e-01,3.243507416791345167e+04,3.123609189298265392e+02
1.490000000000000036e+01,2.565025410525940515e+03,6.144562898908798587e-01,3.246954387719234001e+04,3.124056518895259842e+02
1.500000000000000000e+01,2.563096349853838547e+03,6.175369176704647023e-01,3.250375452728454184e+04,3.124500646546179610e+02
1.510000000000000142e+01,2.561178445660683792e+03,6.205967876412348261e-01,3.253771034379215780e+04,3.124941605694215241e+02
1.520000000000000107e+01,2.559271590357162495e+03,6.236360937355966971e-01,3.257141543325217208e+04,3.125379429634415374e+02
1.530000000000000071e+01,2.557375676944907354e+03,6.266550295127724102e-01,3.260487378313646332e+04,3.125814151513687307e+02
1.540000000000000036e+01,2.555490599016497072e+03,6.296537881587997987e-01,3.263808926185179007e+04,3.126245804330795863e+02
1.550000000000000000e+01,2.553616250755457258e+03,6.326325624865326569e-01,3.267106561873980536e+04,3.126674420936365664e+02
1.560000000000000142e+01,2.551752526936260438e+03,6.355915449356406288e-01,3.270380648407704939e+04,3.127100034032878852e+02
1.570000000000000107e+01,2.549899322924324679e+03,6.385309275726089862e-01,3.273631536907494592e+04,3.127522676174676235e+02
1.580000000000000071e+01,2.548056534676015417e+03,6.414509020907388503e-01,3.276859566587980225e+04,3.127942379767956709e+02
1.590000000000000036e+01,2.546224058738644999e+03,6.443516598101474147e-01,3.280065064757283835e+04,3.128359177070778401e+02
1.600000000000000000e+01,2.544401792250470407e+03,6.472333916777672780e-01,3.283248346817012498e+04,3.128773100193056393e+02
1.610000000000000142e+01,2.542589632940697811e+03,6.500962882673472221e-01,3.286409716262264556e+04,3.129184181096566135e+02
1.619999999999999929e+01,2.540787479129477560e+03,6.529405397794515453e-01,3.289549464681626705e+04,3.129592451594939462e+02
1.630000000000000071e+01,2.538995229727908281e+03,6.557663360414605069e-01,3.292667871757173998e+04,3.129997943353668575e+02
1.640000000000000213e+01,2.537212784238034146e+03,6.585738665075702158e-01,3.295765205264471297e+04,3.130400687890102063e+02
1.650000000000000000e+01,2.535440042752846693e+03,6.613633202587924087e-01,3.298841721072570363e+04,3.130800716573448312e+02
1.660000000000000142e+01,2.533676905956282553e+03,6.641348860029548939e-01,3.301897663144013495e+04,3.131198060624774371e+02
1.669999999999999929e+01,2.531923275123226176e+03,6.668887520747011077e-01,3.304933263534830621e+04,3.131592751117003672e+02
1.680000000000000071e+01,2.530179052119508469e+03,6.696251064354902249e-01,3.307948742394541478e+04,3.131984818974921154e+02
1.690000000000000213e+01,2.528444139401906341e+03,6.723441366735976032e-01,3.310944307966154156e+04,3.132374294975167004e+02
1.700000000000000000e+01,2.526718440018144065e+03,6.750460300041138950e-01,3.313920156586164376e+04,3.132761209746241775e+02
1.710000000000000142e+01,2.525001857606891008e+03,6.777309732689459354e-01,3.316876472684559121e+04,3.133145593768504682e+02
1.719999999999999929e+01,2.523294296397764811e+03,6.803991529368162983e-01,3.319813428784811549e+04,3.133527477374171326e+02
1.730000000000000071e+01,2.521595661211328206e+03,6.830507551032632962e-01,3.322731185503885354e+04,3.133906890747317675e+02
1.740000000000000213e+01,2.519905857459091749e+03,6.856859654906410917e-01,3.325629891552232584e+04,3.134283863923877220e+02
1.750000000000000000e+01,2.518224791143511084e+03,6.883049694481195857e-01,3.328509683733793645e+04,3.134658426791642114e+02
1.760000000000000142e+01,2.516552368857990132e+03,6.909079519516847512e-01,3.331370686945997295e+04,3.135030609090262601e+02
1.769999999999999929e+01,2.514888497786877451e+03,6.934950976041379667e-01,3.334213014179762831e+04,3.135400440411248155e+02
1.780000000000000071e+01,2.513233085705469875e+03,6.960665906350967935e-01,3.337036766519497178e+04,3.135767950197965206e+02
1.790000000000000213e+01,2.511586040980009784e+03,6.986226149009944209e-01,3.339842033143095614e+04,3.136133167745640549e+02
1.800000000000000000e+01,2.509947272567686468e+03,7.011633538850796654e-01,3.342628891321943229e+04,3.136496122201357366e+02
1.810000000000000142e+01,2.508316690016635221e+03,7.036889906974177489e-01,3.345397406420912739e+04,3.136856842564058638e+02
1.819999999999999929e+01,2.506694203465939154e+03,7.061997080748890765e-01,3.348147631898366672e+04,3.137215357684544870e+02
1.830000000000000071e+01,2.505079723645626018e+03,7.086956883811901253e-01,3.350879609306155908e+04,3.137571696265476362e+02
1.840000000000000213e+01,2.503473161876671838e+03,7.111771136068332222e-01,3.353593368289619684e+04,3.137925886861369804e+02
1.850000000000000000e+01,2.501874430070998187e+03,7.136441653691464326e-01,3.356288926587587775e+04,3.138277957878601683e+02
1.860000000000000142e+01,2.500283440731473547e+03,7.160970249122736719e-01,3.358966290032376128e+04,3.138627937575406577e+02
1.869999999999999929e+01,2.498700106951912858e+03,7.185358731071744831e-01,3.361625452549791953e+04,3.138975854061877726e+02
1.880000000000000071e+01,2.497124342417077969e+03,7.209608904516247030e-01,3.364266396159128635e+04,3.139321735299965894e+02
1.890000000000000213e+01,2.495556061402676733e+03,7.233722570702154631e-01,3.366889090973170823e+04,3.139665609103481643e+02
1.900000000000000000e+01,2.493995178775363911e+03,7.257701527143538556e-01,3.369493495198190794e+04,3.140007503138092488e+02
1.910000000000000142e+01,2.492441609992740268e+03,7.281547567622630446e-01,3.372079555133949179e+04,3.140347444921325177e+02
1.920000000000000284e+01,2.490895271103353480e+03,7.305262482189815998e-01,3.374647205173697148e+04,3.140685461822565117e+02
1.930000000000000071e+01,2.489356078746698586e+03,7.328848057163640517e-01,3.377196367804172041e+04,3.141021581063055237e+02
1.940000000000000213e+01,2.487823950153215264e+03,7.352306075130810026e-01,3.379726953605601739e+04,3.141355829715897130e+02
1.950000000000000000e+01,2.486298803144291469e+03,7.375638314946184604e-01,3.382238861251703202e+04,3.141688234706051617e+02
1.960000000000000142e+01,2.484780556132261154e+03,7.398846551732786159e-01,3.384731977509681019e+04,3.142018822810337610e+02
1.970000000000000284e+01,2.483269128120404275e+03,7.421932556881791765e-01,3.387206177240228863e+04,3.142347620657430980e+02
1.980000000000000071e+01,2.481764438702948155e+03,7.444898098052536994e-01,3.389661323397529486e+04,3.142674654727867960e+02
1.990000000000000213e+01,2.480266408065066571e+03,7.467744939172518137e-01,3.392097267029254726e+04,3.142999951354042310e+02
2.000000000000000000e+01,2.478774956982878848e+03,7.490474840437386650e-01,3.394513847276564047e+04,3.143323536720206448e+02
2.010000000000000142e+01,2.477290006823451677e+03,7.513089558310953597e-01,3.396910891374107450e+04,3.143645436862470319e+02
2.020000000000000284e+01,2.475811479544799113e+03,7.535590845525187431e-01,3.399288214650021837e+04,3.143965677668803664e+02
2.030000000000000071e+01,2.474339297695879395e+03,7.557980451080213991e-01,3.401645620525933919e+04,3.144284284879033748e+02
2.040000000000000213e+01,2.472873384416599947e+03,7.580260120244320943e-01,3.403982900516959489e+04,3.144601284084846498e+02
2.050000000000000000e+01,2.471413663437812829e+03,7.602431594553948901e-01,3.406299834231701971e+04,3.144916700729786498e+02
2.060000000000000142e+01,2.469960059081317922e+03,7.624496611813700309e-01,3.408596189372254594e+04,3.145230560109255293e+02
2.070000000000000284e+01,2.468512496259860654e+03,7.646456906096334993e-01,3.410871721734198945e+04,3.145542887370515359e+02
2.080000000000000071e+01,2.467070900477133364e+03,7.668314207742769062e-01,3.413126175206605694e+04,3.145853707512685560e+02
2.090000000000000213e+01,2.465635197827775301e+03,7.690070243362079339e-01,3.415359281772034592e+04,3.146163045386743988e+02
2.100000000000000000e+01,2.464205314997371715e+03,7.711726735831497814e-01,3.417570761506532290e+04,3.146470925695526830e+02
2.110000000000000142e+01,2.462781179262454316e+03,7.733285404296418308e-01,3.419760322579635977e+04,3.146777372993728932e+02
2.120000000000000284e+01,2.461362718490502630e+03,7.754747964170389807e-01,3.421927661254371924e+04,3.147082411687903232e+02
2.130000000000000071e+01,2.459949861139940822e+03,7.776116127135119793e-01,3.424072461887254030e+04,3.147386066036461330e+02
2.140000000000000213e+01,2.458542536260141333e+03,7.797391601140476469e-01,3.426194396928286005e+04,3.147688360149673485e+02
2.150000000000000000e+01,2.457140673491421694e+03,7.818576090404480983e-01,3.428293126920958457e+04,3.147989317989667484e+02
2.160000000000000142e+01,2.455744203065046804e+03,7.839671295413318530e-01,3.430368300502253987e+04,3.148288963370430338e+02
2.170000000000000284e+01,2.454353055803228017e+03,7.860678912921328365e-01,3.432419554402639915e+04,3.148587319957807722e+02
2.180000000000000071e+01,2.452967163119123597e+03,7.881600635951008238e-01,3.434446513446076278e+04,3.148884411269502834e+02
2.190000000000000213e+01,2.451586457016836903e+03,7.902438153793016617e-01,3.436448790550009289e+04,3.149180260675076966e+02
2.200000000000000000e+01,2.450210870091420020e+03,7.923193152006166029e-01,3.438425986725374969e+04,3.149474891395951772e+02
2.210000000000000142e+01,2.448840335528869673e+03,7.943867312417433046e-01,3.440377691076597694e+04,3.149768326505405298e+02
2.220000000000000284e+01,2.447474787106129952e+03,7.964462313121944970e-01,3.442303480801590922e+04,3.150060588928574248e+02
2.230000000000000071e+01,2.446114159191091858e+03,7.984979828482993147e-01,3.444202921191757196e+04,3.150351701442455692e+02
2.240000000000000213e+01,2.444758386742591483e+03,8.005421529132024094e-01,3.446075565631987411e+04,3.150641686675902520e+02
2.250000000000000000e+01,2.443407157366750653e+03,8.025790598405745380e-01,3.447924952500002837e+04,3.150930580797184462e+02
2.260000000000000142e+01,2.442059641853784342e+03,8.046092700505469431e-01,3.449763770438121719e+04,3.151218439725864187e+02
2.270000000000000284e+01,2.440715796971959207e+03,8.066327937254574865e-01,3.451592949426762061e+04,3.151505266308832915e+02
2.280000000000000071e+01,2.439375641962812097e+03,8.086496010293015013e-01,3.453412434046874841e+04,3.151791059691836949e+02
2.290000000000000213e+01,2.438039195293219109e+03,8.106596635079459379e-01,3.455222170237430691e+04,3.152075819158165473e+02
2.300000000000000000e+01,2.436706474655393777e+03,8.126629540891286974e-01,3.457022105295421352e+04,3.152359544128650555e+02
2.310000000000000142e+01,2.435377496966888430e+03,8.146594470824590761e-01,3.458812187875854579e+04,3.152642234161668853e+02
2.320000000000000284e+01,2.434052278370594649e+03,8.166491181794174326e-01,3.460592367991760693e+04,3.152923888953139340e+02
2.330000000000000071e+01,2.432730834234742360e+03,8.186319444533555201e-01,3.462362597014187486e+04,3.153204508336525009e+02
2.340000000000000213e+01,2.431413179152899829e+03,8.206079043594963762e-01,3.464122827672201674e+04,3.153484092282833444e+02
2.350000000000000000e+01,2.430099326943974575e+03,8.225769777349339895e-01,3.465873014052891813e+04,3.153762640900613974e+02
2.360000000000000142e+01,2.428789290652211548e+03,8.245391457986340766e-01,3.467613111601362471e+04,3.154040154435959948e+02
2.370000000000000284e+01,2.427483082547195409e+03,8.264943911514330832e-01,3.469343077120740054e+04,3.154316633272508739e+02
2.380000000000000071e+01,2.426180714123849157e+03,8.284426977760390720e-01,3.471062868772169168e+04,3.154592077931441167e+02
2.390000000000000213e+01,2.424882196102434591e+03,8.303840510370311678e-01,3.472772446074814070e+04,3.154866489071480942e+02
2.400000000000000000e+01,2.423587538428550943e+03,8.323184376808597795e-01,3.474471769905857946e+04,3.155139867488895788e+02
2.410000000000000142e+01,2.422296750273138059e+03,8.342458458358466000e-01,3.476160802500503632e+04,3.155412214117496887e+02
2.420000000000000284e+01,2.421009840032472312e+03,8.361662650121846063e-01,3.477839507451972167e+04,3.155683530028638302e+02
2.430000000000000071e+01,2.419726815328170687e+03,8.380796861019377264e-01,3.479507849711506424e+04,3.155953816431218684e+02
2.440000000000000213e+01,2.418447683007186697e+03,8.399861013790416164e-01,3.481165795588366746e+04,3.156223074671679569e+02
2.450000000000000000e+01,2.417172449141814468e+03,8.418855044993026615e-01,3.482813312749832403e+04,3.156491306234005947e+02
2.460000000000000142e+01,2.415901119029685105e+03,8.437778905003989749e-01,3.484450370221203048e+04,3.156758512739726257e+02
2.470000000000000284e+01,2.414633697193769876e+03,8.456632558018795098e-01,3.486076938385797985e+04,3.157024695947912392e+02
2.480000000000000071e+01,2.413370187382377026e+03,8.475415982051647257e-01,3.487692988984953263e+04,3.157289857755180265e+02
2.490000000000000213e+01,2.412110592569154505e+03,8.494129168935462548e-01,3.489298495118028222e+04,3.157554000195689241e+02
2.500000000000000000e+01,2.410854914953088610e+03,8.512772124321867917e-01,3.490893431242397492e+04,3.157817125441141002e+02
2.510000000000000142e+01,2.409603155958504431e+03,8.531344867681206479e-01,3.492477773173458263e+04,3.158079235800782385e+02
2.520000000000000284e+01,2.408355316235064947e+03,8.549847432302530859e-01,3.494051498084625200e+04,3.158340333721403113e+02
2.530000000000000071e+01,2.407111395657772846e+03,8.568279865293605413e-01,3.495614584507332620e+04,3.158600421787335222e+02
2.540000000000000213e+01,2.405871393326968700e+03,8.586642227580910669e-01,3.497167012331034493e+04,3.158859502720456476e+02
2.550000000000000000e+01,2.404635307568331882e+03,8.604934593909636664e-01,3.498708762803203717e+04,3.159117579380186385e+02
2.560000000000000142e+01,2.403403135932879650e+03,8.623157052843686277e-01,3.500239818529332842e+04,3.159374654763487911e+02
2.570000000000000284e+01,2.402174875196969879e+03,8.641309706765675225e-01,3.501760163472934073e+04,3.159630732004869742e+02
2.580000000000000071e+01,2.400950521362296513e+03,8.659392671876932068e-01,3.503269782955537084e+04,3.159885814376380608e+02
2.590000000000000213e+01,2.399730069655894113e+03,8.677406078197497097e-01,3.504768663656693388e+04,3.160139905287616102e+02
2.600000000000000000e+01,2.398513514530134671e+03,8.695350069566121221e-01,3.506256793613971968e+04,3.160393008285712995e+02
2.610000000000000142e+01,2.397300849662729888e+03,8.713224803640273741e-01,3.507734162222961459e+04,3.160645127055352646e+02
2.620000000000000284e+01,2.396092067956728442e+03,8.731030451896130140e-01,3.509200760237271606e+04,3.160896265418759867e+02
2.630000000000000071e+01,2.394887161540519173e+03,8.748767199628579849e-01,3.510656579768528172e+04,3.161146427335701787e+02
2.640000000000000213e+01,2.393686121767828809e+03,8.766435245951228472e-01,3.512101614286378754e+04,3.161395616903490691e+02
2.650000000000000000e+01,2.392488939217722873e+03,8.784034803796387791e-01,3.513535858618489874e+04,3.161643838356981746e+02
2.660000000000000142e+01,2.391295603694605234e+03,8.801566099915086872e-01,3.514959308950546983e+04,3.161891096068573574e+02
2.670000000000000284e+01,2.390106104228219010e+03,8.819029374877067617e-01,3.516371962826254457e+04,3.162137394548208249e+02
2.680000000000000071e+01,2.388920429073645209e+03,8.836424883070778113e-01,3.517773819147336326e+04,3.162382738443370727e+02
2.690000000000000213e+01,2.387738565711304091e+03,8.853752892703388166e-01,3.519164878173536999e+04,3.162627132539090553e+02
2.700000000000000000e+01,2.386560500846953801e+03,8.871013685800771542e-01,3.520545141522617632e+04,3.162870581757940158e+02
2.710000000000000142e+01,2.385386220411691284e+03,8.888207558207519288e-01,3.521914612170361215e+04,3.163113091160035992e+02
2.720000000000000284e+01,2.384215709561953190e+03,8.905334819586934181e-01,3.523273294450569665e+04,3.163354665943037389e+02
2.730000000000000071e+01,2.383048952679513150e+03,8.922395793421029619e-01,3.524621194055062369e+04,3.163595311442147135e+02
2.740000000000000213e+01,2.381885933371484498e+03,8.939390817010534063e-01,3.525958318033679825e+04,3.163835033130112038e+02
2.750000000000000000e+01,2.380726634470318913e+03,8.956320241474885480e-01,3.527284674794281455e+04,3.164073836617222923e+02
2.760000000000000142e+01,2.379571038033806417e+03,8.973184431752236900e-01,3.528600274102745607e+04,3.164311727651311799e+02
2.770000000000000284e+01,2.378419125345075827e+03,8.989983766599451975e-01,3.529905127082971012e+04,3.164548712117757532e+02
2.780000000000000071e+01,2.377270876912594758e+03,9.006718638592108306e-01,3.531199246216873871e+04,3.164784796039479033e+02
2.790000000000000213e+01,2.376126272470169170e+03,9.023389454124496334e-01,3.532482645344390767e+04,3.165019985576941508e+02
2.800000000000000000e+01,2.374985290976943816e+03,9.039996633409614901e-01,3.533755339663477935e+04,3.165254287028152476e+02
2.810000000000000142e+01,2.373847910617402249e+03,9.056540610479180131e-01,3.535017345730110537e+04,3.165487706828662340e+02
2.820000000000000284e+01,2.372714108801365455e+03,9.073021833183618767e-01,3.536268681458283390e+04,3.165720251551566093e+02
2.830000000000000071e+01,2.371583862163995036e+03,9.089440763192068173e-01,3.537509366120008781e+04,3.165951927907502181e+02
2.840000000000000213e+01,2.370457146565789571e+03,9.105797875992380774e-01,3.538739420345321560e+04,3.166182742744651364e+02
2.850000000000000000e+01,2.369333937092586893e+03,9.122093660891120726e-01,3.539958866122273321e+04,3.166412703048739559e+02
2.860000000000000142e+01,2.368214208055563631e+03,9.138328621013565023e-01,3.541167726796935312e+04,3.166641815943034430e+02
2.870000000000000284e+01,2.367097932991233847e+03,9.154503273303701283e-01,3.542366027073399891e+04,3.166870088688349369e+02
2.880000000000000071e+01,2.365985084661452674e+03,9.170618148524231072e-01,3.543553793013775430e+04,3.167097528683038945e+02
2.890000000000000213e+01,2.364875635053410861e+03,9.186673791256567689e-01,3.544731052038193593e+04,3.167324143463002315e+02
2.900000000000000000e+01,2.363769555379639769e+03,9.202670759900838382e-01,3.545897832924802060e+04,3.167549940701682090e+02
2.910000000000000142e+01,2.362666816078009106e+03,9.218609626675881019e-01,3.547054165809768892e+04,3.167774928210064331e+02
2.920000000000000284e+01,2.361567386811726465e+03,9.234490977619246310e-01,3.548200082187282533e+04,3.167999113936679123e+02
2.930000000000000071e+01,2.360471236469339146e+03,9.250315412587197805e-01,3.549335614909549622e+04,3.168222505967599432e+02
2.940000000000000213e+01,2.359378333164731430e+03,9.266083545254711895e-01,3.550460798186795728e+04,3.168445112526441676e+02
2.950000000000000000e+01,2.358288644237128210e+03,9.281796003115475591e-01,3.551575667587267526e+04,3.168666941974365727e+02
2.960000000000000142e+01,2.357202136251090906e+03,9.297453427481890964e-01,3.552680260037228436e+04,3.168888002810074909e+02
2.970000000000000284e+01,2.356118774996522006e+03,9.313056473485070708e-01,3.553774613820963714e+04,3.169108303669817133e+02
2.980000000000000071e+01,2.355038525488660071e+03,9.328605810074840354e-01,3.554858768580776086e+04,3.169327853327382627e+02
2.990000000000000213e+01,2.353961351968083818e+03,9.344102120019739388e-01,3.555932765316987934e+04,3.169546660694105640e+02
3.000000000000000000e+01,2.352887217900710311e+03,9.359546099907014582e-01,3.556996646387942747e+04,3.169764734818863303e+02
3.010000000000000142e+01,2.351816085977794955e+03,9.374938460142633323e-01,3.558050455510000756e+04,3.169982084888076770e+02
3.020000000000000284e+01,2.350747918115931952e+03,9.390279924951268065e-01,3.559094237757542578e+04,3.170198720225711213e+02
3.030000000000000071e+01,2.349682675457054302e+03,9.405571232376308544e-01,3.560128039562969207e+04,3.170414650293274121e+02
3.040000000000000213e+01,2.348620318368433345e+03,9.420813134279852896e-01,3.561151908716699108e+04,3.170629884689817573e+02
3.050000000000000000e+01,2.347560806442678768e+03,9.436006396342715430e-01,3.562165894367170404e+04,3.170844433151935959e+02
3.060000000000000142e+01,2.346504098497739506e+03,9.451151798064419962e-01,3.563170047020841594e+04,3.171058305553768832e+02
3.070000000000000284e+01,2.345450152576902838e+03,9.466250132763205372e-01,3.564164418542190833e+04,3.171271511906996921e+02
3.080000000000000071e+01,2.344398925948794385e+03,9.481302207576021157e-01,3.565149062153713021e+04,3.171484062360847247e+02
3.090000000000000213e+01,2.343350375107379023e+03,9.496308843458529658e-01,3.566124032435924892e+04,3.171695967202088013e+02
3.100000000000000000e+01,2.342304455771959510e+03,9.511270875185106055e-01,3.567089385327361379e+04,3.171907236855032579e+02
3.110000000000000142e+01,2.341261122887177407e+03,9.526189151348837258e-01,3.568045178124577069e+04,3.172117881881536050e+02
3.120000000000000284e+01,2.340220330623013524e+03,9.541064534361523020e-01,3.568991469482145476e+04,3.172327912980998690e+02
3.130000000000000071e+01,2.339182032374786104e+03,9.555897900453675931e-01,3.569928319412659766e+04,3.172537340990363077e+02
3.140000000000000213e+01,2.338146180763153552e+03,9.570690139674520314e-01,3.570855789286732761e+04,3.172746176884116380e+02
3.150000000000000000e+01,2.337112727634111252e+03,9.585442155891993332e-01,3.571773941832995479e+04,3.172954431774288082e+02
3.160000000000000142e+01,2.336081624058994294e+03,9.600154866792744990e-01,3.572682841138099320e+04,3.173162116910452255e+02
3.170000000000000284e+01,2.335052820334476110e+03,9.614829203882135911e-01,3.573582552646714612e+04,3.173369243679726424e+02
3.180000000000000071e+01,2.334026265982568475e+03,9.629466112484241780e-01,3.574473143161531334e+04,3.173575823606769859e+02
3.190000000000000213e+01,2.333001909750622417e+03,9.644066551741850013e-01,3.575354680843257665e+04,3.173781868353788127e+02
3.200000000000000000e+01,2.331979699611326851e+03,9.658631494616457536e-01,3.576227235210622166e+04,3.173987389720527403e+02
3.210000000000000142e+01,2.330959582762709488e+03,9.673161927888278555e-01,3.577090877140373050e+04,3.174192399644279590e+02
3.220000000000000284e+01,2.329941505628136838e+03,9.687658852156235678e-01,3.577945678867276001e+04,3.174396910199879471e+02
3.230000000000000426e+01,2.328925413856314208e+03,9.702123281837965463e-01,3.578791713984118542e+04,3.174600933599704717e+02
3.239999999999999858e+01,2.327911252321285247e+03,9.716556245169816197e-01,3.579629057441704936e+04,3.174804482193677018e+02
3.250000000000000000e+01,2.326898965122431946e+03,9.730958784206852341e-01,3.580457785548860556e+04,3.175007568469260946e+02
3.260000000000000142e+01,2.325888495584475095e+03,9.745331954822845644e-01,3.581277975972429704e+04,3.175210205051466232e+02
3.270000000000000284e+01,2.324879786257475189e+03,9.759676826710282915e-01,3.582089707737275603e+04,3.175412404702844356e+02
3.280000000000000426e+01,2.323872778916829247e+03,9.773994483380362697e-01,3.582893061226281134e+04,3.175614180323490814e+02
3.289999999999999858e+01,2.322867414563274451e+03,9.788286022162995259e-01,3.583688118180347374e+04,3.175815544951044558e+02
3.300000000000000000e+01,2.321863633422886323e+03,9.802552554206805935e-01,3.584474961698397237e+04,3.176016511760688559e+02
3.310000000000000142e+01,2.320861374947078275e+03,9.816795204479130676e-01,3.585253676237371110e+04,3.176217094065148672e+02
3.320000000000000284e+01,2.319860577812603424e+03,9.831015111766017167e-01,3.586024347612228303e+04,3.176417305314694772e+02
3.330000000000000426e+01,2.318861179921552775e+03,9.845213428672225930e-01,3.586787062995947781e+04,3.176617159097139620e+02
3.339999999999999858e+01,2.317863118401356587e+03,9.859391321621231441e-01,3.587541910919529619e+04,3.176816669137839995e+02
3.350000000000000000e+01,2.316866329604782550e+03,9.873549970855219904e-01,3.588288981271989906e+04,3.177015849299696129e+02
3.360000000000000142e+01,2.315870749109938060e+03,9.887690570435089255e-01,3.589028365300367295e+04,3.177214713583151138e+02
3.370000000000000284e+01,2.314876311720268404e+03,9.901814328240450269e-01,3.589760155609717913e+04,3.177413276126192727e+02
3.380000000000000426e+01,2.313882951464558573e+03,9.915922465969625454e-01,3.590484446163117536e+04,3.177611551204350917e+02
3.389999999999999858e+01,2.312890601596930992e+03,9.930016219139649047e-01,3.591201332281661598e+04,3.177809553230700317e+02
3.400000000000000000e+01,2.311899194596847337e+03,9.944096837086271456e-01,3.591910910644463729e+04,3.178007296755857851e+02
3.410000000000000142e+01,2.310908662169107174e+03,9.958165582963953710e-01,3.592613279288658669e+04,3.178204796467985602e+02
3.420000000000000284e+01,2.309918935243849774e+03,9.972223733745867458e-01,3.593308537609399355e+04,3.178402067192786831e+02
3.430000000000000426e+01,2.308929943976552750e+03,9.986272580223898299e-01,3.593996786359857651e+04,3.178599123893511091e+02
3.439999999999999858e+01,2.307941617748031149e+03,1.000031342700864245e+00,3.594678127651225077e+04,3.178795981670949118e+02
3.450000000000000000e+01,2.306953915383492586e+03,1.001434688416498409e+00,3.595352796631134697e+04,3.178992647778102878e+02
3.460000000000000142e+01,2.305967473787638482e+03,1.002835775735933188e+00,3.596023879115297314e+04,3.179188951348892829e+02
3.470000000000000284e+01,2.304982570193743868e+03,1.004233951807049552e+00,3.596692624130522017e+04,3.179384819346574318e+02
3.480000000000000426e+01,2.303999200250997546e+03,1.005629227273148629e+00,3.597359014253557689e+04,3.179580253548050450e+02
3.489999999999999858e+01,2.303017359595933613e+03,1.007021612769413155e+00,3.598023032401247474e+04,3.179775255725976990e+02
3.500000000000000000e+01,2.302037043852429633e+03,1.008411118922907690e+00,3.598684661830524419e+04,3.179969827648765772e+02
3.510000000000000142e+01,2.301058248631706192e+03,1.009797756352579068e+00,3.599343886138412927e+04,3.180163971080583565e+02
3.520000000000000284e+01,2.300080969532330528e+03,1.011181535669255283e+00,3.600000689262030937e+04,3.180357687781350364e+02
3.530000000000000426e+01,2.299105202140211532e+03,1.012562467475646821e+00,3.600655055478584836e+04,3.180550979506743374e+02
3.539999999999999858e+01,2.298130942028603840e+03,1.013940562366345555e+00,3.601306969405376003e+04,3.180743848008193027e+02
3.550000000000000000e+01,2.297158184758106472e+03,1.015315830927825846e+00,3.601956415999794262e+04,3.180936295032885255e+02
3.560000000000000142e+01,2.296186925876660553e+03,1.016688283738443221e+00,3.602603380559323705e+04,3.181128322323760358e+02
3.570000000000000284e+01,2.295217160919554317e+03,1.018057931368435698e+00,3.603247848721538321e+04,3.181319931619513568e+02
3.580000000000000426e+01,2.294248885409417198e+03,1.019424784379922677e+00,3.603889806464104186e+04,3.181511124654596188e+02
3.589999999999999858e+01,2.293282094856225285e+03,1.020788853326905610e+00,3.604529240104778728e+04,3.181701903159211611e+02
3.600000000000000000e+01,2.292316784757297683e+03,1.022150148755267995e+00,3.605166136301411461e+04,3.181892268859321575e+02
3.610000000000000142e+01,2.291352950597296967e+03,1.023508681202774717e+00,3.605800482051942527e+04,3.182082223476639342e+02
3.620000000000000284e+01,2.290390587848231462e+03,1.024864461199073151e+00,3.606432264694405603e+04,3.182271768728635948e+02
3.630000000000000426e+01,2.289429691969452506e+03,1.026217499265692057e+00,3.607061471906923543e+04,3.182460906328535089e+02
3.639999999999999858e+01,2.288470258407656274e+03,1.027567805916042243e+00,3.607688091707712010e+04,3.182649637985316531e+02
3.650000000000000000e+01,2.287512282596882869e+03,1.028915391655416345e+00,3.608312112455078750e+04,3.182837965403713838e+02
3.660000000000000142e+01,2.286555759958515864e+03,1.030260266980988826e+00,3.608933522847421409e+04,3.183025890284216644e+02
3.670000000000000284e+01,2.285600685901284123e+03,1.031602442381816198e+00,3.609552311923231173e+04,3.183213414323068946e+02
3.680000000000000426e+01,2.284647055821259983e+03,1.032941928338836801e+00,3.610168469061089127e+04,3.183400539212269109e+02
3.689999999999999858e+01,2.283694865101860159e+03,1.034278735324870580e+00,3.610781983979669894e+04,3.183587266639570998e+02
3.700000000000000000e+01,2.282744109113845752e+03,1.035612873804619527e+00,3.611392846737737273e+04,3.183773598288482845e+02
3.710000000000000142e+01,2.281794783215321786e+03,1.036944354234667687e+00,3.612001047734147869e+04,3.183959535838268380e+02
3.720000000000000284e+01,2.280846882751737667e+03,1.038273187063480485e+00,3.612606577707850374e+04,3.184145080963945134e+02
3.730000000000000426e+01,2.279900403055885818e+03,1.039599382731405841e+00,3.613209427737884835e+04,3.184330235336286705e+02
3.739999999999999858e+01,2.278955339447904862e+03,1.040922951670673058e+00,3.613809589243381924e+04,3.184515000621820491e+02
3.750000000000000000e+01,2.278011687235276440e+03,1.042243904305393265e+00,3.614407053983564401e+04,3.184699378482828820e+02
3.760000000000000142e+01,2.277069441712825665e+03,1.043562251051560086e+00,3.615001814057747833e+04,3.184883370577350092e+02
3.770000000000000284e+01,2.276128598162723392e+03,1.044878002317048304e+00,3.615593861905336962e+04,3.185066978559176505e+02
3.780000000000000426e+01,2.275189151854483043e+03,1.046191168501614754e+00,3.616183190305830067e+04,3.185250204077855187e+02
3.789999999999999858e+01,2.274251098044963783e+03,1.047501759996898318e+00,3.616769792378816783e+04,3.185433048778688203e+02
3.800000000000000000e+01,2.273314431978367793e+03,1.048809787186419928e+00,3.617353661583977373e+04,3.185615514302731981e+02
3.810000000000000142e+01,2.272379148886242092e+03,1.050115260445581677e+00,3.617934791721084184e+04,3.185797602286799020e+02
3.820000000000000284e+01,2.271445243987477170e+03,1.051418190141668152e+00,3.618513176930000918e+04,3.185979314363455615e+02
3.830000000000000426e+01,2.270512712488307898e+03,1.052718586633845765e+00,3.619088811690684088e+04,3.186160652161023563e+02
3.840000000000000568e+01,2.269581549582314437e+03,1.054016460273162537e+00,3.619661690823179379e+04,3.186341617303579028e+02
3.850000000000000000e+01,2.268651750450419058e+03,1.055311821402548089e+00,3.620231809487626742e+04,3.186522211410952536e+02
3.860000000000000142e+01,2.267723310260890230e+03,1.056604680356814985e+00,3.620799163184256759e+04,3.186702436098731255e+02
3.870000000000000284e+01,2.266796224169339439e+03,1.057895047462656279e+00,3.621363747753389907e+04,3.186882292978255009e+02
3.880000000000000426e+01,2.265870487318722098e+03,1.059182933038647967e+00,3.621925559375440207e+04,3.187061783656620264e+02
3.890000000000000568e+01,2.264946094839338912e+03,1.060468347395247424e+00,3.622484594570913032e+04,3.187240909736677281e+02
3.900000000000000000e+01,2.264023041848834055e+03,1.061751300834793854e+00,3.623040850200404384e+04,3.187419672817031255e+02
3.910000000000000142e+01,2.263101323452195174e+03,1.063031803651508733e+00,3.623594323464602348e+04,3.187598074492042883e+02
3.920000000000000284e+01,2.262180934741756118e+03,1.064309866131494919e+00,3.624145011904287821e+04,3.187776116351827227e+02
3.930000000000000426e+01,2.261261870797192387e+03,1.065585498552737098e+00,3.624692913400331599e+04,3.187953799982253713e+02
3.940000000000000568e+01,2.260344126685525225e+03,1.066858711185102671e+00,3.625238026173695835e+04,3.188131126964947839e+02
3.950000000000000000e+01,2.259427697461120260e+03,1.068129514290339532e+00,3.625780348785435490e+04,3.188308098877288899e+02
3.960000000000000142e+01,2.258512578165686591e+03,1.069397918122078961e+00,3.626319880136696884e+04,3.188484717292411688e+02
3.970000000000000284e+01,2.257598763828276788e+03,1.070663932925832951e+00,3.626856619468717690e+04,3.188660983779204798e+02
3.980000000000000426e+01,2.256686249465289620e+03,1.071927568938995767e+00,3.627390566362826939e+04,3.188836899902313462e+02
3.990000000000000568e+01,2.255775030080465967e+03,1.073188836390843504e+00,3.627921720740445744e+04,3.189012467222135570e+02
4.000000000000000000e+01,2.254865100664891997e+03,1.074447745502534302e+00,3.628450082863085845e+04,3.189187687294826219e+02
4.010000000000000142e+01,2.253956456196997806e+03,1.075704306487108131e+00,3.628975653332351794e+04,3.189362561672293168e+02
4.020000000000000284e+01,2.253049091642557414e+03,1.076958529549486343e+00,3.629498433089938771e+04,3.189537091902200814e+02
4.030000000000000426e+01,2.252143001954689680e+03,1.078210424886473007e+00,3.630018423417634040e+04,3.189711279527967349e+02
4.040000000000000568e+01,2.251238182073856933e+03,1.079460002686753128e+00,3.630535625937316945e+04,3.189885126088765901e+02
4.050000000000000000e+01,2.250334626927866339e+03,1.080707273130894208e+00,3.631050042610956734e+04,3.190058633119523961e+02
4.060000000000000142e+01,2.249432331431868079e+03,1.081952246391345351e+00,3.631561675740615465e+04,3.190231802150925660e+02
4.070000000000000284e+01,2.248531290488357627e+03,1.083194932632437935e+00,3.632070527968447277e+04,3.190404634709408356e+02
4.080000000000000426e+01,2.247631498987174382e+03,1.084435342010384717e+00,3.632576602276696940e+04,3.190577132317164910e+02
4.090000000000000568e+01,2.246732951805501216e+03,1.085673484673280287e+00,3.633079901987700578e+04,3.190749296492142548e+02
4.100000000000000000e+01,2.245835643807866290e+03,1.086909370761101501e+00,3.633580430763886397e+04,3.190921128748043998e+02
4.110000000000000142e+01,2.244939569846141239e+03,1.088143010405706823e+00,3.634078192607774690e+04,3.191092630594325783e+02
4.120000000000000284e+01,2.244044724759542078e+03,1.089374413730836988e+00,3.634573191861977102e+04,3.191263803536201067e+02
4.130000000000000426e+01,2.243151103374628292e+03,1.090603590852113669e+00,3.635065433209195908e+04,3.191434649074635672e+02
4.140000000000000568e+01,2.242258700505305114e+03,1.091830551877041255e+00,3.635554921672225464e+04,3.191605168706352060e+02
4.150000000000000000e+01,2.241367510952820339e+03,1.093055306905005963e+00,3.636041662613952212e+04,3.191775363923827058e+02
4.160000000000000142e+01,2.240477529505766142e+03,1.094277866027275392e+00,3.636525661737353221e+04,3.191945236215291288e+02
4.170000000000000284e+01,2.239588750940080445e+03,1.095498239326999190e+00,3.637006925085499097e+04,3.192114787064731445e+02
4.180000000000000426e+01,2.238701170019043275e+03,1.096716436879209278e+00,3.637485459041549620e+04,3.192284017951888586e+02
4.190000000000000568e+01,2.237814781493279952e+03,1.097932468750818957e+00,3.637961270328757382e+04,3.192452930352259273e+02
4.200000000000000000e+01,2.236929580100759722e+03,1.099146345000623359e+00,3.638434366010466329e+04,3.192621525737093862e+02
4.210000000000000142e+01,2.236045560566796212e+03,1.100358075679299885e+00,3.638904753490111761e+04,3.192789805573398212e+02
4.220000000000000284e+01,2.235162717604046975e+03,1.101567670829407763e+00,3.639372440511221794e+04,3.192957771323933116e+02
4.230000000000000426e+01,2.234281045912513491e+03,1.102775140485387606e+00,3.639837435157414438e+04,3.193125424447213732e+02
4.240000000000000568e+01,2.233400540179542077e+03,1.103980494673562518e+00,3.640299745852399792e+04,3.193292766397510150e+02
4.250000000000000000e+01,2.232521195079822519e+03,1.105183743412136765e+00,3.640759381359980034e+04,3.193459798624847394e+02
4.260000000000000142e+01,2.231643005275389442e+03,1.106384896711197108e+00,3.641216350784048700e+04,3.193626522575005424e+02
4.270000000000000284e+01,2.230765965415620940e+03,1.107583964572711910e+00,3.641670663568590680e+04,3.193792939689519699e+02
4.280000000000000426e+01,2.229890070137239945e+03,1.108780956990531585e+00,3.642122329497682222e+04,3.193959051405679475e+02
4.290000000000000568e+01,2.229015314064312861e+03,1.109975883950388154e+00,3.642571358695492381e+04,3.194124859156528942e+02
4.300000000000000000e+01,2.228141691808250926e+03,1.111168755429895461e+00,3.643017761626280844e+04,3.194290364370867792e+02
4.310000000000000142e+01,2.227269197967809305e+03,1.112359581398549624e+00,3.643461549094398652e+04,3.194455568473250651e+02
4.320000000000000284e+01,2.226397827129087091e+03,1.113548371817728144e+00,3.643902732244288200e+04,3.194620472883985371e+02
4.330000000000000426e+01,2.225527573865527302e+03,1.114735136640690794e+00,3.644341322560484696e+04,3.194785079019136447e+02
4.340000000000000568e+01,2.224658432737918247e+03,1.115919885812578949e+00,3.644777331867614703e+04,3.194949388290522734e+02
4.350000000000000000e+01,2.223790398294391707e+03,1.117102629270415814e+00,3.645210772330394684e+04,3.195113402105718023e+02
4.360000000000000142e+01,2.222923465070423390e+03,1.118283376943107088e+00,3.645641656453634641e+04,3.195277121868050472e+02
4.370000000000000284e+01,2.222057627588833384e+03,1.119462138751439184e+00,3.646069997082235204e+04,3.195440548976603168e+02
4.380000000000000426e+01,2.221192880359785704e+03,1.120638924608081455e+00,3.646495807401189086e+04,3.195603684826214135e+02
4.390000000000000568e+01,2.220329217880789201e+03,1.121813744417584635e+00,3.646919100935579627e+04,3.195766530807477466e+02
4.400000000000000000e+01,2.219466634636696654e+03,1.122986608076381065e+00,3.647339891550582979e+04,3.195929088306739345e+02
4.410000000000000142e+01,2.218605125099704310e+03,1.124157525472785801e+00,3.647758193451466650e+04,3.196091358706103733e+02
4.420000000000000284e+01,2.217744683729353710e+03,1.125326506486994838e+00,3.648174021183588047e+04,3.196253343383427250e+02
4.430000000000000426e+01,2.216885304972529411e+03,1.126493560991086884e+00,3.648587389632398845e+04,3.196415043712323154e+02
4.440000000000000568e+01,2.216026983263461261e+03,1.127658698849021368e+00,3.648998314023440616e+04,3.196576461062157932e+02
4.450000000000000000e+01,2.215169713023722579e+03,1.128821929916640876e+00,3.649406809922346292e+04,3.196737596798054142e+02
4.460000000000000142e+01,2.214313488662230156e+03,1.129983264041668933e+00,3.649812893234841613e+04,3.196898452280888137e+02
4.470000000000000284e+01,2.213458304575246984e+03,1.131142711063711559e+00,3.650216580206742219e+04,3.197059028867292341e+02
4.480000000000000426e+01,2.212604155146378616e+03,1.132300280814256377e+00,3.650617887423957291e+04,3.197219327909652975e+02
4.490000000000000568e+01,2.211751034746574987e+03,1.133455983116672616e+00,3.651016831812486635e+04,3.197379350756111194e+02
4.500000000000000000e+01,2.210898937734130413e+03,1.134609827786211333e+00,3.651413430638420687e+04,3.197539098750564222e+02
4.510000000000000142e+01,2.210047858454683137e+03,1.135761824630006522e+00,3.651807701507943420e+04,3.197698573232661943e+02
4.520000000000000284e+01,2.209197791241216692e+03,1.136911983447072672e+00,3.652199662367329438e+04,3.197857775537811449e+02
4.530000000000000426e+01,2.208348730414056718e+03,1.138060314028306763e+00,3.652589331502943242e+04,3.198016706997173628e+02
4.540000000000000568e+01,2.207500670280875056e+03,1.139206826156487606e+00,3.652976727541244327e+04,3.198175368937663166e+02
4.550000000000000000e+01,2.206653605136686565e+03,1.140351529606276060e+00,3.653361869448781363e+04,3.198333762681951384e+02
4.560000000000000142e+01,2.205807529263850483e+03,1.141494434144214587e+00,3.653744776532195101e+04,3.198491889548463973e+02
4.570000000000000284e+01,2.204962436932070432e+03,1.142635549528727479e+00,3.654125468438217649e+04,3.198649750851380418e+02
4.580000000000000426e+01,2.204118322398393957e+03,1.143774885510121075e+00,3.654503965153673926e+04,3.198807347900635705e+02
4.590000000000000568e+01,2.203275179907212532e+03,1.144912451830583544e+00,3.654880287005478021e+04,3.198964682001920892e+02
4.600000000000000000e+01,2.202433003690262467e+03,1.146048258224184879e+00,3.655254454660639021e+04,3.199121754456679696e+02
4.610000000000000142e+01,2.201591787966624452e+03,1.147182314416876903e+00,3.655626489126253728e+04,3.199278566562111905e+02
4.620000000000000284e+01,2.200751526942721739e+03,1.148314630126493263e+00,3.655996411749514664e+04,3.199435119611172240e+02
4.630000000000000426e+01,2.199912214812323327e+03,1.149445215062749659e+00,3.656364244217701344e+04,3.199591414892570356e+02
4.640000000000000568e+01,2.199073845756541687e+03,1.150574078927243615e+00,3.656730008558189002e+04,3.199747453690769703e+02
4.650000000000000000e+01,2.198236413943834123e+03,1.151701231413454263e+00,3.657093727138442046e+04,3.199903237285989803e+02
4.660000000000000142e+01,2.197399913530000958e+03,1.152826682206743003e+00,3.657455422666016966e+04,3.200058766954204543e+02
4.670000000000000284e+01,2.196564338658187808e+03,1.153950440984352843e+00,3.657815118188562337e+04,3.200214043967142743e+02
4.680000000000000426e+01,2.195729683458884210e+03,1.155072517415408839e+00,3.658172837093818089e+04,3.200369069592287019e+02
4.690000000000000568e+01,2.194889237397550914e+03,1.156225048096658048e+00,3.658411306654592045e+04,3.200526237349359917e+02
4.700000000000000000e+01,2.194035924435541347e+03,1.157448632366988361e+00,3.658349880519656290e+04,3.200688579203611539e+02
4.710000000000000142e+01,2.193174598752538714e+03,1.158730680254235201e+00,3.657982782046921056e+04,3.200855171995852970e+02
4.720000000000000284e+01,2.192309904263932822e+03,1.160058806459181024e+00,3.657307256228900224e+04,3.201025107648645758e+02
4.730000000000000426e+01,2.191446158697602641e+03,1.161421361731433510e+00,3.656321746111072571e+04,3.201197532705044750e+02
4.740000000000000568e+01,2.190587353593911303e+03,1.162807432869424451e+00,3.655025892791886145e+04,3.201371648328599235e+02
4.750000000000000000e+01,2.189737154305709737e+03,1.164206842720411306e+00,3.653420535422758257e+04,3.201546710303352370e+02
4.760000000000000142e+01,2.188898899998334855e+03,1.165610150180475868e+00,3.651507711208073306e+04,3.201722029033841750e+02
4.770000000000000284e+01,2.188075603649610457e+03,1.167008650194524266e+00,3.649290655405182770e+04,3.201896969545099410e+02
4.780000000000000426e+01,2.187269952049846779e+03,1.168394373756288296e+00,3.646773801324408123e+04,3.202070951482651253e+02
4.790000000000000568e+01,2.186484305801840492e+03,1.169760087908323865e+00,3.643962780329037923e+04,3.202243449112515918e+02
4.800000000000000000e+01,2.185720699320875156e+03,1.171099295742011659e+00,3.640864421835329995e+04,3.202413991321208186e+02
4.810000000000000142e+01,2.184980840834720311e+03,1.172406236397557588e+00,3.637486753312507790e+04,3.202582161615736140e+02
4.820000000000000284e+01,2.184266112383631935e+03,1.173675885063991675e+00,3.633839000282764755e+04,3.202747598123601165e+02
4.830000000000000426e+01,2.183577569820353801e+03,1.174903952979169608e+00,3.629931586321262876e+04,3.202909993592800788e+02
4.840000000000000568e+01,2.182915942810114757e+03,1.176086887429770744e+00,3.625776133056131221e+04,3.203069095391824135e+02
4.850000000000000000e+01,2.182281634830630992e+03,1.177221871751299886e+00,3.621385460168468126e+04,3.203224705509655905e+02
4.860000000000000142e+01,2.181674723172104677e+03,1.178306825328086838e+00,3.616773585392337554e+04,3.203376680555775238e+02
4.870000000000000284e+01,2.181094958937225329e+03,1.179340403593285513e+00,3.611955724514773465e+04,3.203524931760154573e+02
4.880000000000000426e+01,2.180541767041168441e+03,1.180321998028874830e+00,3.606948291375779081e+04,3.203669424973260220e+02
4.890000000000000568e+01,2.180014246211595491e+03,1.181251736165658928e+00,3.601768897868323256e+04,3.203810180666052929e+02
4.900000000000000000e+01,2.179511168988656209e+03,1.182130481583265835e+00,3.596436353938344109e+04,3.203947273929988455e+02
4.910000000000000142e+01,2.179030981724984940e+03,1.182959833910149250e+00,3.590970667584748298e+04,3.204080834477015856e+02
4.920000000000000284e+01,2.178571804585703831e+03,1.183742128823586981e+00,3.585393044859409565e+04,3.204211046639577489e+02
4.930000000000000426e+01,2.178131431548421460e+03,1.184480438049681839e+00,3.579725889867170918e+04,3.204338149370611291e+02
4.940000000000000568e+01,2.177707330403231481e+03,1.185178569363361412e+00,3.573992804765842448e+04,3.204462436243549064e+02
4.950000000000000000e+01,2.177296642752716707e+03,1.185841066588378290e+00,3.568218589766202786e+04,3.204584255452314778e+02
4.960000000000000142e+01,2.176896184011943660e+03,1.186473209597309175e+00,3.562429243131999101e+04,3.204704009811329684e+02
4.970000000000000284e+01,2.176502443408468025e+03,1.187081014311556437e+00,3.556651961179945647e+04,3.204822156755506626e+02
4.980000000000000426e+01,2.176111583982329648e+03,1.187671232701346336e+00,3.550915138279725943e+04,3.204939208340253458e+02
4.990000000000000568e+01,2.175719442586056630e+03,1.188251352785730353e+00,3.545248366853991320e+04,3.205055731241472472e+02
5.000000000000000000e+01,2.175321529884663050e+03,1.188829598632584750e+00,3.539682437378360191e+04,3.205172346755559829e+02
5.010000000000000142e+01,2.174913030355649425e+03,1.189414930358610567e+00,3.534249338381420966e+04,3.205289730799404992e+02
5.020000000000000284e+01,2.174488802289002706e+03,1.190017044129333401e+00,3.528982256444727682e+04,3.205408613910392432e+02
5.030000000000000426e+01,2.174043377787196732e+03,1.190646372159103850e+00,3.523915576202805096e+04,3.205529781246401058e+02
5.040000000000000568e+01,2.173570962765191780e+03,1.191314082711097067e+00,3.519084880343145051e+04,3.205654072585802510e+02
5.050000000000000000e+01,2.173065436950434105e+03,1.192032080097312763e+00,3.514526949606206472e+04,3.205782382327463438e+02
5.060000000000000142e+01,2.172520353882857307e+03,1.192813004678576316e+00,3.510279762785417552e+04,3.205915659490745497e+02
5.070000000000000284e+01,2.171928940914881423e+03,1.193670232864536773e+00,3.506382496727174293e+04,3.206054907715502509e+02
5.080000000000000426e+01,2.171284099211412013e+03,1.194617877113668847e+00,3.502875526330841240e+04,3.206201185262083300e+02
5.090000000000000568e+01,2.170578403749842892e+03,1.195670785933271363e+00,3.499800424548750743e+04,3.206355605011331136e+02
5.100000000000000000e+01,2.169804103320052945e+03,1.196844543879468148e+00,3.497199962386202969e+04,3.206519334464583721e+02
5.110000000000000142e+01,2.168953120524408405e+03,1.198155471557208029e+00,3.495118108901465894e+04,3.206693595743670926e+02
5.120000000000000284e+01,2.168020868403847999e+03,1.199613415691322293e+00,3.493576638602550520e+04,3.206879111722125799e+02
5.130000000000000426e+01,2.167063355956637679e+03,1.201113569112832957e+00,3.492226693685514329e+04,3.207067804848668402e+02
5.140000000000000568e+01,2.166101904876901699e+03,1.202616022549417574e+00,3.490935193082765909e+04,3.207256603099235690e+02
5.150000000000000000e+01,2.165136731774067812e+03,1.204120639394523851e+00,3.489698934139669291e+04,3.207445492538975031e+02
5.160000000000000142e+01,2.164168045150857779e+03,1.205627286105105167e+00,3.488514857982099784e+04,3.207634459551300097e+02
5.170000000000000284e+01,2.163196045403289190e+03,1.207135832201619907e+00,3.487380049516447616e+04,3.207823490837893132e+02
5.180000000000000426e+01,2.162220924820675464e+03,1.208646150268031239e+00,3.486291737429615023e+04,3.208012573418704392e+02
5.190000000000000568e+01,2.161242867585624026e+03,1.210158115951808444e+00,3.485247294189019885e+04,3.208201694631951568e+02
5.200000000000000000e+01,2.160262049774038132e+03,1.211671607963925146e+00,3.484244236042589182e+04,3.208390842134119225e+02
5.210000000000000142e+01,2.159278639355117321e+03,1.213186508078860637e+00,3.483280223018767720e+04,3.208580003899961071e+02
5.220000000000000284e+01,2.158292796191354228e+03,1.214702701134599661e+00,3.482353058926510857e+04,3.208769168222497115e+02
5.230000000000000426e+01,2.157304672038538229e+03,1.216220075032631742e+00,3.481460691355288145e+04,3.208958323713017080e+02
5.240000000000000568e+01,2.156314410545754072e+03,1.217738520737951857e+00,3.480601211675081868e+04,3.209147459301075855e+02
5.250000000000000000e+01,2.155322147255380969e+03,1.219257932279059986e+00,3.479772855036388501e+04,3.209336564234498610e+02
5.260000000000000142e+01,2.154328009603093506e+03,1.220778206747961780e+00,3.478974000370217254e+04,3.209525628079376247e+02
5.270000000000000284e+01,2.153332116917862095e+03,1.222299244300167675e+00,3.478203170388090075e+04,3.209714640720068815e+02
5.280000000000000426e+01,2.152334580421951614e+03,1.223820948154693777e+00,3.477459031582043826e+04,3.209903592359203230e+02
5.290000000000000568e+01,2.151335503230922768e+03,1.225343224594060754e+00,3.476740394224626652e+04,3.210092473517674421e+02
5.300000000000000000e+01,2.150334980353631636e+03,1.226865982964295165e+00,3.476046212368901615e+04,3.210281275034644750e+02
5.310000000000000142e+01,2.149333098692228305e+03,1.228389135674928578e+00,3.475375583848443785e+04,3.210469988067545160e+02
5.320000000000000284e+01,2.148329937042160054e+03,1.229912598198997786e+00,3.474727750277343148e+04,3.210658604092073460e+02
5.330000000000000426e+01,2.147325566092168174e+03,1.231436289073044588e+00,3.474102097050201701e+04,3.210847114902195472e+02
5.340000000000000568e+01,2.146320048424288871e+03,1.232960129897116452e+00,3.473498153342134901e+04,3.211035512610145020e+02
5.350000000000000000e+01,2.145313438513854635e+03,1.234484045334765412e+00,3.472915592108770943e+04,3.211223789646423370e+02
5.360000000000000142e+01,2.144305782729492421e+03,1.236007963113049613e+00,3.472354230086253665e+04,3.211411938759799796e+02
5.370000000000000284e+01,2.143297119333125011e+03,1.237531814022531762e+00,3.471814027791237459e+04,3.211599953017310440e+02
5.380000000000000426e+01,2.142287478479969650e+03,1.239055531917280017e+00,3.471295089520891634e+04,3.211787825804260592e+02
5.390000000000000568e+01,2.141276882218539413e+03,1.240579053714867763e+00,3.470797663352897507e+04,3.211975550824222410e+02
5.400000000000000000e+01,2.140265344490643201e+03,1.242102319396373389e+00,3.470322141145451315e+04,3.212163122099034922e+02
5.410000000000000142e+01,2.139252871131383927e+03,1.243625272006381177e+00,3.469869058537261299e+04,3.212350533968807440e+02
5.420000000000000284e+01,2.138239459869159873e+03,1.245147857652979750e+00,3.469439094947549165e+04,3.212537781091914439e+02
5.430000000000000426e+01,2.137225100325666062e+03,1.246670025507763624e+00,3.469033073576051538e+04,3.212724858444998972e+02
5.440000000000000568e+01,2.136209774015890616e+03,1.248191727805832318e+00,3.468651961403014866e+04,3.212911761322973234e+02
5.450000000000000000e+01,2.135193454348118848e+03,1.249712919845790360e+00,3.468296869189203426e+04,3.213098485339014587e+02
5.460000000000000142e+01,2.134176106623929627e+03,1.251233559989747723e+00,3.467969051475890592e+04,3.213285026424569537e+02
5.470000000000000284e+01,2.133157688038198557e+03,1.252753609663320056e+00,3.467669906584864657e+04,3.213471380829353166e+02
5.480000000000000426e+01,2.132138147679095709e+03,1.254273033355627343e+00,3.467400976618428831e+04,3.213657545121346857e+02
5.490000000000000568e+01,2.131117426528086071e+03,1.255791798619295241e+00,3.467163947459397605e+04,3.213843516186800002e+02
5.500000000000000000e+01,2.130095457459930458e+03,1.257309876070454857e+00,3.466960648771098931e+04,3.214029291230230001e+02
5.510000000000000142e+01,2.129072165242685514e+03,1.258827239388742081e+00,3.466793053997374227e+04,3.214214867774422260e+02
5.520000000000000284e+01,2.128047466537701439e+03,1.260343865317298473e+00,3.466663280362579098e+04,3.214400243660429624e+02
5.530000000000000426e+01,2.127021269899625167e+03,1.261859733662770600e+00,3.466573588871581160e+04,3.214585417047572946e+02
5.540000000000000568e+01,2.125993475776398100e+03,1.263374827295310254e+00,3.466526384309762943e+04,3.214770386413439383e+02
5.550000000000000000e+01,2.124964324339745872e+03,1.264888918940766382e+00,3.466519026642010431e+04,3.214955129962935985e+02
5.560000000000000142e+01,2.123934906363446771e+03,1.266401300902772142e+00,3.466535701282652008e+04,3.215139579719669882e+02
5.570000000000000284e+01,2.122905362169339242e+03,1.267911894942979290e+00,3.466574215500715218e+04,3.215323728722700594e+02
5.580000000000000426e+01,2.121875748297608880e+03,1.269420675493120987e+00,3.466633611002317775e+04,3.215507575103493423e+02
5.590000000000000568e+01,2.120846120002623138e+03,1.270927617407205501e+00,3.466712953289908910e+04,3.215691117032089323e+02
5.600000000000000000e+01,2.119816531252929963e+03,1.272432695961516425e+00,3.466811331662266457e+04,3.215874352717108309e+02
5.610000000000000142e+01,2.118787034731260064e+03,1.273935886854612454e+00,3.466927859214498312e+04,3.216057280405748884e+02
5.620000000000000284e+01,2.117757681834524647e+03,1.275437166207327833e+00,3.467061672838041704e+04,3.216239898383786340e+02
5.630000000000000426e+01,2.116728522673817679e+03,1.276936510562771687e+00,3.467211933220663923e+04,3.216422204975575596e+02
5.640000000000000568e+01,2.115699606074413168e+03,1.278433896886328691e+00,3.467377824846460135e+04,3.216604198544047790e+02
5.650000000000000000e+01,2.114670979575768797e+03,1.279929302565658178e+00,3.467558555995857751e+04,3.216785877490713688e+02
5.660000000000000142e+01,2.113642689431520921e+03,1.281422705410695473e+00,3.467753358745612059e+04,3.216967240255660272e+02
5.670000000000000284e+01,2.112614780609490481e+03,1.282914083653651005e+00,3.467961488968807680e+04,3.217148285317554723e+02
5.680000000000000426e+01,2.111587296791677545e+03,1.284403415949009863e+00,3.468182226334860752e+04,3.217329011193640440e+02
5.690000000000000568e+01,2.110560280374264948e+03,1.285890681373532907e+00,3.468414874309513834e+04,3.217509416439739311e+02
5.700000000000000000e+01,2.109533772467616927e+03,1.287375859426256319e+00,3.468658760154842457e+04,3.217689499650251150e+02
5.710000000000000142e+01,2.108507812896279120e+03,1.288858930028490946e+00,3.468913234929250029e+04,3.217869259458154829e+02
5.720000000000000284e+01,2.107482440198979020e+03,1.290339873523823844e+00,3.469177673487469292e+04,3.218048694535005438e+02
5.730000000000000426e+01,2.106457691628625071e+03,1.291818670678116066e+00,3.469451474480563047e+04,3.218227803590937697e+02
5.740000000000000568e+01,2.105433603152308024e+03,1.293295302679505099e+00,3.469734060355924157e+04,3.218406585374663678e+02
5.750000000000000000e+01,2.104410209451299579e+03,1.294769751138402647e+00,3.470024877357273363e+04,3.218585038673472809e+02
5.760000000000000142e+01,2.103387543921052838e+03,1.296241998087496627e+00,3.470323395524664375e+04,3.218763162313233011e+02
5.770000000000000284e+01,2.102365638671203669e+03,1.297712025981749617e+00,3.470629108694476599e+04,3.218940955158391262e+02
5.780000000000000426e+01,2.101344524525567522e+03,1.299179817698399297e+00,3.470941534499420959e+04,3.219118416111971328e+02
5.790000000000000568e+01,2.100324231022143522e+03,1.300645356536958896e+00,3.471260214368538436e+04,3.219295544115574330e+02
5.800000000000000000e+01,2.099304786413111287e+03,1.302108626219216969e+00,3.471584713527199347e+04,3.219472338149381017e+02
5.810000000000000142e+01,2.098286217664830929e+03,1.303569610889237396e+00,3.471914620997101883e+04,3.219648797232150059e+02
5.820000000000000284e+01,2.097268550457846686e+03,1.305028295113358716e+00,3.472249549596275756e+04,3.219824920421216348e+02
5.830000000000000426e+01,2.096251809186881928e+03,1.306484663880195018e+00,3.472589135939080734e+04,3.220000706812494400e+02
5.840000000000000568e+01,2.095236016960842790e+03,1.307938702600636161e+00,3.472933040436203737e+04,3.220176155540476088e+02
5.850000000000000000e+01,2.094221195602816806e+03,1.309390397107846216e+00,3.473280947294662474e+04,3.220351265778231777e+02
5.860000000000000142e+01,2.093207365650072461e+03,1.310839733657265693e+00,3.473632564517805440e+04,3.220526036737409754e+02
5.870000000000000284e+01,2.092194546354061458e+03,1.312286698926609319e+00,3.473987623905309738e+04,3.220700467668235660e+02
5.880000000000000426e+01,2.091182755680414630e+03,1.313731280015867364e+00,3.474345881053181802e+04,3.220874557859513061e+02
5.890000000000000568e+01,2.090172010308946028e+03,1.315173464447305651e+00,3.474707115353757399e+04,3.221048306638625149e+02
5.900000000000000000e+01,2.089162325633651562e+03,1.316613240165465104e+00,3.475071129995702358e+04,3.221221713371531337e+02
5.910000000000000142e+01,2.088153715762706724e+03,1.318050595537161529e+00,3.475437751964013296e+04,3.221394777462770094e+02
5.920000000000000284e+01,2.087146193518470682e+03,1.319485519351486724e+00,3.475806832040013978e+04,3.221567498355456678e+02
5.930000000000000426e+01,2.086139770437483094e+03,1.320918000819806926e+00,3.476178244801360415e+04,3.221739875531286543e+02
5.940000000000000568e+01,2.085134456770465476e+03,1.322348029575764139e+00,3.476551888622035040e+04,3.221911908510530225e+02
5.950000000000000000e+01,2.084130261482320293e+03,1.323775595675275252e+00,3.476927685672353255e+04,3.222083596852038454e+02
5.960000000000000142e+01,2.083127192252132772e+03,1.325200689596532699e+00,3.477305581918957614e+04,3.222254940153239886e+02
5.970000000000000284e+01,2.082125255473168181e+03,1.326623302240004243e+00,3.477685547124821460e+04,3.222425938050139962e+02
5.980000000000000426e+01,2.081124456252875007e+03,1.328043424928432525e+00,3.478067574849247467e+04,3.222596590217323183e+02
5.990000000000000568e+01,2.080124798412881319e+03,1.329461049406835516e+00,3.478451682447866915e+04,3.222766896367950835e+02
6.000000000000000000e+01,2.079126284488998863e+03,1.330876167842506508e+00,3.478837911072643328e+04,3.222936856253763835e+02
6.010000000000000142e+01,2.078128915731219422e+03,1.332288772825014123e+00,3.479226325671866653e+04,3.223106469665080454e+02
6.020000000000000284e+01,2.077132692103717091e+03,1.333698857366202306e+00,3.479617014990158350e+04,3.223275736430795746e+02
6.030000000000000426e+01,2.076137612284846909e+03,1.335106414900189886e+00,3.480010091568468488e+04,3.223444656418384966e+02
6.040000000000000568e+01,2.075143673667145777e+03,1.336511439283371239e+00,3.480405691744078649e+04,3.223613229533899585e+02
6.050000000000000000e+01,2.074150872357332901e+03,1.337913924794415843e+00,3.480803975650596840e+04,3.223781455721969564e+02
6.060000000000000142e+01,2.073159203176307074e+03,1.339313866134268505e+00,3.481205127217963309e+04,3.223949334965803359e+02
6.070000000000000284e+01,2.072168659659150762e+03,1.340711258426149133e+00,3.481609354172446911e+04,3.224116867287187347e+02
6.080000000000000426e+01,2.071179234055126926e+03,1.342106097215552962e+00,3.482016888036645832e+04,3.224284052746485258e+02
6.090000000000000568e+01,2.070190917327680381e+03,1.343498378470250776e+00,3.482427984129489050e+04,3.224450891442639318e+02
6.100000000000000000e+01,2.069203699154436890e+03,1.344888098580287794e+00,3.482842921566233417e+04,3.224617383513169102e+02
6.110000000000000142e+01,2.068217567927204982e+03,1.346275254357985673e+00,3.483262003258466575e+04,3.224783529134173818e+02
6.120000000000000284e+01,2.067232510751973223e+03,1.347659843037940064e+00,3.483685555914105498e+04,3.224949328520329459e+02
6.130000000000000426e+01,2.066248513448912945e+03,1.349041862277022830e+00,3.484113930037395767e+04,3.225114781924889371e+02
6.140000000000000568e+01,2.065265560552376428e+03,1.350421310154380272e+00,3.484547499928915204e+04,3.225279889639685962e+02
6.150000000000000000e+01,2.064283635310897807e+03,1.351798185171434685e+00,3.484986663685567328e+04,3.225444651995129561e+02
6.160000000000000142e+01,2.063302719687192621e+03,1.353172486251883244e+00,3.485431843200589356e+04,3.225609069360208423e+02
6.170000000000000284e+01,2.062322794358157807e+03,1.354544212741698228e+00,3.485883484163545654e+04,3.225773142142488155e+02
6.180000000000000426e+01,2.061343838714872163e+03,1.355913364409127686e+00,3.486342056060329924e+04,3.225936870788113424e+02
6.190000000000000568e+01,2.060365830862595885e+03,1.357279941444694105e+00,3.486808052173166652e+04,3.226100255781806823e+02
6.200000000000000000e+01,2.059388747620770573e+03,1.358643944461195741e+00,3.487281989580609661e+04,3.226263297646867159e+02
6.210000000000000142e+01,2.058412564523019682e+03,1.360005374493706398e+00,3.487764409157541377e+04,3.226425996945174006e+02
6.220000000000000284e+01,2.057437255817148525e+03,1.361364232999574542e+00,3.488255875575175742e+04,3.226588354277182589e+02
6.230000000000000426e+01,2.056462794465142451e+03,1.362720521858423961e+00,3.488756977301054576e+04,3.226750370281927758e+02
6.240000000000000568e+01,2.055489152143170486e+03,1.364074243372153772e+00,3.489268326599049760e+04,3.226912045637020583e+02
6.250000000000000000e+01,2.054516299241581692e+03,1.365425400264938416e+00,3.489790559529363236e+04,3.227073381058652330e+02
6.260000000000000142e+01,2.053544204864906987e+03,1.366773995683227882e+00,3.490324335948526277e+04,3.227234377301591053e+02
6.270000000000000284e+01,2.052572836831859149e+03,1.368120033195746599e+00,3.490870339509398764e+04,3.227395035159182726e+02
6.280000000000000426e+01,2.051602161675332354e+03,1.369463516793494984e+00,3.491429277661172091e+04,3.227555355463351248e+02
6.290000000000000568e+01,2.050632144642402636e+03,1.370804450889748338e+00,3.492001881649366260e+04,3.227715339084599009e+02
6.300000000000000000e+01,2.049662749694326521e+03,1.372142840320057067e+00,3.492588906515829876e+04,3.227874986932006323e+02
6.310000000000000142e+01,2.048693939506543757e+03,1.373478690342247344e+00,3.493191131098742335e+04,3.228034299953231425e+02
6.320000000000000284e+01,2.047725675468674126e+03,1.374812006636420225e+00,3.493809358032613090e+04,3.228193279134509908e+02
6.330000000000000426e+01,2.046757917684519725e+03,1.376142795304952093e+00,3.494444413748280203e+04,3.228351925500656989e+02
6.340000000000000568e+01,2.045790624972064052e+03,1.377471062872494434e+00,3.495097148472911067e+04,3.228510240115064107e+02
6.350000000000000000e+01,2.044824292734832852e+03,1.378796545814586771e+00,3.495759703653866745e+04,3.228668201142573366e+02
6.360000000000000142e+01,2.043859634839772752e+03,1.380118887982225262e+00,3.496420468428277673e+04,3.228825778954652606e+02
6.370000000000000284e+01,2.042896647480231422e+03,1.381438104966633107e+00,3.497079354097133910e+04,3.228982975483783662e+02
6.380000000000000426e+01,2.041935322597331833e+03,1.382754214422259320e+00,3.497736341794860346e+04,3.229139792834718037e+02
6.390000000000000568e+01,2.040975652184190949e+03,1.384067233870166280e+00,3.498391412992793630e+04,3.229296233098078801e+02
6.400000000000000000e+01,2.040017628285921091e+03,1.385377180698030619e+00,3.499044549499181448e+04,3.229452298350361730e+02
6.410000000000000853e+01,2.039061242999628121e+03,1.386684072160142556e+00,3.499695733459185431e+04,3.229607990653938714e+02
6.420000000000000284e+01,2.038106488474413254e+03,1.387987925377405896e+00,3.500344947354879696e+04,3.229763312057051508e+02
6.429999999999999716e+01,2.037153356911371702e+03,1.389288757337338032e+00,3.500992174005249399e+04,3.229918264593817980e+02
6.440000000000000568e+01,2.036201840563593578e+03,1.390586584894070388e+00,3.501637396566192911e+04,3.230072850284228139e+02
6.450000000000000000e+01,2.035251931736163215e+03,1.391881424768347975e+00,3.502280598530520365e+04,3.230227071134144694e+02
6.460000000000000853e+01,2.034303622786159622e+03,1.393173293547529612e+00,3.502921763727955113e+04,3.230380929135304768e+02
6.470000000000000284e+01,2.033356906122656483e+03,1.394462207685587041e+00,3.503560876325132267e+04,3.230534426265318189e+02
6.479999999999999716e+01,2.032411774206721930e+03,1.395748183503107143e+00,3.504197920825598703e+04,3.230687564487669192e+02
6.490000000000000568e+01,2.031468219551418315e+03,1.397031237187289499e+00,3.504832882069814514e+04,3.230840345751713016e+02
6.500000000000000000e+01,2.030526234721803121e+03,1.398311384791947498e+00,3.505465745235152281e+04,3.230992771992680446e+02
6.510000000000000853e+01,2.029585812334927823e+03,1.399588642237508340e+00,3.506096495835895621e+04,3.231144845131674401e+02
6.520000000000000284e+01,2.028646945059838799e+03,1.400863025311013255e+00,3.506725119723242096e+04,3.231296567075672215e+02
6.529999999999999716e+01,2.027709625617576876e+03,1.402134549666116614e+00,3.507351603085301031e+04,3.231447939717522786e+02
6.540000000000000568e+01,2.026773846781177099e+03,1.403403230823087267e+00,3.507975932447092782e+04,3.231598964935950562e+02
6.550000000000000000e+01,2.025839601375669645e+03,1.404669084168806537e+00,3.508598094670551654e+04,3.231749644595550990e+02
6.560000000000000853e+01,2.024906882278078456e+03,1.405932124956770890e+00,3.509218076954524440e+04,3.231899980546793927e+02
6.570000000000000284e+01,2.023975682417423059e+03,1.407192368307089492e+00,3.509835866834768240e+04,3.232049974626023641e+02
6.579999999999999716e+01,2.023045994774716291e+03,1.408449829206485759e+00,3.510451452183954825e+04,3.232199628655455399e+02
6.590000000000000568e+01,2.022117812382966349e+03,1.409704522508296476e+00,3.511064821211667731e+04,3.232348944443180017e+02
6.600000000000000000e+01,2.021191128327175875e+03,1.410956462932472455e+00,3.511675962464401528e+04,3.232497923783159877e+02
6.610000000000000853e+01,2.020265935744341732e+03,1.412205665065577875e+00,3.512284864825564000e+04,3.232646568455231773e+02
6.620000000000000284e+01,2.019342227823455687e+03,1.413452143360790725e+00,3.512891517515475425e+04,3.232794880225105203e+02
6.629999999999999716e+01,2.018419997805503726e+03,1.414695912137902800e+00,3.513495910091368569e+04,3.232942860844363508e+02
6.640000000000000568e+01,2.017499238983466512e+03,1.415936985583320151e+00,3.514098032447387959e+04,3.233090512050463303e+02
6.650000000000000000e+01,2.016579944702319608e+03,1.417175377750061083e+00,3.514697874814590614e+04,3.233237835566733906e+02
6.660000000000000853e+01,2.015662108359032118e+03,1.418411102557759262e+00,3.515295427760946041e+04,3.233384833102377911e+02
6.670000000000000284e+01,2.014745723402568728e+03,1.419644173792660613e+00,3.515890682191335509e+04,3.233531506352472888e+02
6.679999999999999716e+01,2.013830783333888121e+03,1.420874605107625976e+00,3.516483629347554233e+04,3.233677856997967410e+02
6.690000000000000568e+01,2.012917281705943651e+03,1.422102410022129337e+00,3.517074260808307736e+04,3.233823886705684458e+02
6.700000000000000000e+01,2.012005212123683123e+03,1.423327601922258268e+00,3.517662568489215482e+04,3.233969597128321425e+02
6.710000000000000853e+01,2.011094568244049015e+03,1.424550194060714370e+00,3.518248544642807974e+04,3.234114989904446702e+02
6.720000000000000284e+01,2.010185343775978481e+03,1.425770199556812612e+00,3.518832181858528929e+04,3.234260066658503661e+02
6.729999999999999716e+01,2.009277532480402670e+03,1.426987631396481992e+00,3.519413473062733829e+04,3.234404829000808945e+02
6.740000000000000568e+01,2.008371128170247403e+03,1.428202502432265097e+00,3.519992411518690642e+04,3.234549278527551337e+02
6.750000000000000000e+01,2.007466124710433860e+03,1.429414825383318322e+00,3.520568990826580557e+04,3.234693416820794027e+02
6.760000000000000853e+01,2.006562516017876533e+03,1.430624612835411869e+00,3.521143204923495796e+04,3.234837245448473482e+02
6.770000000000000284e+01,2.005660296061485496e+03,1.431831877240928863e+00,3.521715048083441070e+04,3.234980765964398302e+02
6.779999999999999716e+01,2.004759458862164820e+03,1.433036630918867127e+00,3.522284514917334309e+04,3.235123979908252636e+02
6.790000000000000568e+01,2.003859998492812792e+03,1.434238886054837847e+00,3.522851600373005203e+04,3.235266888805591634e+02
6.800000000000000000e+01,2.002961909078323288e+03,1.435438654701065575e+00,3.523416299735195935e+04,3.235409494167845423e+02
6.810000000000000853e+01,2.002065184795583264e+03,1.436635948776389560e+00,3.523978608625560446e+04,3.235551797492315700e+02
6.820000000000000284e+01,2.001169819873475717e+03,1.437830780066261083e+00,3.524538523002666625e+04,3.235693800262179707e+02
6.829999999999999716e+01,2.000275808592877411e+03,1.439023160222747011e+00,3.525096039161991939e+04,3.235835503946486256e+02
6.840000000000000568e+01,1.999383145286659101e+03,1.440213100764526688e+00,3.525651153735928528e+04,3.235976910000158000e+02
6.850000000000000000e+01,1.998491824339687355e+03,1.441400613076893489e+00,3.526203863693780295e+04,3.236118019863991435e+02
6.860000000000000853e+01,1.997601840188822280e+03,1.442585708411754597e+00,3.526754166341762902e+04,3.236258834964655193e+02
6.870000000000000284e+01,1.996713187322919111e+03,1.443768397887630783e+00,3.527302059323005233e+04,3.236399356714692885e+02
6.879999999999999716e+01,1.995825860282827080e+03,1.444948692489656406e+00,3.527847540617547929e+04,3.236539586512519122e+02
6.890000000000000568e+01,1.994939853661390316e+03,1.446126603069580518e+00,3.528390608542344125e+04,3.236679525742424630e+02
6.900000000000000000e+01,1.994055162103447401e+03,1.447302140345763988e+00,3.528931261751258717e+04,3.236819175774571136e+02
6.910000000000000853e+01,1.993171780305831362e+03,1.448475314903183486e+00,3.529469499235069088e+04,3.236958537964994775e+02
6.920000000000000284e+01,1.992289703017370357e+03,1.449646137193427498e+00,3.530005320321466570e+04,3.237097613655604391e+02
6.929999999999999716e+01,1.991408925038885855e+03,1.450814617534699869e+00,3.530538724675052799e+04,3.237236404174183804e+02
6.940000000000000568e+01,1.990529441223194908e+03,1.451980766111816923e+00,3.531069712297342630e+04,3.237374910834387265e+02
6.950000000000000000e+01,1.989651246475108792e+03,1.453144592976209459e+00,3.531598283526762680e+04,3.237513134935745143e+02
6.960000000000000853e+01,1.988774335751433227e+03,1.454306108045921642e+00,3.532124439038652781e+04,3.237651077763659373e+02
6.970000000000000284e+01,1.987898704060968612e+03,1.455465321105611221e+00,3.532648179845264531e+04,3.237788740589405734e+02
6.979999999999999716e+01,1.987024346464509790e+03,1.456622241806550200e+00,3.533169507295762014e+04,3.237926124670133277e+02
6.990000000000000568e+01,1.986151258074846055e+03,1.457776879666623726e+00,3.533688423076221807e+04,3.238063231248865463e+02
7.000000000000000000e+01,1.985279434056761602e+03,1.458929244070330755e+00,3.534204929209632246e+04,3.238200061554496756e+02
7.010000000000000853e+01,1.984408869627034619e+03,1.460079344268784274e+00,3.534719028055894159e+04,3.238336616801797163e+02
7.020000000000000284e+01,1.983539560054438198e+03,1.461227189379710634e+00,3.535230722311821592e+04,3.238472898191408262e+02
7.029999999999999716e+01,1.982671500659739877e+03,1.462372788387450218e+00,3.535740015011140349e+04,3.238608906909846041e+02
7.040000000000000568e+01,1.981804686815701871e+03,1.463516150142956995e+00,3.536246909524487273e+04,3.238744644129500330e+02
7.050000000000000000e+01,1.980939113947080614e+03,1.464657283363798079e+00,3.536751409559413878e+04,3.238880111008632525e+02
7.060000000000000853e+01,1.980074777530627216e+03,1.465796196634155502e+00,3.537253519160381984e+04,3.239015308691378436e+02
7.070000000000000284e+01,1.979211673095087463e+03,1.466932898404823771e+00,3.537753242708767357e+04,3.239150238307747145e+02
7.079999999999999716e+01,1.978349796221201586e+03,1.468067396993211871e+00,3.538250584922857524e+04,3.239284900973621006e+02
7.090000000000000568e+01,1.977489142541704268e+03,1.469199700583342594e+00,3.538745550857851049e+04,3.239419297790755650e+02
7.100000000000000000e+01,1.976629707741324864e+03,1.470329817225851432e+00,3.539238145905861165e+04,3.239553429846779977e+02
7.110000000000000853e+01,1.975771487556787179e+03,1.471457754837988796e+00,3.539728375795911415e+04,3.239687298215196165e+02
7.120000000000000284e+01,1.974914477776809690e+03,1.472583521203618018e+00,3.540216246593938558e+04,3.239820903955379663e+02
7.129999999999999716e+01,1.974058674242105099e+03,1.473707123973216460e+00,3.540701764702791843e+04,3.239954248112579762e+02
7.140000000000000568e+01,1.973204072845380779e+03,1.474828570663875515e+00,3.541184936862232280e+04,3.240087331717918460e+02
7.150000000000000000e+01,1.972350669531338781e+03,1.475947868659299278e+00,3.541665770148934826e+04,3.240220155788390457e+02
7.160000000000000853e+01,1.971498460296675603e+03,1.477065025209806759e+00,3.542144271976483287e+04,3.240352721326866003e+02
7.170000000000000284e+01,1.970647441190082645e+03,1.478180047432329669e+00,3.542620450095378328e+04,3.240485029322086348e+02
7.179999999999999716e+01,1.969797608312244847e+03,1.479292942310414194e+00,3.543094312593028735e+04,3.240617080748666581e+02
7.190000000000000568e+01,1.968948957815842732e+03,1.480403716694219884e+00,3.543565867893758696e+04,3.240748876567096204e+02
7.200000000000000000e+01,1.968101485905550817e+03,1.481512377300519878e+00,3.544035124758802704e+04,3.240880417723737423e+02
7.210000000000000853e+01,1.967255188838038066e+03,1.482618930712701566e+00,3.544502092286308471e+04,3.241011705150825151e+02
7.220000000000000284e+01,1.966410062921968574e+03,1.483723383380764815e+00,3.544966779911336926e+04,3.241142739766468139e+02
7.229999999999999716e+01,1.965566104518000429e+03,1.484825741621324857e+00,3.545429197405860032e+04,3.241273522474648416e+02
7.240000000000000568e+01,1.964723310038786394e+03,1.485926011617609621e+00,3.545889354878762242e+04,3.241404054165221282e+02
7.250000000000000000e+01,1.963881675948973907e+03,1.487024199419460846e+00,3.546347262775839772e+04,3.241534335713915880e+02
7.260000000000000853e+01,1.963041198765204399e+03,1.488120310943334079e+00,3.546802931879803509e+04,3.241664367982333488e+02
7.270000000000000284e+01,1.962201875056114886e+03,1.489214351972298678e+00,3.547256373310273921e+04,3.241794151817949796e+02
7.279999999999999716e+01,1.961363701442335923e+03,1.490306328156037363e+00,3.547707598523785418e+04,3.241923688054113768e+02
7.290000000000000568e+01,1.960526674596492740e+03,1.491396245010847332e+00,3.548156619313784176e+04,3.242052977510046503e+02
7.300000000000000000e+01,1.959690791243205922e+03,1.492484107919638481e+00,3.548603447810628859e+04,3.242182020990844080e+02
7.310000000000000853e+01,1.958856048159089596e+03,1.493569922131935401e+00,3.549048096481590619e+04,3.242310819287474146e+02
7.320000000000000284e+01,1.958022442172753017e+03,1.494653692763875386e+00,3.549490578130853100e+04,3.242439373176779327e+02
7.329999999999999716e+01,1.957189970164799433e+03,1.495735424798210200e+00,3.549930905899510981e+04,3.242567683421474953e+02
7.340000000000000568e+01,1.956358629067827451e+03,1.496815123084305199e+00,3.550369093265572883e+04,3.242695750770148493e+02
7.350000000000000000e+01,1.955528415866429441e+03,1.497892792338139101e+00,3.550805154043959192e+04,3.242823575957262392e+02
7.360000000000000853e+01,1.954699327597192678e+03,1.498968437142304877e+00,3.551239102386502054e+04,3.242951159703152371e+02
7.370000000000000284e+01,1.953871361348698883e+03,1.500042061946008642e+00,3.551670952781946835e+04,3.243078502714025717e+02
7.379999999999999716e+01,1.953044514261524682e+03,1.501113671065070543e+00,3.552100720055950660e+04,3.243205605681965267e+02
7.390000000000000568e+01,1.952218783528240238e+03,1.502183268681924533e+00,3.552528419371083146e+04,3.243332469284925423e+02
7.400000000000000000e+01,1.951394166393411524e+03,1.503250858845617710e+00,3.552954066226826399e+04,3.243459094186734433e+02
7.410000000000000853e+01,1.950570660153597828e+03,1.504316445471811869e+00,3.553377676459575014e+04,3.243585481037094951e+02
7.420000000000000284e+01,1.949748262157354020e+03,1.505380032342781504e+00,3.553799266242634621e+04,3.243711630471581202e+02
7.429999999999999716e+01,1.948926969805228964e+03,1.506441623107415140e+00,3.554218852086224797e+04,3.243837543111641821e+02
7.440000000000000568e+01,1.948106780549765972e+03,1.507501221281215775e+00,3.554636450837476877e+04,3.243963219564598148e+02
7.450000000000000000e+01,1.947287691895503485e+03,1.508558830246298887e+00,3.555052079680434690e+04,3.244088660423645365e+02
7.460000000000000853e+01,1.946469701398973484e+03,1.509614453251394428e+00,3.555465756136053824e+04,3.244213866267851927e+02
7.470000000000000284e+01,1.945652806668703533e+03,1.510668093411845936e+00,3.555877498062203085e+04,3.244338837662159563e+02
7.479999999999999716e+01,1.944837005365215191e+03,1.511719753709610536e+00,3.556287323653661588e+04,3.244463575157382706e+02
7.490000000000000568e+01,1.944022295201024235e+03,1.512769436993259164e+00,3.556695251442124572e+04,3.244588079290210203e+02
7.500000000000000000e+01,1.943208673940641802e+03,1.513817145977976342e+00,3.557101300296195404e+04,3.244712350583203033e+02
7.510000000000000853e+01,1.942396139400573020e+03,1.514862883245560399e+00,3.557505489421392122e+04,3.244836389544796020e+02
7.520000000000000284e+01,1.941584689449317466e+03,1.515906651244423475e+00,3.557907838360145251e+04,3.244960196669297829e+02
7.529999999999999716e+01,1.940774322007369847e+03,1.516948452289591298e+00,3.558308366991796356e+04,3.245083772436889831e+02
7.540000000000000568e+01,1.939965035047218635e+03,1.517988288562703403e+00,3.558707095532600943e+04,3.245207117313627236e+02
7.550000000000000000e+01,1.939156826593347432e+03,1.519026162112012912e+00,3.559104044535724825e+04,3.245330231751437395e+02
7.560000000000000853e+01,1.938349694722233835e+03,1.520062074852386536e+00,3.559499234891248489e+04,3.245453116188122067e+02
7.570000000000000284e+01,1.937543637562350796e+03,1.521096028565305014e+00,3.559892687826162000e+04,3.245575771047355715e+02
7.579999999999999716e+01,1.936738653294165033e+03,1.522128024898862453e+00,3.560284424904370826e+04,3.245698196738687216e+02
7.590000000000000568e+01,1.935934740150137713e+03,1.523158065367767433e+00,3.560674468026690738e+04,3.245820393657537579e+02
7.600000000000000000e+01,1.935131896414725588e+03,1.524186151353340790e+00,3.561062839430849272e+04,3.245942362185201091e+02
7.610000000000000853e+01,1.934330120424378947e+03,1.525212284103518945e+00,3.561449561691489362e+04,3.246064102688846447e+02
7.620000000000000284e+01,1.933529410567542755e+03,1.526236464732850129e+00,3.561834657720162068e+04,3.246185615521514478e+02
7.629999999999999716e+01,1.932729765284656651e+03,1.527258694222497715e+00,3.562218150765334576e+04,3.246306901022120428e+02
7.640000000000000568e+01,1.931931183068154951e+03,1.528278973420238440e+00,3.562600064412383654e+04,3.246427959515451676e+02
7.650000000000000000e+01,1.931133346336958766e+03,1.529297741912398312e+00,3.562982072076940676e+04,3.246548824392987740e+02
7.660000000000000853e+01,1.930335932758232502e+03,1.530315449787677418e+00,3.563365831126943522e+04,3.246669529909047469e+02
7.670000000000000284e+01,1.929538958745803711e+03,1.531332078881071368e+00,3.563751210271754098e+04,3.246790075059075775e+02
7.680000000000001137e+01,1.928742440564792105e+03,1.532347611203833893e+00,3.564138079330006440e+04,3.246910458849899896e+02
7.690000000000000568e+01,1.927946394276614683e+03,1.533362029019655237e+00,3.564526309518320340e+04,3.247030680305470582e+02
7.700000000000000000e+01,1.927150835738984597e+03,1.534375314844663496e+00,3.564915773451301357e+04,3.247150738466860957e+02
7.710000000000000853e+01,1.926355780605912059e+03,1.535387451447424612e+00,3.565306345141542988e+04,3.247270632392264247e+02
7.720000000000000284e+01,1.925561244327705026e+03,1.536398421848941487e+00,3.565697899999625224e+04,3.247390361156999461e+02
7.730000000000001137e+01,1.924767242150966922e+03,1.537408209322655317e+00,3.566090314834114542e+04,3.247509923853505143e+02
7.740000000000000568e+01,1.923973789118599598e+03,1.538416797394444258e+00,3.566483467851563910e+04,3.247629319591342778e+02
7.750000000000000000e+01,1.923180900069800146e+03,1.539424169842624091e+00,3.566877238656513509e+04,3.247748547497197364e+02
7.760000000000000853e+01,1.922388589640063856e+03,1.540430310697948668e+00,3.567271508251490013e+04,3.247867606714875137e+02
7.770000000000000284e+01,1.921596872261182625e+03,1.541435204243608803e+00,3.567666159037006582e+04,3.247986496405305274e+02
7.780000000000001137e+01,1.920805762161244502e+03,1.542438835015232934e+00,3.568061074811562867e+04,3.248105215746538192e+02
7.790000000000000568e+01,1.920015273364635277e+03,1.543441187800887349e+00,3.568456140771646460e+04,3.248223763933747250e+02
7.800000000000000000e+01,1.919225419692037576e+03,1.544442247641075516e+00,3.568851243511729990e+04,3.248342140179229318e+02
7.810000000000000853e+01,1.918436214760429948e+03,1.545441999828738977e+00,3.569246271024274029e+04,3.248460343712401368e+02
7.820000000000000284e+01,1.917647671983088912e+03,1.546440429909256231e+00,3.569641112699724908e+04,3.248578373779805020e+02
7.830000000000001137e+01,1.916859804569587595e+03,1.547437523680443849e+00,3.570035659326516179e+04,3.248696229645101994e+02
7.840000000000000568e+01,1.916072625525795729e+03,1.548433267192555585e+00,3.570429803091068607e+04,3.248813910589078091e+02
7.850000000000000000e+01,1.915286147653880334e+03,1.549427646748283038e+00,3.570823437577788718e+04,3.248931415909639782e+02
7.860000000000000853e+01,1.914500383552304584e+03,1.550420648902754994e+00,3.571216457769070257e+04,3.249048744921818184e+02
7.870000000000000284e+01,1.913715345615829392e+03,1.551412260463538084e+00,3.571608760045293457e+04,3.249165896957764517e+02
7.880000000000001137e+01,1.912931046035512054e+03,1.552402468490636567e+00,3.572000242184825038e+04,3.249282871366753511e+02
7.890000000000000568e+01,1.912147496798706925e+03,1.553391260296491660e+00,3.572390803364018939e+04,3.249399667515181136e+02
7.900000000000000000e+01,1.911364709689065194e+03,1.554378623445983099e+00,3.572780344157216314e+04,3.249516284786567439e+02
7.910000000000000853e+01,1.910582696286534883e+03,1.555364545756427574e+00,3.573168766536742623e+04,3.249632722581553708e+02
7.920000000000000284e+01,1.909801467967361077e+03,1.556349015297578964e+00,3.573555973872912728e+04,3.249748980317903033e+02
7.930000000000001137e+01,1.909021035904085466e+03,1.557332020391629657e+00,3.573941870934027247e+04,3.249865057430501452e+02
7.940000000000000568e+01,1.908241411065547027e+03,1.558313549613208560e+00,3.574326363886372565e+04,3.249980953371357941e+02
7.950000000000000000e+01,1.907462604216881346e+03,1.559293591789383093e+00,3.574709360294223734e+04,3.250096667609602719e+02
7.960000000000000853e+01,1.906684625919520386e+03,1.560272135999657861e+00,3.575090769119840115e+04,3.250212199631488943e+02
7.970000000000000284e+01,1.905907486531194309e+03,1.561249171575974426e+00,3.575470500723469740e+04,3.250327548940392148e+02
7.980000000000001137e+01,1.905131196205928973e+03,1.562224688102712866e+00,3.575848466863346403e+04,3.250442715056809675e+02
7.990000000000000568e+01,1.904355764894047525e+03,1.563198675416689998e+00,3.576224580695691111e+04,3.250557697518361806e+02
8.000000000000000000e+01,1.903581202342169945e+03,1.564171123607160929e+00,3.576598756774710637e+04,3.250672495879790063e+02
8.010000000000000853e+01,1.902807518093213503e+03,1.565142023015817951e+00,3.576970911052599695e+04,3.250787109712960046e+02
8.020000000000000284e+01,1.902034721486391618e+03,1.566111364236790537e+00,3.577340960879538761e+04,3.250901538606858594e+02
8.030000000000001137e+01,1.901262821657215000e+03,1.567079138116646453e+00,3.577708825003694801e+04,3.251015782167594352e+02
8.040000000000000568e+01,1.900491827537491645e+03,1.568045335754390424e+00,3.578074423571222724e+04,3.251129840018399477e+02
8.050000000000000000e+01,1.899721747855325475e+03,1.569009948501465024e+00,3.578437678126263199e+04,3.251243711799627363e+02
8.060000000000000853e+01,1.898952591135118155e+03,1.569972967961750676e+00,3.578798511610944115e+04,3.251357397168754915e+02
8.070000000000000284e+01,1.898184365697567955e+03,1.570934385991564319e+00,3.579156848365379119e+04,3.251470895800380276e+02
8.080000000000001137e+01,1.897417079659669525e+03,1.571894194699661629e+00,3.579512614127669076e+04,3.251584207386224534e+02
8.090000000000000568e+01,1.896650740934715486e+03,1.572852386447235018e+00,3.579865736033902795e+04,3.251697331635131150e+02
8.100000000000000000e+01,1.895885357232294382e+03,1.573808953847914971e+00,3.580216142618153390e+04,3.251810268273065390e+02
8.110000000000000853e+01,1.895120936058291818e+03,1.574763889767769376e+00,3.580563763812483376e+04,3.251923017043114896e+02
8.120000000000000284e+01,1.894357484714890688e+03,1.575717187325303303e+00,3.580908530946938845e+04,3.252035577705490255e+02
8.130000000000001137e+01,1.893595010300570493e+03,1.576668839891460117e+00,3.581250376749555289e+04,3.252147950037524424e+02
8.140000000000000568e+01,1.892833519710107794e+03,1.577618841089619917e+00,3.581589235346353962e+04,3.252260133833671034e+02
8.150000000000000000e+01,1.892073019634575530e+03,1.578567184795600875e+00,3.581925042261341878e+04,3.252372128905508362e+02
8.160000000000000853e+01,1.891313516561343931e+03,1.579513865137658568e+00,3.582257734416513995e+04,3.252483935081735353e+02
8.170000000000000284e+01,1.890555016774080286e+03,1.580458876496486198e+00,3.582587250131852488e+04,3.252595552208174468e+02
8.180000000000001137e+01,1.889797526352748491e+03,1.581402213505214593e+00,3.582913529125323839e+04,3.252706980147768832e+02
8.190000000000000568e+01,1.889041051173609276e+03,1.582343871049411543e+00,3.583236512512883928e+04,3.252818218780586221e+02
8.200000000000000000e+01,1.888285596909220430e+03,1.583283844267083351e+00,3.583556142808473669e+04,3.252929268003814514e+02
8.210000000000000853e+01,1.887531169028436352e+03,1.584222128548673281e+00,3.583872363924020465e+04,3.253040127731765097e+02
8.220000000000000284e+01,1.886777772796408954e+03,1.585158719537062000e+00,3.584185121169440390e+04,3.253150797895871165e+02
8.230000000000001137e+01,1.886025413274586299e+03,1.586093613127568247e+00,3.584494361252633826e+04,3.253261278444688855e+02
8.240000000000000568e+01,1.885274095320713741e+03,1.587026805467947721e+00,3.584800032279489096e+04,3.253371569343896681e+02
8.250000000000000000e+01,1.884523823588833238e+03,1.587958292958394191e+00,3.585102083753881743e+04,3.253481670576294391e+02
8.260000000000000853e+01,1.883774602529284039e+03,1.588888072251539052e+00,3.585400466577673069e+04,3.253591582141804679e+02
8.270000000000000284e+01,1.883026436388701995e+03,1.589816140252450438e+00,3.585695133050710865e+04,3.253701304057473180e+02
8.280000000000001137e+01,1.882279329210019569e+03,1.590742494118634998e+00,3.585986036870830139e+04,3.253810836357467338e+02
8.290000000000000568e+01,1.881533284832466961e+03,1.591667131260036339e+00,3.586273133133852389e+04,3.253920179093076399e+02
8.300000000000000000e+01,1.880788306891570528e+03,1.592590049339035696e+00,3.586556378333587054e+04,3.254029332332712556e+02
8.310000000000000853e+01,1.880044398819153457e+03,1.593511246270452153e+00,3.586835730361828610e+04,3.254138296161910375e+02
8.320000000000000284e+01,1.879301563843336453e+03,1.594430720221542197e+00,3.587111148508358019e+04,3.254247070683326797e+02
8.330000000000001137e+01,1.878559804988536598e+03,1.595348469611999720e+00,3.587382593460944190e+04,3.254355656016739999e+02
8.340000000000000568e+01,1.877819125075467809e+03,1.596264493113956240e+00,3.587650027305343247e+04,3.254464052299052241e+02
8.350000000000000000e+01,1.877079526721141292e+03,1.597178789651980679e+00,3.587913413525295618e+04,3.254572259684287019e+02
8.360000000000000853e+01,1.876341012338864630e+03,1.598091358403080253e+00,3.588172717002530408e+04,3.254680278343590203e+02
8.370000000000000284e+01,1.875603584138242923e+03,1.599002198796698693e+00,3.588427904016763205e+04,3.254788108465230039e+02
8.380000000000001137e+01,1.874867244125177649e+03,1.599911310514718021e+00,3.588678942245696089e+04,3.254895750254597715e+02
8.390000000000000568e+01,1.874131994101867122e+03,1.600818693491457223e+00,3.588925800765016174e+04,3.255003203934205089e+02
8.400000000000000000e+01,1.873397835666807168e+03,1.601724347913673352e+00,3.589168450048400700e+04,3.255110469743688668e+02
8.410000000000000853e+01,1.872664770214789542e+03,1.602628274220561089e+00,3.589406861967511213e+04,3.255217547939805627e+02
8.420000000000000284e+01,1.871932798936903737e+03,1.603530473103752074e+00,3.589641009791995020e+04,3.255324438796436084e+02
8.430000000000001137e+01,1.871201922820535628e+03,1.604430945507316020e+00,3.589870868189489556e+04,3.255431142604582533e+02
8.440000000000000568e+01,1.870472142649368607e+03,1.605329692627759597e+00,3.590096413225615834e+04,3.255537659672368704e+02
8.450000000000000000e+01,1.869743459003381986e+03,1.606226715914027992e+00,3.590317622363982809e+04,3.255643990325042409e+02
8.460000000000000853e+01,1.869015872258852369e+03,1.607122017067503350e+00,3.590534474466186657e+04,3.255750134904972697e+02
8.470000000000000284e+01,1.868289382588353874e+03,1.608015598042005001e+00,3.590746949791808584e+04,3.255856093771650990e+02
8.480000000000001137e+01,1.867563989960756544e+03,1.608907461043790565e+00,3.590955029998418468e+04,3.255961867301691086e+02
8.490000000000000568e+01,1.866839694141227938e+03,1.609797608531554625e+00,3.591158698141571222e+04,3.256067455888829727e+02
8.500000000000000000e+01,1.866116494691232219e+03,1.610686043216429830e+00,3.591357938674809702e+04,3.256172859943925459e+02
8.510000000000000853e+01,1.865394390968530388e+03,1.611572768061986238e+00,3.591552737449662527e+04,3.256278079894958637e+02
8.520000000000000284e+01,1.864673382127180957e+03,1.612457786284231087e+00,3.591743081715645530e+04,3.256383116187033124e+02
8.530000000000001137e+01,1.863953467117538139e+03,1.613341101351609463e+00,3.591928960120261036e+04,3.256487969282374024e+02
8.540000000000000568e+01,1.863234644686253887e+03,1.614222716985004080e+00,3.592110362708998582e+04,3.256592639660329382e+02
8.550000000000000000e+01,1.862516913376277216e+03,1.615102637157735055e+00,3.592287280925333471e+04,3.256697127817369051e+02
8.560000000000000853e+01,1.861800271526853294e+03,1.615980866095560131e+00,3.592459707610728947e+04,3.256801434267086393e+02
8.570000000000000284e+01,1.861084717273524802e+03,1.616857408276674457e+00,3.592627637004633289e+04,3.256905559540195441e+02
8.580000000000001137e+01,1.860370248548130803e+03,1.617732268431711251e+00,3.592791064744483447e+04,3.257009504184533739e+02
8.590000000000000568e+01,1.859656863078807646e+03,1.618605451543740470e+00,3.592949987865701405e+04,3.257113268765060639e+02
8.600000000000000000e+01,1.858944558389988515e+03,1.619476962848270141e+00,3.593104404801696364e+04,3.257216853863857864e+02
8.610000000000000853e+01,1.858233331802402972e+03,1.620346807833245917e+00,3.593254315383864741e+04,3.257320260080130083e+02
8.620000000000000284e+01,1.857523180433078323e+03,1.621214992239050634e+00,3.593399720841588714e+04,3.257423488030203771e+02
8.630000000000001137e+01,1.856814101195337798e+03,1.622081522058504977e+00,3.593540623802238406e+04,3.257526538347526639e+02
8.640000000000000568e+01,1.856106090798802597e+03,1.622946403536867033e+00,3.593677028291169700e+04,3.257629411682671048e+02
8.650000000000000000e+01,1.855399145749389845e+03,1.623809643171832517e+00,3.593808939731724968e+04,3.257732108703330027e+02
8.660000000000000853e+01,1.854693262349313727e+03,1.624671247713534994e+00,3.593936364945234527e+04,3.257834630094319550e+02
8.670000000000000284e+01,1.853988436697086172e+03,1.625531224164544764e+00,3.594059312151013728e+04,3.257936976557576827e+02
8.680000000000001137e+01,1.853284664687514578e+03,1.626389579779870420e+00,3.594177790966365865e+04,3.258039148812163148e+02
8.690000000000000568e+01,1.852581942011704541e+03,1.627246322066957962e+00,3.594291812406580721e+04,3.258141147594261611e+02
8.700000000000000000e+01,1.851880264157057809e+03,1.628101458785690792e+00,3.594401388884933840e+04,3.258242973657176549e+02
8.710000000000000853e+01,1.851179626407272963e+03,1.628954997948389716e+00,3.594506534212689439e+04,3.258344627771335240e+02
8.720000000000000284e+01,1.850480023842346100e+03,1.629806947819813612e+00,3.594607263599096768e+04,3.258446110724287905e+02
8.730000000000001137e+01,1.849781451338569241e+03,1.630657316917158539e+00,3.594703593651391566e+04,3.258547423320706571e+02
8.740000000000000568e+01,1.849083903568532378e+03,1.631506114010058184e+00,3.594795542374797515e+04,3.258648566382385638e+02
8.750000000000000000e+01,1.848387375001121654e+03,1.632353348120583414e+00,3.594883129172524059e+04,3.258749540748241316e+02
8.760000000000000853e+01,1.847691859901520047e+03,1.633199028523243612e+00,3.594966374845768587e+04,3.258850347274313322e+02
8.770000000000000284e+01,1.846997352331208049e+03,1.634043164744984677e+00,3.595045301593713521e+04,3.258950986833762613e+02
8.780000000000001137e+01,1.846303846147962304e+03,1.634885766565190579e+00,3.595119933013528498e+04,3.259051460316872522e+02
8.790000000000000568e+01,1.845611335005856972e+03,1.635726844015682913e+00,3.595190294100371102e+04,3.259151768631049890e+02
8.800000000000000000e+01,1.844919812355262820e+03,1.636566407380720456e+00,3.595256411247383949e+04,3.259251912700822800e+02
8.810000000000000853e+01,1.844229271442847221e+03,1.637404467197000058e+00,3.595318312245696870e+04,3.259351893467841705e+02
8.820000000000000284e+01,1.843539705311574608e+03,1.638241034253655526e+00,3.595376026284426916e+04,3.259451711890880006e+02
8.830000000000001137e+01,1.842851106800706930e+03,1.639076119592258518e+00,3.595429583950677625e+04,3.259551368945832337e+02
8.840000000000000568e+01,1.842163468545802061e+03,1.639909734506818539e+00,3.595479017229538294e+04,3.259650865625716278e+02
8.850000000000000000e+01,1.841476782978715164e+03,1.640741890543782056e+00,3.595524359504086897e+04,3.259750202940672352e+02
8.860000000000000853e+01,1.840791042327598461e+03,1.641572599502033603e+00,3.595565645555385709e+04,3.259849381917962887e+02
8.870000000000000284e+01,1.840106238616901010e+03,1.642401873432894899e+00,3.595602911562486406e+04,3.259948403601972586e+02
8.880000000000001137e+01,1.839422363667368245e+03,1.643229724640125511e+00,3.595636195102424244e+04,3.260047269054207391e+02
8.890000000000000568e+01,1.838739409096043346e+03,1.644056165679922188e+00,3.595665535150223877e+04,3.260145979353297889e+02
8.900000000000000000e+01,1.838057366316265416e+03,1.644881209360919527e+00,3.595690972078894993e+04,3.260244535594994773e+02
8.910000000000000853e+01,1.837376226537671300e+03,1.645704868744189753e+00,3.595712547659435222e+04,3.260342938892172242e+02
8.920000000000000284e+01,1.836695980766194452e+03,1.646527157143242492e+00,3.595730305060827959e+04,3.260441190374826306e+02
8.930000000000001137e+01,1.836016619804064703e+03,1.647348088124024779e+00,3.595744288850043085e+04,3.260539291190075915e+02
8.940000000000000568e+01,1.835338134249809400e+03,1.648167675504921492e+00,3.595754544992037700e+04,3.260637242502161826e+02
8.950000000000000000e+01,1.834660514498252724e+03,1.648985933356754696e+00,3.595761120849756844e+04,3.260735045492447171e+02
8.960000000000000853e+01,1.833983750740515234e+03,1.649802876002784524e+00,3.595764065184129868e+04,3.260832701359417456e+02
8.970000000000000284e+01,1.833307832964015006e+03,1.650618518018708292e+00,3.595763428154074063e+04,3.260930211318681131e+02
8.980000000000001137e+01,1.832632750952466495e+03,1.651432874232660941e+00,3.595759261316493212e+04,3.261027576602967315e+02
8.990000000000000568e+01,1.831958494285881670e+03,1.652245959725214819e+00,3.595751617626279040e+04,3.261124798462129206e+02
9.000000000000000000e+01,1.831285052340568427e+03,1.653057789829380120e+00,3.595740551436306851e+04,3.261221878163141241e+02
9.010000000000000853e+01,1.830612414289132175e+03,1.653868380130604443e+00,3.595726118497442076e+04,3.261318816990101368e+02
9.020000000000000284e+01,1.829940569100475386e+03,1.654677746466773236e+00,3.595708375958535180e+04,3.261415616244228772e+02
9.030000000000001137e+01,1.829269505539797137e+03,1.655485904928208685e+00,3.595687382366423117e+04,3.261512277243864446e+02
9.040000000000000568e+01,1.828599212168593112e+03,1.656292871857671489e+00,3.595663197665930056e+04,3.261608801324473461e+02
9.050000000000000000e+01,1.827929677344656511e+03,1.657098663850359088e+00,3.595635883199867385e+04,3.261705189838642127e+02
9.060000000000000853e+01,1.827260889222076685e+03,1.657903297753907434e+00,3.595605501709031523e+04,3.261801444156079128e+02
9.070000000000000284e+01,1.826592835751240727e+03,1.658706790668388775e+00,3.595572117332207563e+04,3.261897565663615524e+02
9.080000000000001137e+01,1.825925504678831658e+03,1.659509159946314316e+00,3.595535795606165630e+04,3.261993555765204746e+02
9.090000000000000568e+01,1.825258883547830237e+03,1.660310423192631335e+00,3.595496603465663793e+04,3.262089415881922605e+02
9.100000000000000000e+01,1.824592959697513606e+03,1.661110598264726068e+00,3.595454609243446612e+04,3.262185147451967282e+02
9.110000000000000853e+01,1.823927720263455740e+03,1.661909703272421268e+00,3.595409882670244406e+04,3.262280751930658766e+02
9.120000000000000284e+01,1.823263152177528127e+03,1.662707756577977758e+00,3.595362494874774711e+04,3.262376230790440559e+02
9.130000000000001137e+01,1.822599242167898183e+03,1.663504776796093765e+00,3.595312518383742281e+04,3.262471585520877397e+02
9.140000000000000568e+01,1.821935976759031291e+03,1.664300782793905142e+00,3.595260027121838357e+04,3.262566817628656395e+02
9.150000000000000000e+01,1.821273342271688534e+03,1.665095793690985371e+00,3.595205096411739942e+04,3.262661928637587607e+02
9.160000000000000853e+01,1.820611324822928964e+03,1.665889828859345112e+00,3.595147802974112710e+04,3.262756920088602897e+02
9.170000000000000284e+01,1.819949910326107783e+03,1.666682907923432877e+00,3.595088224927606643e+04,3.262851793539757068e+02
9.180000000000001137e+01,1.819289084490877485e+03,1.667475050760134803e+00,3.595026441788859665e+04,3.262946550566226165e+02
9.190000000000000568e+01,1.818628832823187395e+03,1.668266277498774430e+00,3.594962534472497646e+04,3.263041192760309741e+02
9.200000000000000000e+01,1.817969140625283217e+03,1.669056608521112706e+00,3.594896585291130032e+04,3.263135721731428589e+02
9.210000000000000853e+01,1.817309992995708399e+03,1.669846064461348645e+00,3.594828677955356397e+04,3.263230139106127012e+02
9.220000000000000284e+01,1.816651374829302540e+03,1.670634666206118224e+00,3.594758897573759896e+04,3.263324446528070553e+02
9.230000000000001137e+01,1.815993270817202529e+03,1.671422434894495268e+00,3.594687330652913079e+04,3.263418645658047694e+02
9.240000000000000568e+01,1.815335665446841858e+03,1.672209391917991006e+00,3.594614065097373532e+04,3.263512738173969296e+02
9.250000000000000000e+01,1.814678543001951539e+03,1.672995558920554515e+00,3.594539190209686058e+04,3.263606725770867456e+02
9.260000000000000853e+01,1.814021887562558277e+03,1.673780957798572278e+00,3.594462796690381947e+04,3.263700610160898918e+02
9.270000000000000284e+01,1.813365683004986977e+03,1.674565610700868179e+00,3.594384976637978980e+04,3.263794393073340530e+02
9.280000000000001137e+01,1.812709913001858695e+03,1.675349540028703732e+00,3.594305823548982880e+04,3.263888076254592079e+02
9.290000000000000568e+01,1.812054561022091320e+03,1.676132768435778075e+00,3.594225432317885134e+04,3.263981661468175730e+02
9.300000000000000000e+01,1.811399610330899804e+03,1.676915318828227752e+00,3.594143899237162987e+04,3.264075150494736590e+02
9.310000000000000853e+01,1.810745043989796159e+03,1.677697214364627376e+00,3.594061321997282357e+04,3.264168545132041572e+02
9.320000000000000284e+01,1.810090844856589001e+03,1.678478478455988299e+00,3.593977799686694198e+04,3.264261847194979396e+02
9.330000000000001137e+01,1.809436995585384011e+03,1.679259134765759942e+00,3.593893432791837404e+04,3.264355058515562291e+02
9.340000000000000568e+01,1.808783478626583701e+03,1.680039207209829133e+00,3.593808323197136633e+04,3.264448180942923727e+02
9.350000000000000000e+01,1.808130276226887418e+03,1.680818719956520324e+00,3.593722574185003759e+04,3.264541216343320116e+02
9.360000000000000853e+01,1.807477370429291113e+03,1.681597697426595595e+00,3.593636290435837145e+04,3.264634166600129674e+02
9.370000000000000284e+01,1.806824743073088484e+03,1.682376164293254428e+00,3.593549578028022370e+04,3.264727033613853564e+02
9.380000000000001137e+01,1.806172375793869151e+03,1.683154145482133712e+00,3.593462544437930774e+04,3.264819819302115320e+02
9.390000000000000568e+01,1.805520250023520248e+03,1.683931666171308406e+00,3.593375298539920914e+04,3.264912525599660285e+02
9.400000000000000000e+01,1.804868346990225518e+03,1.684708751791290426e+00,3.593287950606338563e+04,3.265005154458355605e+02
9.410000000000000853e+01,1.804216647718465538e+03,1.685485428025029764e+00,3.593200612307514530e+04,3.265097707847192510e+02
9.420000000000000284e+01,1.803565133029017943e+03,1.686261720807913367e+00,3.593113396711768291e+04,3.265190187752282895e+02
9.430000000000001137e+01,1.802913783538956977e+03,1.687037656327766477e+00,3.593026418285405089e+04,3.265282596176861603e+02
9.440000000000000568e+01,1.802262579661654627e+03,1.687813261024851075e+00,3.592939792892716650e+04,3.265374935141285846e+02
9.450000000000000000e+01,1.801611501606778347e+03,1.688588561591867432e+00,3.592853637795981922e+04,3.265467206683035215e+02
9.460000000000000853e+01,1.800960529380293565e+03,1.689363584973953003e+00,3.592768071655467065e+04,3.265559412856711674e+02
9.470000000000000284e+01,1.800309642784462312e+03,1.690138358368682869e+00,3.592683214529422548e+04,3.265651555734038993e+02
9.480000000000001137e+01,1.799658821417843455e+03,1.690912909226069516e+00,3.592599187874088238e+04,3.265743637403863886e+02
9.490000000000000568e+01,1.799008044675292695e+03,1.691687265248563055e+00,3.592516114543689764e+04,3.265835659972154872e+02
9.500000000000000000e+01,1.798357291747962563e+03,1.692461454391051445e+00,3.592434118790439243e+04,3.265927625562003414e+02
9.510000000000000853e+01,1.797706541623302655e+03,1.693235504860859830e+00,3.592353326264534553e+04,3.266019536313622780e+02
9.520000000000000284e+01,1.797055773085059400e+03,1.694009445117750978e+00,3.592273864014162973e+04,3.266111394384348614e+02
9.530000000000001137e+01,1.796404964713276058e+03,1.694783303873925284e+00,3.592195860485495359e+04,3.266203201948639503e+02
9.540000000000000568e+01,1.795754094884292954e+03,1.695557110094020770e+00,3.592119445522691967e+04,3.266294961198075271e+02
9.550000000000000000e+01,1.795103141770746788e+03,1.696330892995112860e+00,3.592044750367898087e+04,3.266386674341358685e+02
9.560000000000000853e+01,1.794452083341572006e+03,1.697104682046714830e+00,3.591971907661245496e+04,3.266478343604314887e+02
9.570000000000000284e+01,1.793800897361998977e+03,1.697878506970776691e+00,3.591901051440853917e+04,3.266569971229891394e+02
9.580000000000001137e+01,1.793149561393555587e+03,1.698652397741687192e+00,3.591832317142828833e+04,3.266661559478158097e+02
9.590000000000000568e+01,1.792498052794066552e+03,1.699426384586271599e+00,3.591765841601262946e+04,3.266753110626306693e+02
9.600000000000000000e+01,1.791846348717652972e+03,1.700200497983793468e+00,3.591701763048236171e+04,3.266844626968651824e+02
9.610000000000000853e+01,1.791194426114733687e+03,1.700974768665953540e+00,3.591640221113812731e+04,3.266936110816629935e+02
9.620000000000000284e+01,1.790542261732023690e+03,1.701749227616889959e+00,3.591581356826046976e+04,3.267027564498799848e+02
9.630000000000001137e+01,1.789889832112535032e+03,1.702523906073178939e+00,3.591525312610976835e+04,3.267118990360843327e+02
9.640000000000000568e+01,1.789237113595576830e+03,1.703298835523833654e+00,3.591472232292628905e+04,3.267210390765563943e+02
9.650000000000000000e+01,1.788584082316755030e+03,1.704074047710305129e+00,3.591422261093016277e+04,3.267301768092887642e+02
9.660000000000000853e+01,1.787930714207972414e+03,1.704849574626482456e+00,3.591375545632137801e+04,3.267393124739862742e+02
9.670000000000000284e+01,1.787276984997428372e+03,1.705625448518691023e+00,3.591332233927979541e+04,3.267484463120659939e+02
9.680000000000001137e+01,1.786622870209619805e+03,1.706401701885694955e+00,3.591292475396514783e+04,3.267575785666572301e+02
9.690000000000000568e+01,1.785968345165339997e+03,1.707178367478695336e+00,3.591256420851702569e+04,3.267667094826014704e+02
9.700000000000000000e+01,1.785313384981679292e+03,1.707955478301331098e+00,3.591224222505489888e+04,3.267758393064524967e+02
9.710000000000000853e+01,1.784657964572024866e+03,1.708733067609678358e+00,3.591196033967808035e+04,3.267849682864763281e+02
9.720000000000000284e+01,1.784002058646060959e+03,1.709511168912251078e+00,3.591172010246577702e+04,3.267940966726511078e+02
9.730000000000001137e+01,1.783345641709768188e+03,1.710289815970000848e+00,3.591152307747705345e+04,3.268032247166674438e+02
9.740000000000000568e+01,1.782688848852163119e+03,1.711068815394173770e+00,3.591136227693991532e+04,3.268123510648844672e+02
9.750000000000000000e+01,1.782032601260434831e+03,1.711846862731553509e+00,3.591118876739488041e+04,3.268214665066485054e+02
9.760000000000000853e+01,1.781377040664433025e+03,1.712623757072187169e+00,3.591099503420061228e+04,3.268305696222045640e+02
9.770000000000000284e+01,1.780722156465774788e+03,1.713399513031404586e+00,3.591078166999046516e+04,3.268396605144495766e+02
9.780000000000001137e+01,1.780067938177721771e+03,1.714174145072177469e+00,3.591054926098062424e+04,3.268487392852955509e+02
9.790000000000000568e+01,1.779414375425179969e+03,1.714947667505118734e+00,3.591029838697009836e+04,3.268578060356697392e+02
9.800000000000000000e+01,1.778761457944699259e+03,1.715720094488482728e+00,3.591002962134076370e+04,3.268668608655145249e+02
9.810000000000000853e+01,1.778109175584474542e+03,1.716491440028165893e+00,3.590974353105730552e+04,3.268759038737875358e+02
9.820000000000000284e+01,1.777457518304344831e+03,1.717261717977704771e+00,3.590944067666726914e+04,3.268849351584615306e+02
9.830000000000001137e+01,1.776806476175793705e+03,1.718030942038278441e+00,3.590912161230103084e+04,3.268939548165242854e+02
9.840000000000000568e+01,1.776156039381949086e+03,1.718799125758706525e+00,3.590878688567180507e+04,3.269029629439789346e+02
9.850000000000000000e+01,1.775506198217583005e+03,1.719566282535450963e+00,3.590843703807564452e+04,3.269119596358437434e+02
9.860000000000000853e+01,1.774856943089112065e+03,1.720332425612614458e+00,3.590807260439143283e+04,3.269209449861521080e+02
9.870000000000000284e+01,1.774208264514597886e+03,1.721097568081941143e+00,3.590769411308090639e+04,3.269299190879525554e+02
9.880000000000001137e+01,1.773560153123745295e+03,1.721861722882816803e+00,3.590730208618863253e+04,3.269388820333088006e+02
9.890000000000000568e+01,1.772912599657904593e+03,1.722624902802268210e+00,3.590689703934201680e+04,3.269478339132998599e+02
9.900000000000000000e+01,1.772265594970069742e+03,1.723387120474964229e+00,3.590647948175130296e+04,3.269567748180197100e+02
9.910000000000000853e+01,1.771619130024879496e+03,1.724148388383214714e+00,3.590604991620958026e+04,3.269657048365775722e+02
9.920000000000000284e+01,1.770973195898616950e+03,1.724908718856970502e+00,3.590560883909276163e+04,3.269746240570979126e+02
9.930000000000001137e+01,1.770327783779209540e+03,1.725668124073824750e+00,3.590515674035961274e+04,3.269835325667202710e+02
9.940000000000000568e+01,1.769682884966229039e+03,1.726426616059011376e+00,3.590469410355173022e+04,3.269924304515993754e+02
9.950000000000000000e+01,1.769038490870892019e+03,1.727184206685405732e+00,3.590422140579354891e+04,3.270013177969051412e+02
9.960000000000000853e+01,1.768394593016058479e+03,1.727940907673525039e+00,3.590373911779234913e+04,3.270101946868226719e+02
9.970000000000000284e+01,1.767751183036234124e+03,1.728696730591527064e+00,3.590324770383824216e+04,3.270190612045521448e+02
9.980000000000001137e+01,1.767108252677568089e+03,1.729451686855212111e+00,3.590274762180417747e+04,3.270279174323089819e+02
9.990000000000000568e+01,1.766465793797854076e+03,1.730205787728020805e+00,3.590223932314595731e+04,3.270367634513237363e+02
1.000000000000000000e+02,1.765823798366530809e+03,1.730959044321035867e+00,3.590172325290219305e+04,3.270455993418422054e+02
1.001000000000000085e+02,1.765182258464680217e+03,1.731711467592981224e+00,3.590119984969436337e+04,3.270544251831252609e+02
1.002000000000000028e+02,1.764541166285029931e+03,1.732463068350222235e+00,3.590066954572677059e+04,3.270632410534489622e+02
1.003000000000000114e+02,1.763900514131951013e+03,1.733213857246765466e+00,3.590013276678656257e+04,3.270720470301045566e+02
1.004000000000000057e+02,1.763260294421459548e+03,1.733963844784258912e+00,3.589958993224372534e+04,3.270808431893984221e+02
1.005000000000000000e+02,1.762620499681215506e+03,1.734713041311992443e+00,3.589904145505106862e+04,3.270896296066521813e+02
1.006000000000000085e+02,1.761981122550523651e+03,1.735461457026896692e+00,3.589848774174425489e+04,3.270984063562025312e+02
1.007000000000000028e+02,1.761342155780333087e+03,1.736209101973544167e+00,3.589792919244179211e+04,3.271071735114013563e+02
1.008000000000000114e+02,1.760703592233237032e+03,1.736955986044148803e+00,3.589736620084501192e+04,3.271159311446157858e+02
1.009000000000000057e+02,1.760065424883473497e+03,1.737702118978565080e+00,3.589679915423808416e+04,3.271246793272280797e+02
1.010000000000000000e+02,1.759427646816924380e+03,1.738447510364290238e+00,3.589622843348802417e+04,3.271334181296355155e+02
1.011000000000000085e+02,1.758790251231116599e+03,1.739192169636461838e+00,3.589565441304468550e+04,3.271421476212507855e+02
1.012000000000000028e+02,1.758153231435221187e+03,1.739936106077859312e+00,3.589507746094075992e+04,3.271508678705015996e+02
1.013000000000000114e+02,1.757516580850053288e+03,1.740679328818903304e+00,3.589449793879177014e+04,3.271595789448308551e+02
1.014000000000000057e+02,1.756880293008073068e+03,1.741421846837656107e+00,3.589391620179609163e+04,3.271682809106965806e+02
1.015000000000000000e+02,1.756244361553384351e+03,1.742163668959821221e+00,3.589333259873492352e+04,3.271769738335721058e+02
1.016000000000000085e+02,1.755608780241735758e+03,1.742904803858743801e+00,3.589274747197231773e+04,3.271856577779457780e+02
1.017000000000000028e+02,1.754973542940520474e+03,1.743645260055409985e+00,3.589216115745514253e+04,3.271943328073211319e+02
1.018000000000000114e+02,1.754338643628775799e+03,1.744385045918447785e+00,3.589157398471313354e+04,3.272029989842170039e+02
1.019000000000000057e+02,1.753704076397183599e+03,1.745124169664125757e+00,3.589098627685883548e+04,3.272116563701672476e+02
1.020000000000000000e+02,1.753069835448070080e+03,1.745862639356355217e+00,3.589039835058766039e+04,3.272203050257209043e+02
1.021000000000000085e+02,1.752435915095405790e+03,1.746600462906687801e+00,3.588981051617783669e+04,3.272289450104422599e+02
1.022000000000000028e+02,1.751802309764805614e+03,1.747337648074317018e+00,3.588922307749043830e+04,3.272375763829107314e+02
1.023000000000000114e+02,1.751169013993528779e+03,1.748074202466077365e+00,3.588863633196937735e+04,3.272461992007208096e+02
1.024000000000000057e+02,1.750536022430479534e+03,1.748810133536445433e+00,3.588805057064141147e+04,3.272548135204823438e+02
1.025000000000000000e+02,1.749903329836205785e+03,1.749545448587538354e+00,3.588746607811612921e+04,3.272634193978202006e+02
1.026000000000000085e+02,1.749270931082900233e+03,1.750280154769115804e+00,3.588688313258595008e+04,3.272720168873744342e+02
1.027000000000000028e+02,1.748638821154399466e+03,1.751014259078577329e+00,3.588630200582614634e+04,3.272806060428002866e+02
1.028000000000000114e+02,1.748006995146185318e+03,1.751747768360965463e+00,3.588572296319482848e+04,3.272891869167681875e+02
1.029000000000000057e+02,1.747375448265383284e+03,1.752480689308963058e+00,3.588514626363293064e+04,3.272977595609636978e+02
1.030000000000000000e+02,1.746744175830763652e+03,1.753213028462894840e+00,3.588457215966423973e+04,3.273063240260875091e+02
1.031000000000000085e+02,1.746113173272741051e+03,1.753944792210726744e+00,3.588400089739538089e+04,3.273148803618556144e+02
1.032000000000000028e+02,1.745482436133374222e+03,1.754675986788066133e+00,3.588343271651579562e+04,3.273234286169990810e+02
1.033000000000000114e+02,1.744851960066366701e+03,1.755406618278162023e+00,3.588286785029780003e+04,3.273319688392641069e+02
1.034000000000000057e+02,1.744221740837066136e+03,1.756136692611904637e+00,3.588230652559652663e+04,3.273405010754120781e+02
1.035000000000000000e+02,1.743591774322464744e+03,1.756866215567825185e+00,3.588174896284993883e+04,3.273490253712196250e+02
1.036000000000000085e+02,1.742962056511198853e+03,1.757595192772097414e+00,3.588119537607886014e+04,3.273575417714784521e+02
1.037000000000000028e+02,1.742332583503550040e+03,1.758323629698535173e+00,3.588064597288693039e+04,3.273660503199955087e+02
1.038000000000000114e+02,1.741703351511442861e+03,1.759051531668594404e+00,3.588010095446064952e+04,3.273745510595928749e+02
1.039000000000000057e+02,1.741074356858447572e+03,1.759778903851372700e+00,3.587956051556934108e+04,3.273830440321077617e+02
1.040000000000000000e+02,1.740445595979778091e+03,1.760505751263608198e+00,3.587902484456516686e+04,3.273915292783925111e+02
1.041000000000000085e+02,1.739817065422293126e+03,1.761232078769681353e+00,3.587849412338314141e+04,3.274000068383148232e+02
1.042000000000000028e+02,1.739188761844495502e+03,1.761957891081613381e+00,3.587796852754110296e+04,3.274084767507573588e+02
1.043000000000000114e+02,1.738560682016532610e+03,1.762683192759067374e+00,3.587744822613972792e+04,3.274169390536180799e+02
1.044000000000000057e+02,1.737932822820196179e+03,1.763407988209347188e+00,3.587693338186253823e+04,3.274253937838100228e+02
1.045000000000000000e+02,1.737305181248922054e+03,1.764132281687398995e+00,3.587642415097590128e+04,3.274338409772614682e+02
1.046000000000000085e+02,1.736677754407791326e+03,1.764856077295809511e+00,3.587592068332900089e+04,3.274422806689157710e+02
1.047000000000000028e+02,1.736050539513528520e+03,1.765579378984807324e+00,3.587542312235388090e+04,3.274507128927315875e+02
1.048000000000000114e+02,1.735423533894502953e+03,1.766302190552262452e+00,3.587493160506541608e+04,3.274591376816825345e+02
1.049000000000000057e+02,1.734796734990728510e+03,1.767024515643685900e+00,3.587444626206130488e+04,3.274675550677576439e+02
1.050000000000000000e+02,1.734170140353863189e+03,1.767746357752230324e+00,3.587396721752211306e+04,3.274759650819609647e+02
1.051000000000000085e+02,1.733543747647209557e+03,1.768467720218690253e+00,3.587349458921122277e+04,3.274843677543116769e+02
1.052000000000000028e+02,1.732917554645714745e+03,1.769188606231500760e+00,3.587302848847486894e+04,3.274927631138442621e+02
1.053000000000000114e+02,1.732291559235969544e+03,1.769909018826738789e+00,3.587256902024210285e+04,3.275011511886082758e+02
1.054000000000000057e+02,1.731665759416210221e+03,1.770628960888122938e+00,3.587211628302483587e+04,3.275095320056684614e+02
1.055000000000000000e+02,1.731040153296316475e+03,1.771348435147012346e+00,3.587167036891781754e+04,3.275179055911046930e+02
1.056000000000000085e+02,1.730414739097813026e+03,1.772067444182408691e+00,3.587123136359861383e+04,3.275262719700121465e+02
1.057000000000000028e+02,1.729789515153868706e+03,1.772785990420954194e+00,3.587079934632765799e+04,3.275346311665009580e+02
1.058000000000000114e+02,1.729164479909296688e+03,1.773504076136932950e+00,3.587037438994820695e+04,3.275429832036965649e+02
1.059000000000000057e+02,1.728539631920555166e+03,1.774221703452270038e+00,3.586995656088634860e+04,3.275513281037395927e+02
1.060000000000000000e+02,1.727914969855745539e+03,1.774938874336532191e+00,3.586954591915101628e+04,3.275596658877857408e+02
1.061000000000000085e+02,1.727290492494614682e+03,1.775655590606927570e+00,3.586914251833399612e+04,3.275679965760059531e+02
1.062000000000000028e+02,1.726666198728553582e+03,1.776371853928305988e+00,3.586874640560989064e+04,3.275763201875862478e+02
1.063000000000000114e+02,1.726042087560597338e+03,1.777087665813158024e+00,3.586835762173614785e+04,3.275846367407279445e+02
1.064000000000000057e+02,1.725418158105425846e+03,1.777803027621616128e+00,3.586797620105306123e+04,3.275929462526474367e+02
1.065000000000000000e+02,1.724794409589362886e+03,1.778517940561453958e+00,3.586760217148375523e+04,3.276012487395762491e+02
1.066000000000000085e+02,1.724170841350377032e+03,1.779232405688086827e+00,3.586723555453419976e+04,3.276095442167612077e+02
1.067000000000000028e+02,1.723547452838081199e+03,1.779946423904571029e+00,3.586687636529318843e+04,3.276178326984641558e+02
1.068000000000000114e+02,1.722924243613732642e+03,1.780659995961604958e+00,3.586652461243237485e+04,3.276261141979622380e+02
1.069000000000000057e+02,1.722301213350233411e+03,1.781373122457527547e+00,3.586618029820623633e+04,3.276343887275476163e+02
1.070000000000000000e+02,1.721678361832128985e+03,1.782085803838319382e+00,3.586584341845208110e+04,3.276426562985277542e+02
1.071000000000000085e+02,1.721055688955610094e+03,1.782798040397603367e+00,3.586551396259008470e+04,3.276509169212252459e+02
1.072000000000000028e+02,1.720433194728511580e+03,1.783509832276642282e+00,3.586519191362322454e+04,3.276591706049778168e+02
1.073000000000000114e+02,1.719810879270312626e+03,1.784221179464341667e+00,3.586487724813735258e+04,3.276674173581383798e+02
1.074000000000000057e+02,1.719188742812137207e+03,1.784932081797247383e+00,3.586456993630112993e+04,3.276756571880750357e+02
1.075000000000000000e+02,1.718566785696753186e+03,1.785642538959547609e+00,3.586426994186607044e+04,3.276838901011709595e+02
1.076000000000000085e+02,1.717945008378572993e+03,1.786352550483071511e+00,3.586397722216651891e+04,3.276921161028246274e+02
1.077000000000000028e+02,1.717323411423653397e+03,1.787062115747289237e+00,3.586369172811967292e+04,3.277003351974496468e+02
1.078000000000000114e+02,1.716701995509695962e+03,1.787771233979313257e+00,3.586341340422555368e+04,3.277085473884746989e+02
1.079000000000000057e+02,1.716080761426045910e+03,1.788479904253896802e+00,3.586314218856702064e+04,3.277167526783437097e+02
1.080000000000000000e+02,1.715459710073693714e+03,1.789188125493434534e+00,3.586287801280978601e+04,3.277249510685157929e+02
1.081000000000000085e+02,1.714838842465273501e+03,1.789895896467962766e+00,3.586262080220239295e+04,3.277331425594651932e+02
1.082000000000000028e+02,1.714218159725064197e+03,1.790603215795159020e+00,3.586237047557621554e+04,3.277413271506812862e+02
1.083000000000000114e+02,1.713597663088989066e+03,1.791310081940342247e+00,3.586212694534546608e+04,3.277495048406686919e+02
1.084000000000000057e+02,1.712977353904615939e+03,1.792016493216473050e+00,3.586189011750721693e+04,3.277576756269471048e+02
1.085000000000000000e+02,1.712357233631156760e+03,1.792722447784153239e+00,3.586165989164134953e+04,3.277658395060515204e+02
1.086000000000000085e+02,1.711737303839467586e+03,1.793427943651625833e+00,3.586143616091061267e+04,3.277739964735319518e+02
1.087000000000000028e+02,1.711117566212049724e+03,1.794132978674775503e+00,3.586121881206056423e+04,3.277821465239537133e+02
1.088000000000000114e+02,1.710498022543048137e+03,1.794837550557128347e+00,3.586100772541961487e+04,3.277902896508971367e+02
1.089000000000000057e+02,1.709878674738252812e+03,1.795541656849851675e+00,3.586080277489902801e+04,3.277984258469577981e+02
1.090000000000000000e+02,1.709259524815097393e+03,1.796245294951754445e+00,3.586060382799287618e+04,3.278065551037465752e+02
1.091000000000000085e+02,1.708640574902660319e+03,1.796948462109286826e+00,3.586041074577809195e+04,3.278146774118892495e+02
1.092000000000000028e+02,1.708021827241664596e+03,1.797651155416540414e+00,3.586022338291443884e+04,3.278227927610269603e+02
1.093000000000000114e+02,1.707403284184477116e+03,1.798353371815248458e+00,3.586004158764452586e+04,3.278309011398159782e+02
1.094000000000000057e+02,1.706784948195110019e+03,1.799055108094784972e+00,3.585986520179377840e+04,3.278390025359276478e+02
1.095000000000000000e+02,1.706166821849219104e+03,1.799756360892165841e+00,3.585969406077048916e+04,3.278470969360486151e+02
1.096000000000000085e+02,1.705548907834104511e+03,1.800457126692049048e+00,3.585952799356577452e+04,3.278551843258806002e+02
1.097000000000000028e+02,1.704931208948711401e+03,1.801157401826732229e+00,3.585936682275358908e+04,3.278632646901405678e+02
1.098000000000000114e+02,1.704313728103628819e+03,1.801857182476156227e+00,3.585921036449073290e+04,3.278713380125604999e+02
1.099000000000000057e+02,1.703696468321090379e+03,1.802556464667901981e+00,3.585905842851682974e+04,3.278794042758877367e+02
1.100000000000000000e+02,1.703079432734974034e+03,1.803255244277192748e+00,3.585891081815435609e+04,3.278874634618846358e+02
1.101000000000000085e+02,1.702462624590802307e+03,1.803953517026892550e+00,3.585876733030861942e+04,3.278955155513288560e+02
1.102000000000000028e+02,1.701846047245742056e+03,1.804651278487507060e+00,3.585862775546777266e+04,3.279035605240130735e+02
1.103000000000000114e+02,1.701229704168604030e+03,1.805348524077183381e+00,3.585849187770280696e+04,3.279115983587452092e+02
1.104000000000000057e+02,1.700613598939844451e+03,1.806045249061710045e+00,3.585835947466753714e+04,3.279196290333483716e+02
1.105000000000000000e+02,1.699997735251562972e+03,1.806741448554516793e+00,3.585823031759863079e+04,3.279276525246608571e+02
1.106000000000000085e+02,1.699382116907504042e+03,1.807437117516675240e+00,3.585810417131559370e+04,3.279356688085359792e+02
1.107000000000000028e+02,1.698766747823056448e+03,1.808132250756897541e+00,3.585798079422076262e+04,3.279436778598424098e+02
1.108000000000000114e+02,1.698151632025253093e+03,1.808826842931538392e+00,3.585785993829931977e+04,3.279516796524638380e+02
1.109000000000000057e+02,1.697536773652772126e+03,1.809520888544592809e+00,3.585774134911927831e+04,3.279596741592991975e+02
1.110000000000000000e+02,1.696922176955935129e+03,1.810214381947697904e+00,3.585762476583150419e+04,3.279676613522626099e+02
1.111000000000000085e+02,1.696307846296708476e+03,1.810907317340131994e+00,3.585750992116967973e+04,3.279756412022832706e+02
1.112000000000000028e+02,1.695693786148703339e+03,1.811599688768814609e+00,3.585739654145034729e+04,3.279836136793056767e+02
1.113000000000000114e+02,1.695080001097174318e+03,1.812291490128306926e+00,3.585728434657287289e+04,3.279915787522893424e+02
1.114000000000000057e+02,1.694466495839021263e+03,1.812982715160811553e+00,3.585717305001946806e+04,3.279995363892090268e+02
1.115000000000000000e+02,1.693853275182788366e+03,1.813673357456172308e+00,3.585706235885517526e+04,3.280074865570546194e+02
1.116000000000000085e+02,1.693240344048663474e+03,1.814363410451874881e+00,3.585695197372788971e+04,3.280154292218313117e+02
1.117000000000000028e+02,1.692627707468479684e+03,1.815052867433045281e+00,3.585684158886833757e+04,3.280233643485592552e+02
1.118000000000000114e+02,1.692015370585714209e+03,1.815741721532452280e+00,3.585673089209007594e+04,3.280312919012739030e+02
1.119000000000000057e+02,1.691403338655488596e+03,1.816429965730504970e+00,3.585661956478950742e+04,3.280392118430258961e+02
1.120000000000000000e+02,1.690791617044568738e+03,1.817117592855254316e+00,3.585650728194587282e+04,3.280471241358808356e+02
1.121000000000000085e+02,1.690180211231364865e+03,1.817804595582393157e+00,3.585639371212125116e+04,3.280550287409197949e+02
1.122000000000000028e+02,1.689569126805931774e+03,1.818490966435254652e+00,3.585627851746055967e+04,3.280629256182388076e+02
1.123000000000000114e+02,1.688958369469968829e+03,1.819176697784814278e+00,3.585616135369155381e+04,3.280708147269490951e+02
1.124000000000000057e+02,1.688347945036819283e+03,1.819861781849688276e+00,3.585604187012482726e+04,3.280786960251771234e+02
1.125000000000000000e+02,1.687737859431471406e+03,1.820546210696134981e+00,3.585591970965381915e+04,3.280865694700644326e+02
1.126000000000000085e+02,1.687128118690557130e+03,1.821229976238053494e+00,3.585579450875478506e+04,3.280944350177678075e+02
1.127000000000000028e+02,1.686518728962353634e+03,1.821913070236984566e+00,3.585566589748685510e+04,3.281022926234591637e+02
1.128000000000000114e+02,1.685909696506781529e+03,1.822595484302110602e+00,3.585553349949195399e+04,3.281101422413256046e+02
1.129000000000000057e+02,1.685301027695407129e+03,1.823277209890254769e+00,3.585539693199488829e+04,3.281179838245693077e+02
1.130000000000000000e+02,1.684692729011439496e+03,1.823958238305882329e+00,3.585525580580326641e+04,3.281258173254078088e+02
1.131000000000000085e+02,1.684084807049733627e+03,1.824638560701099532e+00,3.585510972530756408e+04,3.281336426950736040e+02
1.132000000000000028e+02,1.683477268516787944e+03,1.825318168075654279e+00,3.585495828848108067e+04,3.281414598838144343e+02
1.133000000000000114e+02,1.682870120230745670e+03,1.825997051276935679e+00,3.585480108687994652e+04,3.281492688408933418e+02
1.134000000000000057e+02,1.682263369121394135e+03,1.826675200999974269e+00,3.585463770564314473e+04,3.281570695145882723e+02
1.135000000000000000e+02,1.681657022230165694e+03,1.827352607787442018e+00,3.585446772349249659e+04,3.281648618521925300e+02
1.136000000000000085e+02,1.681051086710136133e+03,1.828029262029652546e+00,3.585429071273265436e+04,3.281726458000146067e+02
1.137000000000000028e+02,1.680445569826026485e+03,1.828705153964560459e+00,3.585410623925110849e+04,3.281804213033780115e+02
1.138000000000000114e+02,1.679840478954201899e+03,1.829380273677761792e+00,3.585391386251819495e+04,3.281881883066214982e+02
1.139000000000000057e+02,1.679235821582671633e+03,1.830054611102494455e+00,3.585371313558708789e+04,3.281959467530990082e+02
1.140000000000000000e+02,1.678631605311089970e+03,1.830728156019637121e+00,3.585350360509378515e+04,3.282036965851796708e+02
1.141000000000000085e+02,1.678027837850754622e+03,1.831400898057710558e+00,3.585328481125714461e+04,3.282114377442476325e+02
1.142000000000000028e+02,1.677424527024609006e+03,1.832072826692876300e+00,3.585305628787884052e+04,3.282191701707024549e+02
1.143000000000000114e+02,1.676821680767239968e+03,1.832743931248937974e+00,3.585281756234340719e+04,3.282268938039586033e+02
1.144000000000000057e+02,1.676219307124878696e+03,1.833414200897339530e+00,3.585256815561820986e+04,3.282346085824459010e+02
1.145000000000000000e+02,1.675617414255401627e+03,1.834083624657167455e+00,3.585230758225343743e+04,3.282423144436092457e+02
1.146000000000000085e+02,1.675016010428328400e+03,1.834752191395149223e+00,3.585203535038213158e+04,3.282500113239087227e+02
1.147000000000000028e+02,1.674415104024824359e+03,1.835419889825653295e+00,3.585175096172017948e+04,3.282576991588196051e+02
1.148000000000000114e+02,1.673814703537698051e+03,1.836086708510690224e+00,3.585145391156629194e+04,3.282653778828322970e+02
1.149000000000000057e+02,1.673214817571403501e+03,1.836752635859911553e+00,3.585114368880202528e+04,3.282730474294523901e+02
1.150000000000000000e+02,1.672615454842038162e+03,1.837417660130610253e+00,3.585081977589176677e+04,3.282807077312006641e+02
1.151000000000000085e+02,1.672016624177344511e+03,1.838081769427720946e+00,3.585048164888274914e+04,3.282883587196130293e+02
1.152000000000000028e+02,1.671418334516709365e+03,1.838744951703819241e+00,3.585012877740505064e+04,3.282960003252405841e+02
1.153000000000000114e+02,1.670820594911163425e+03,1.839407194759122621e+00,3.584976062467157317e+04,3.283036324776495576e+02
1.154000000000000057e+02,1.670223414523382417e+03,1.840068486241489554e+00,3.584937664747807139e+04,3.283112551054213668e+02
1.155000000000000000e+02,1.669626802627686175e+03,1.840728813646420159e+00,3.584897629620311636e+04,3.283188681361526164e+02
1.156000000000000085e+02,1.669030768610039104e+03,1.841388164317055987e+00,3.584855901480813918e+04,3.283264714964550990e+02
1.157000000000000028e+02,1.668435321968049720e+03,1.842046525444179572e+00,3.584812424083740189e+04,3.283340651119556810e+02
1.158000000000000114e+02,1.667840472310970881e+03,1.842703884066215769e+00,3.584767140541800472e+04,3.283416489072964737e+02
1.159000000000000057e+02,1.667246229359700692e+03,1.843360227069229751e+00,3.584719993325989344e+04,3.283492228061347760e+02
1.160000000000000000e+02,1.666652602946780462e+03,1.844015541186928564e+00,3.584670924265583017e+04,3.283567867311429609e+02
1.161000000000000085e+02,1.666059603016396522e+03,1.844669813000661129e+00,3.584619874548144435e+04,3.283643406040085893e+02
1.162000000000000028e+02,1.665467239624379545e+03,1.845323028939417132e+00,3.584566784719518910e+04,3.283718843454345233e+02
1.163000000000000114e+02,1.664875522938204767e+03,1.845975175279827685e+00,3.584511594683834846e+04,3.283794178751385857e+02
1.164000000000000057e+02,1.664284463236991769e+03,1.846626238146165555e+00,3.584454243703505927e+04,3.283869411118539006e+02
1.165000000000000000e+02,1.663694070911504014e+03,1.847276203510344716e+00,3.584394670399228926e+04,3.283944539733287797e+02
1.166000000000000085e+02,1.663104356464149760e+03,1.847925057191921017e+00,3.584332812749984441e+04,3.284019563763265523e+02
1.167000000000000028e+02,1.662515330508982061e+03,1.848572784858091289e+00,3.584268608093038347e+04,3.284094482366259058e+02
1.168000000000000114e+02,1.661927003771697400e+03,1.849219372023693575e+00,3.584201993123937427e+04,3.284169294690205447e+02
1.169000000000000057e+02,1.661339387089637967e+03,1.849864804051207567e+00,3.584132903896515199e+04,3.284243999873193616e+02
1.170000000000000000e+02,1.660752491411788924e+03,1.850509066150754611e+00,3.584061275822886819e+04,3.284318597043464933e+02
1.171000000000000085e+02,1.660166323409805045e+03,1.851152150039313771e+00,3.583987063433854200e+04,3.284393085734407691e+02
1.172000000000000028e+02,1.659580583676879314e+03,1.851794511442593327e+00,3.583911602534499252e+04,3.284467494404867693e+02
1.173000000000000114e+02,1.658995086344807987e+03,1.852436432565630398e+00,3.583835728053889034e+04,3.284541840728205671e+02
1.174000000000000057e+02,1.658409833372227922e+03,1.853077910394527184e+00,3.583759431223434513e+04,3.284616124608174346e+02
1.175000000000000000e+02,1.657824826692302622e+03,1.853718941956479682e+00,3.583682703373596451e+04,3.284690345950622827e+02
1.176000000000000085e+02,1.657240068212723145e+03,1.854359524319776353e+00,3.583605535933879582e+04,3.284764504663496041e+02
1.177000000000000028e+02,1.656655559815707647e+03,1.854999654593798786e+00,3.583527920432836981e+04,3.284838600656831886e+02
1.178000000000000114e+02,1.656071303358001160e+03,1.855639329929021475e+00,3.583449848498067877e+04,3.284912633842765786e+02
1.179000000000000057e+02,1.655487300670875811e+03,1.856278547517010935e+00,3.583371311856217653e+04,3.284986604135525567e+02
1.180000000000000000e+02,1.654903553560131058e+03,1.856917304590427920e+00,3.583292302332979307e+04,3.285060511451436582e+02
1.181000000000000085e+02,1.654320063806093231e+03,1.857555598423024756e+00,3.583212811853092717e+04,3.285134355708917724e+02
1.182000000000000028e+02,1.653736833163616438e+03,1.858193426329647568e+00,3.583132832440343191e+04,3.285208136828483703e+02
1.183000000000000114e+02,1.653153863362080756e+03,1.858830785666234942e+00,3.583052356217564375e+04,3.285281854732743341e+02
1.184000000000000057e+02,1.652571156105394493e+03,1.859467673829818368e+00,3.582971375406635343e+04,3.285355509346402414e+02
1.185000000000000000e+02,1.651988713071992606e+03,1.860104088258522026e+00,3.582889882328482054e+04,3.285429100596259673e+02
1.186000000000000085e+02,1.651406535914836923e+03,1.860740026431563221e+00,3.582807869403078075e+04,3.285502628411209685e+02
1.187000000000000028e+02,1.650824626261417052e+03,1.861375485869252167e+00,3.582725329149442405e+04,3.285576092722242834e+02
1.188000000000000114e+02,1.650242985713748794e+03,1.862010464132991983e+00,3.582642254185642378e+04,3.285649493462444184e+02
1.189000000000000057e+02,1.649661615848376186e+03,1.862644958825278030e+00,3.582558637228790758e+04,3.285722830566992911e+02
1.190000000000000000e+02,1.649080518216369228e+03,1.863278967589699464e+00,3.582474471095047193e+04,3.285796103973164008e+02
1.191000000000000085e+02,1.648499694343325928e+03,1.863912488110937682e+00,3.582389748699618940e+04,3.285869313620328285e+02
1.192000000000000028e+02,1.647919145729371166e+03,1.864545518114766987e+00,3.582304463056757959e+04,3.285942459449951230e+02
1.193000000000000114e+02,1.647338873849156698e+03,1.865178055368054810e+00,3.582218607279766002e+04,3.286015541405591875e+02
1.194000000000000057e+02,1.646758880151861604e+03,1.865810097678761270e+00,3.582132174580988067e+04,3.286088559432905640e+02
1.195000000000000000e+02,1.646179166061192291e+03,1.866441642895939612e+00,3.582045158271818218e+04,3.286161513479644327e+02
1.196000000000000085e+02,1.645599732975381585e+03,1.867072688909735545e+00,3.581957551762697403e+04,3.286234403495651577e+02
1.197000000000000028e+02,1.645020582267190321e+03,1.867703233651387684e+00,3.581869348563111998e+04,3.286307229432869690e+02
1.198000000000000114e+02,1.644441715283905751e+03,1.868333275093227996e+00,3.581780542281594535e+04,3.286379991245332803e+02
1.199000000000000057e+02,1.643863133347342682e+03,1.868962811248680689e+00,3.581691126625727338e+04,3.286452688889172009e+02
1.200000000000000000e+02,1.643284837753842794e+03,1.869591840172263320e+00,3.581601095402135252e+04,3.286525322322613647e+02
1.201000000000000085e+02,1.642706829774274865e+03,1.870220359959586132e+00,3.581510442516494368e+04,3.286597891505977600e+02
1.202000000000000028e+02,1.642129110654035230e+03,1.870848368747352053e+00,3.581419161973523296e+04,3.286670396401680705e+02
1.203000000000000114e+02,1.641551681613046867e+03,1.871475864713357140e+00,3.581327247876989713e+04,3.286742836974233342e+02
1.204000000000000057e+02,1.640974543845759854e+03,1.872102846076490135e+00,3.581234694429707451e+04,3.286815213190241707e+02
1.205000000000000000e+02,1.640397698521151824e+03,1.872729311096732907e+00,3.581141495933537954e+04,3.286887525018406677e+02
1.206000000000000085e+02,1.639821146782726828e+03,1.873355258075160235e+00,3.581047646789387363e+04,3.286959772429524946e+02
1.207000000000000028e+02,1.639244889748517153e+03,1.873980685353938913e+00,3.580953141497210163e+04,3.287031955396487319e+02
1.208000000000000114e+02,1.638668928511080821e+03,1.874605591316329756e+00,3.580857974656007718e+04,3.287104073894280418e+02
1.209000000000000057e+02,1.638093264137504320e+03,1.875229974386685594e+00,3.580762140963826823e+04,3.287176127899985545e+02
1.210000000000000000e+02,1.637517897669400099e+03,1.875853833030452833e+00,3.580665635217762610e+04,3.287248117392779250e+02
1.211000000000000085e+02,1.636942830122908390e+03,1.876477165754170118e+00,3.580568452313954185e+04,3.287320042353933331e+02
1.212000000000000028e+02,1.636368062488696523e+03,1.877099971105469223e+00,3.580470587247591175e+04,3.287391902766813701e+02
1.213000000000000114e+02,1.635793595731958476e+03,1.877722247673074829e+00,3.580372035112906451e+04,3.287463698616882652e+02
1.214000000000000057e+02,1.635219430792416233e+03,1.878343994086804525e+00,3.580272791103181953e+04,3.287535429891696594e+02
1.215000000000000000e+02,1.634645568584317971e+03,1.878965209017568583e+00,3.580172850510745047e+04,3.287607096580907182e+02
1.216000000000000085e+02,1.634072009996439419e+03,1.879585891177370183e+00,3.580072208726970712e+04,3.287678698676262457e+02
1.217000000000000028e+02,1.633498755892083636e+03,1.880206039319305411e+00,3.579970861242279352e+04,3.287750236171603433e+02
1.218000000000000114e+02,1.632925807109080097e+03,1.880825652237563261e+00,3.579868803646140441e+04,3.287821709062866944e+02
1.219000000000000057e+02,1.632353164459786285e+03,1.881444728767425856e+00,3.579766031627066695e+04,3.287893117348086207e+02
1.220000000000000000e+02,1.631780828731086103e+03,1.882063267785267335e+00,3.579662540972620627e+04,3.287964461027387415e+02
1.221000000000000085e+02,1.631208800684390781e+03,1.882681268208555858e+00,3.579558327569410176e+04,3.288035740102993145e+02
1.222000000000000028e+02,1.630637081055639101e+03,1.883298728995851379e+00,3.579453387403090164e+04,3.288106954579221224e+02
1.223000000000000114e+02,1.630065670555296037e+03,1.883915649146807425e+00,3.579347716558362299e+04,3.288178104462483589e+02
1.224000000000000057e+02,1.629494569868354574e+03,1.884532027702169987e+00,3.579241311218974442e+04,3.288249189761287994e+02
1.225000000000000000e+02,1.628923779654334339e+03,1.885147863743778407e+00,3.579134167667721340e+04,3.288320210486236306e+02
1.226000000000000085e+02,1.628353300547282288e+03,1.885763156394564266e+00,3.579026282286445348e+04,3.288391166650027344e+02
1.227000000000000028e+02,1.627783133155772475e+03,1.886377904818552498e+00,3.578917651556034980e+04,3.288462058267452903e+02
1.228000000000000114e+02,1.627213278062905829e+03,1.886992108220860942e+00,3.578808272056424175e+04,3.288532885355401731e+02
1.229000000000000057e+02,1.626643735826310831e+03,1.887605765847699679e+00,3.578698140466595942e+04,3.288603647932855552e+02
1.230000000000000000e+02,1.626074506978142836e+03,1.888218876986372141e+00,3.578587253564578714e+04,3.288674346020893040e+02
1.231000000000000085e+02,1.625505592025083843e+03,1.888831440965274888e+00,3.578475608227447083e+04,3.288744979642686417e+02
1.232000000000000028e+02,1.624936991448344088e+03,1.889443457153896500e+00,3.578363201431323978e+04,3.288815548823504855e+02
1.233000000000000114e+02,1.624368705703659771e+03,1.890054924962819571e+00,3.578250030251377029e+04,3.288886053590711072e+02
1.234000000000000057e+02,1.623800735221295099e+03,1.890665843843718497e+00,3.578136091861822206e+04,3.288956493973763600e+02
1.235000000000000000e+02,1.623233080406040699e+03,1.891276213289360797e+00,3.578021383535921632e+04,3.289026870004214516e+02
1.236000000000000085e+02,1.622665741637214978e+03,1.891886032833607789e+00,3.577905902645984315e+04,3.289097181715713987e+02
1.237000000000000028e+02,1.622098719268662990e+03,1.892495302051412143e+00,3.577789646663366148e+04,3.289167429144004018e+02
1.238000000000000114e+02,1.621532013628756886e+03,1.893104020558820544e+00,3.577672613158468448e+04,3.289237612326923568e+02
1.239000000000000057e+02,1.620965625020396374e+03,1.893712188012971920e+00,3.577554799800740875e+04,3.289307731304406843e+02
1.240000000000000000e+02,1.620399553721008033e+03,1.894319804112098549e+00,3.577436204358679242e+04,3.289377786118481595e+02
1.241000000000000085e+02,1.619833799982545088e+03,1.894926868595525171e+00,3.577316824699825520e+04,3.289447776813271958e+02
1.242000000000000028e+02,1.619268364031488773e+03,1.895533381243669657e+00,3.577196658790768561e+04,3.289517703434997316e+02
1.243000000000000114e+02,1.618703246068846965e+03,1.896139341878042561e+00,3.577075704697145557e+04,3.289587566031970596e+02
1.244000000000000057e+02,1.618138446270154418e+03,1.896744750361247345e+00,3.576953960583638400e+04,3.289657364654601110e+02
1.245000000000000000e+02,1.617573964785473436e+03,1.897349606596980376e+00,3.576831424713975866e+04,3.289727099355393420e+02
1.246000000000000085e+02,1.617009801739393424e+03,1.897953910530030930e+00,3.576708095450935070e+04,3.289796770188945629e+02
1.247000000000000028e+02,1.616445957231030661e+03,1.898557662146281189e+00,3.576583971256337827e+04,3.289866377211952795e+02
1.248000000000000114e+02,1.615882431334028524e+03,1.899160861472706019e+00,3.576459050691054290e+04,3.289935920483204086e+02
1.249000000000000057e+02,1.615319224096557946e+03,1.899763508577373194e+00,3.576333332415000041e+04,3.290005400063583352e+02
1.250000000000000000e+02,1.614756335541316503e+03,1.900365603569443618e+00,3.576206815187138272e+04,3.290074816016070258e+02
1.251000000000000085e+02,1.614193765665528872e+03,1.900967146599170654e+00,3.576079497865479061e+04,3.290144168405739151e+02
1.252000000000000028e+02,1.613631514440947512e+03,1.901568137857900798e+00,3.575951379407077911e+04,3.290213457299759625e+02
1.253000000000000114e+02,1.613069581813851073e+03,1.902168577578073227e+00,3.575822458868037938e+04,3.290282682767396523e+02
1.254000000000000057e+02,1.612507967705045985e+03,1.902768466033220252e+00,3.575692735403509141e+04,3.290351844880009367e+02
1.255000000000000000e+02,1.611946672009865551e+03,1.903367803537966862e+00,3.575562208267688402e+04,3.290420943711052928e+02
1.256000000000000085e+02,1.611385694598170403e+03,1.903966590448031182e+00,3.575430876813818759e+04,3.290489979336077226e+02
1.257000000000000028e+02,1.610825035314347815e+03,1.904564827160223350e+00,3.575298740494190133e+04,3.290558951832726962e+02
1.258000000000000114e+02,1.610264693977312845e+03,1.905162514112447747e+00,3.575165798860138602e+04,3.290627861280742081e+02
1.259000000000000057e+02,1.609704670380506968e+03,1.905759651783700326e+00,3.575032051562048582e+04,3.290696707761958351e+02
1.260000000000000000e+02,1.609144964291899441e+03,1.906356240694070614e+00,3.574897498349349189e+04,3.290765491360304509e+02
1.261000000000000085e+02,1.608585575453986166e+03,1.906952281404741045e+00,3.574762139070517151e+04,3.290834212161806818e+02
1.262000000000000028e+02,1.608026503583790372e+03,1.907547774517986294e+00,3.574625973673076805e+04,3.290902870254585082e+02
1.263000000000000114e+02,1.607467748372862161e+03,1.908142720677174831e+00,3.574489002203597920e+04,3.290971465728854923e+02
1.264000000000000057e+02,1.606909309487279415e+03,1.908737120566766921e+00,3.574351224807697145e+04,3.291039998676927212e+02
1.265000000000000000e+02,1.606351186567646437e+03,1.909330974912316847e+00,3.574212641730038740e+04,3.291108469193206361e+02
1.266000000000000085e+02,1.605793379229094626e+03,1.909924284480470691e+00,3.574073253314333124e+04,3.291176877374193737e+02
1.267000000000000028e+02,1.605235887061283165e+03,1.910517050078968104e+00,3.573933060003336868e+04,3.291245223318484818e+02
1.268000000000000114e+02,1.604678709628397883e+03,1.911109272556641425e+00,3.573792062338853430e+04,3.291313507126769764e+02
1.269000000000000057e+02,1.604121846469151478e+03,1.911700952803415676e+00,3.573650260961734602e+04,3.291381728901835686e+02
1.270000000000000000e+02,1.603565297096784661e+03,1.912292091750308787e+00,3.573507656611876882e+04,3.291449888748562103e+02
1.271000000000000085e+02,1.603009060999064104e+03,1.912882690369432037e+00,3.573364250128224376e+04,3.291517986773925486e+02
1.272000000000000028e+02,1.602453137638284488e+03,1.913472749673988949e+00,3.573220042448767344e+04,3.291586023086996988e+02
1.273000000000000114e+02,1.601897526451267368e+03,1.914062270718276171e+00,3.573075034610543662e+04,3.291653997798942441e+02
1.274000000000000057e+02,1.601342226849361168e+03,1.914651254597683039e+00,3.572929227749638085e+04,3.291721911023022926e+02
1.275000000000000000e+02,1.600787238218441871e+03,1.915239702448692016e+00,3.572782623101180070e+04,3.291789762874594771e+02
1.276000000000000085e+02,1.600232559918912102e+03,1.915827615448878696e+00,3.572635221999348141e+04,3.291857553471109554e+02
1.277000000000000028e+02,1.599678191285702042e+03,1.916414994816910466e+00,3.572487025877365522e+04,3.291925282932113532e+02
1.278000000000000114e+02,1.599124131628268515e+03,1.917001841812548957e+00,3.572338036267504503e+04,3.291992951379247643e+02
1.279000000000000057e+02,1.598570380230596129e+03,1.917588157736647592e+00,3.572188254801082803e+04,3.292060558936249208e+02
1.280000000000000000e+02,1.598016936351196136e+03,1.918173943931153147e+00,3.572037683208463568e+04,3.292128105728949663e+02
1.280999999999999943e+02,1.597463799223106662e+03,1.918759201779105306e+00,3.571886323319059011e+04,3.292195591885275121e+02
1.282000000000000171e+02,1.596910968053893384e+03,1.919343932704636657e+00,3.571734177061326045e+04,3.292263017535247513e+02
1.283000000000000114e+02,1.596358442025649310e+03,1.919928138172972032e+00,3.571581246462770650e+04,3.292330382810984020e+02
1.284000000000000057e+02,1.595806220294994091e+03,1.920511819690429611e+00,3.571427533649942779e+04,3.292397687846695931e+02
1.285000000000000000e+02,1.595254301993074478e+03,1.921094978804420927e+00,3.571273040848440723e+04,3.292464932778690923e+02
1.285999999999999943e+02,1.594702686225565003e+03,1.921677617103449309e+00,3.571117770382910385e+04,3.292532117745370215e+02
1.287000000000000171e+02,1.594151372072666163e+03,1.922259736217112103e+00,3.570961724677041639e+04,3.292599242887231981e+02
1.288000000000000114e+02,1.593600358589106690e+03,1.922841337816098450e+00,3.570804906253573427e+04,3.292666308346867368e+02
1.289000000000000057e+02,1.593049644804142190e+03,1.923422423612190846e+00,3.570647317734290118e+04,3.292733314268964477e+02
1.290000000000000000e+02,1.592499229721554684e+03,1.924002995358265133e+00,3.570488961840024422e+04,3.292800260800304386e+02
1.290999999999999943e+02,1.591949112319654205e+03,1.924583054848288954e+00,3.570329841390653746e+04,3.292867148089766260e+02
1.292000000000000171e+02,1.591399291551277202e+03,1.925162603917323745e+00,3.570169959305103112e+04,3.292933976288321105e+02
1.293000000000000114e+02,1.590849766343788133e+03,1.925741644441523404e+00,3.570009318601344421e+04,3.293000745549036878e+02
1.294000000000000057e+02,1.590300535599077421e+03,1.926320178338134737e+00,3.569847922396396461e+04,3.293067456027076219e+02
1.295000000000000000e+02,1.589751598193563495e+03,1.926898207565497456e+00,3.569685773906324903e+04,3.293134107879697012e+02
1.295999999999999943e+02,1.589202952978191661e+03,1.927475734123043960e+00,3.569522876446240116e+04,3.293200701266251826e+02
1.297000000000000171e+02,1.588654598778433865e+03,1.928052760051299996e+00,3.569359233430301538e+04,3.293267236348189044e+02
1.298000000000000114e+02,1.588106534394290065e+03,1.928629287431883554e+00,3.569194848371714761e+04,3.293333713289050593e+02
1.299000000000000057e+02,1.587558758600286865e+03,1.929205318387505974e+00,3.569029724882730807e+04,3.293400132254474784e+02
1.300000000000000000e+02,1.587011270145477738e+03,1.929780855081971280e+00,3.568863866674650490e+04,3.293466493412195177e+02
1.300999999999999943e+02,1.586464067753443715e+03,1.930355899720176183e+00,3.568697277557817142e+04,3.293532796932039446e+02
1.302000000000000171e+02,1.585917150122292469e+03,1.930930454548110742e+00,3.568529961441623891e+04,3.293599042985931078e+02
1.303000000000000114e+02,1.585370515924659685e+03,1.931504521852857259e+00,3.568361922334510018e+04,3.293665231747887674e+02
1.304000000000000057e+02,1.584824163807707009e+03,1.932078103962591387e+00,3.568193164343960962e+04,3.293731363394023788e+02
1.305000000000000000e+02,1.584278092393124098e+03,1.932651203246581462e+00,3.568023691676508315e+04,3.293797438102546380e+02
1.305999999999999943e+02,1.583732300277127251e+03,1.933223822115188950e+00,3.567853508637732739e+04,3.293863456053759933e+02
1.307000000000000171e+02,1.583186786030459871e+03,1.933795963019867559e+00,3.567682619632258138e+04,3.293929417430063040e+02
1.308000000000000114e+02,1.582641548198393139e+03,1.934367628453164345e+00,3.567511029163758212e+04,3.293995322415948976e+02
1.309000000000000057e+02,1.582096585300724428e+03,1.934938820948719274e+00,3.567338741834952089e+04,3.294061171198006264e+02
1.310000000000000000e+02,1.581551895831778893e+03,1.935509543081264772e+00,3.567165762347605778e+04,3.294126963964919241e+02
1.310999999999999943e+02,1.581007478260408561e+03,1.936079797466626840e+00,3.566992095502531447e+04,3.294192700907466360e+02
1.312000000000000171e+02,1.580463331029992332e+03,1.936649586761723718e+00,3.566817746199588873e+04,3.294258382218521888e+02
1.313000000000000114e+02,1.579919452558436888e+03,1.937218913664566333e+00,3.566642719437683991e+04,3.294324008093054204e+02
1.314000000000000057e+02,1.579375841238175326e+03,1.937787780914259406e+00,3.566467020314769616e+04,3.294389578728128072e+02
1.315000000000000000e+02,1.578832495436168529e+03,1.938356191290999453e+00,3.566290654027845449e+04,3.294455094322902369e+02
1.315999999999999943e+02,1.578289413493903794e+03,1.938924147616076565e+00,3.566113625872958073e+04,3.294520555078631219e+02
1.317000000000000171e+02,1.577746593727395748e+03,1.939491652751873962e+00,3.565935941245199501e+04,3.294585961198663995e+02
1.318000000000000114e+02,1.577204034427186798e+03,1.940058709601866438e+00,3.565757605638710083e+04,3.294651312888445318e+02
1.319000000000000057e+02,1.576661733858345769e+03,1.940625321110623025e+00,3.565578624646676326e+04,3.294716610355513922e+02
1.320000000000000000e+02,1.576119690260468587e+03,1.941191490263804997e+00,3.565399003961330891e+04,3.294781853809505492e+02
1.320999999999999943e+02,1.575577901847678731e+03,1.941757220088166536e+00,3.565218749373954051e+04,3.294847043462148122e+02
1.322000000000000171e+02,1.575036366808626326e+03,1.942322513651554727e+00,3.565037866774871509e+04,3.294912179527267995e+02
1.323000000000000114e+02,1.574495083306489050e+03,1.942887374062909567e+00,3.564856362153458031e+04,3.294977262220783700e+02
1.324000000000000057e+02,1.573954049478971456e+03,1.943451804472263733e+00,3.564674241598133085e+04,3.295042291760710782e+02
1.325000000000000000e+02,1.573413263438305194e+03,1.944015808070743034e+00,3.564491511296362296e+04,3.295107268367158326e+02
1.325999999999999943e+02,1.572872723271249242e+03,1.944579388090565963e+00,3.564308177534660354e+04,3.295172192262331805e+02
1.327000000000000171e+02,1.572332427039089453e+03,1.945142547805044142e+00,3.564124246698586649e+04,3.295237063670531370e+02
1.328000000000000114e+02,1.571792372777638775e+03,1.945705290528581877e+00,3.563939725272748910e+04,3.295301882818152421e+02
1.329000000000000057e+02,1.571252558497237942e+03,1.946267619616675937e+00,3.563754619840799569e+04,3.295366649933683902e+02
1.330000000000000000e+02,1.570712982182753649e+03,1.946829538465916443e+00,3.563568937085439393e+04,3.295431365247712279e+02
1.330999999999999943e+02,1.570173641793580828e+03,1.947391050513986643e+00,3.563382683788416034e+04,3.295496028992916990e+02
1.332000000000000171e+02,1.569634535263640373e+03,1.947952159239662251e+00,3.563195866830522573e+04,3.295560641404074431e+02
1.333000000000000114e+02,1.569095660501381872e+03,1.948512868162811440e+00,3.563008493191599700e+04,3.295625202718053970e+02
1.334000000000000057e+02,1.568557015389780418e+03,1.949073180844395958e+00,3.562820569950534264e+04,3.295689713173821929e+02
1.335000000000000000e+02,1.568018597786339342e+03,1.949633100886470238e+00,3.562632104285260721e+04,3.295754173012438173e+02
1.335999999999999943e+02,1.567480405523088393e+03,1.950192631932181397e+00,3.562443103472758958e+04,3.295818582477058953e+02
1.337000000000000171e+02,1.566942436406584875e+03,1.950751777665769682e+00,3.562253574889057199e+04,3.295882941812935201e+02
1.338000000000000114e+02,1.566404688217913190e+03,1.951310541812568022e+00,3.562063526009228372e+04,3.295947251267412526e+02
1.339000000000000057e+02,1.565867158712684386e+03,1.951868928139001813e+00,3.561872964407393738e+04,3.296011511089931787e+02
1.340000000000000000e+02,1.565329845621037293e+03,1.952426940452590465e+00,3.561681897756721446e+04,3.296075721532028524e+02
1.340999999999999943e+02,1.564792746647637614e+03,1.952984582601944963e+00,3.561490333829425072e+04,3.296139882847334661e+02
1.342000000000000171e+02,1.564255859471677695e+03,1.953541858476770088e+00,3.561298280496765074e+04,3.296203995291575666e+02
1.343000000000000114e+02,1.563719181746877666e+03,1.954098772007862639e+00,3.561105745729049522e+04,3.296268059122572822e+02
1.344000000000000057e+02,1.563182711101484529e+03,1.954655327167113432e+00,3.560912737595633371e+04,3.296332074600242663e+02
1.345000000000000000e+02,1.562646445138272611e+03,1.955211527967505081e+00,3.560719264264917001e+04,3.296396041986596401e+02
1.345999999999999943e+02,1.562110381434542660e+03,1.955767378463113326e+00,3.560525334004347678e+04,3.296459961545740498e+02
1.347000000000000171e+02,1.561574517542123431e+03,1.956322882749107483e+00,3.560330955180421006e+04,3.296523833543876094e+02
1.348000000000000114e+02,1.561038850987370324e+03,1.956878044961748664e+00,3.560136136258678016e+04,3.296587658249300148e+02
1.349000000000000057e+02,1.560503379271165613e+03,1.957432869278391552e+00,3.559940885803705896e+04,3.296651435932403729e+02
1.350000000000000000e+02,1.559968099868919580e+03,1.957987359917483516e+00,3.559745212479140173e+04,3.296715166865674860e+02
1.350999999999999943e+02,1.559433010230568698e+03,1.958541521138564612e+00,3.559549125047661073e+04,3.296778851323693402e+02
1.352000000000000171e+02,1.558898107780576765e+03,1.959095357242268465e+00,3.559352632370997890e+04,3.296842489583137876e+02
1.353000000000000114e+02,1.558363389917935365e+03,1.959648872570320277e+00,3.559155743409924617e+04,3.296906081922779777e+02
1.354000000000000057e+02,1.557828854016162268e+03,1.960202071505539267e+00,3.558958467224263586e+04,3.296969628623485278e+02
1.355000000000000000e+02,1.557294497423303028e+03,1.960754958471837117e+00,3.558760812972881831e+04,3.297033129968217509e+02
1.355999999999999943e+02,1.556760317461929844e+03,1.961307537934218415e+00,3.558562789913695451e+04,3.297096586242032572e+02
1.357000000000000171e+02,1.556226311429142243e+03,1.961859814398780655e+00,3.558364407403665246e+04,3.297159997732084094e+02
1.358000000000000114e+02,1.555692476596567303e+03,1.962411792412713796e+00,3.558165674898800353e+04,3.297223364727618105e+02
1.359000000000000057e+02,1.555158810210358524e+03,1.962963476564301146e+00,3.557966601954156067e+04,3.297286687519977590e+02
1.360000000000000000e+02,1.554625309491196731e+03,1.963514871482918700e+00,3.557767198223833111e+04,3.297349966402599648e+02
1.360999999999999943e+02,1.554091971634290303e+03,1.964065981839035580e+00,3.557567473460980545e+04,3.297413201671016623e+02
1.362000000000000171e+02,1.553558793809373810e+03,1.964616812344213370e+00,3.557367437517793587e+04,3.297476393622856676e+02
1.363000000000000114e+02,1.553025773160710287e+03,1.965167367751106564e+00,3.557167100345515064e+04,3.297539542557842651e+02
1.364000000000000057e+02,1.552492906807088502e+03,1.965717652853463004e+00,3.556966471994432504e+04,3.297602648777790932e+02
1.365000000000000000e+02,1.551960191841825235e+03,1.966267672486122553e+00,3.556765562613881775e+04,3.297665712586615996e+02
1.365999999999999943e+02,1.551427625332763910e+03,1.966817431525018867e+00,3.556564382452244899e+04,3.297728734290324724e+02
1.367000000000000171e+02,1.550895204322275504e+03,1.967366934887178065e+00,3.556362941856950783e+04,3.297791714197020383e+02
1.368000000000000114e+02,1.550362925827257868e+03,1.967916187530718730e+00,3.556161251274474489e+04,3.297854652616900353e+02
1.369000000000000057e+02,1.549830786839135953e+03,1.968465194454852796e+00,3.555959321250339417e+04,3.297917549862258966e+02
1.370000000000000000e+02,1.549298784323861810e+03,1.969013960699884880e+00,3.555757162429113669e+04,3.297980406247482961e+02
1.370999999999999943e+02,1.548766915221914815e+03,1.969562491347212951e+00,3.555554785554413684e+04,3.298043222089057167e+02
1.372000000000000171e+02,1.548235176448300990e+03,1.970110791519326998e+00,3.555352201468901330e+04,3.298105997705558252e+02
1.373000000000000114e+02,1.547703564892554141e+03,1.970658866379810581e+00,3.555149421114286088e+04,3.298168733417660405e+02
1.374000000000000057e+02,1.547172077418734716e+03,1.971206721133339723e+00,3.554946455531322863e+04,3.298231429548132496e+02
1.375000000000000000e+02,1.546640710865430492e+03,1.971754361025683133e+00,3.554743315859815630e+04,3.298294086421837505e+02
1.375999999999999943e+02,1.546109462045756118e+03,1.972301791343703314e+00,3.554540013338613062e+04,3.298356704365734231e+02
1.377000000000000171e+02,1.545578327747353569e+03,1.972849017415354789e+00,3.554336559305611445e+04,3.298419283708876151e+02
1.378000000000000114e+02,1.545047304732392149e+03,1.973396044609684985e+00,3.554132965197752492e+04,3.298481824782411991e+02
1.379000000000000057e+02,1.544516389737568034e+03,1.973942878336834683e+00,3.553929242551026982e+04,3.298544327919585726e+02
1.380000000000000000e+02,1.543985579474104270e+03,1.974489524048036904e+00,3.553725403000470396e+04,3.298606793455736579e+02
1.380999999999999943e+02,1.543454870627751234e+03,1.975035987235618018e+00,3.553521458280165825e+04,3.298669221728297885e+02
1.382000000000000171e+02,1.542924259858786854e+03,1.975582273432997304e+00,3.553317420223242516e+04,3.298731613076798794e+02
1.383000000000000114e+02,1.542393743802015479e+03,1.976128388214686504e+00,3.553113300761877326e+04,3.298793967842863708e+02
1.384000000000000057e+02,1.541863319066769009e+03,1.976674337196290487e+00,3.552909111927293270e+04,3.298856286370212274e+02
1.385000000000000000e+02,1.541332982236906446e+03,1.977220126034506809e+00,3.552704865849759517e+04,3.298918569004657684e+02
1.385999999999999943e+02,1.540802729870813437e+03,1.977765760427126152e+00,3.552500574758593575e+04,3.298980816094109514e+02
1.387000000000000171e+02,1.540272558501403410e+03,1.978311246113032107e+00,3.552296250982157653e+04,3.299043027988573158e+02
1.388000000000000114e+02,1.539738148005593530e+03,1.978865814063420325e+00,3.552099862267144636e+04,3.299105656710971175e+02
1.389000000000000057e+02,1.539162634669591398e+03,1.979507665588530640e+00,3.551983334039282636e+04,3.299172526959243328e+02
1.390000000000000000e+02,1.538541611762155753e+03,1.980244600462967242e+00,3.551965901195508923e+04,3.299244009097473622e+02
1.390999999999999943e+02,1.537879945224512085e+03,1.981064571224039117e+00,3.552049922005274129e+04,3.299319501537783026e+02
1.392000000000000171e+02,1.537182348277609663e+03,1.981955931287467942e+00,3.552237528312888753e+04,3.299398422851564305e+02
1.393000000000000114e+02,1.536453381422121993e+03,1.982907434947386305e+00,3.552530625537514425e+04,3.299480211769482594e+02
1.394000000000000057e+02,1.535697452438445907e+03,1.983908237376339700e+00,3.552930892673171911e+04,3.299564327181475392e+02
1.395000000000000000e+02,1.534918816386701565e+03,1.984947894625285647e+00,3.553439782288735296e+04,3.299650248136751998e+02
1.395999999999999943e+02,1.534121575606733359e+03,1.986016363623593239e+00,3.554058520527934888e+04,3.299737473843794078e+02
1.397000000000000171e+02,1.533309679718109237e+03,1.987104002179044704e+00,3.554788107109356497e+04,3.299825523670353959e+02
1.398000000000000114e+02,1.532486925620121383e+03,1.988201568977832290e+00,3.555629315326440701e+04,3.299913937143458043e+02
1.399000000000000057e+02,1.531656957491784851e+03,1.989300223584562488e+00,3.556582692047485762e+04,3.300002273949403389e+02
1.400000000000000000e+02,1.530823266791839160e+03,1.990391526442252479e+00,3.557648557715642528e+04,3.300090113933759426e+02
1.400999999999999943e+02,1.529989192258747153e+03,1.991467438872332130e+00,3.558827006348919531e+04,3.300177057101367950e+02
1.402000000000000171e+02,1.529157919910695227e+03,1.992520323074643329e+00,3.560117905540180072e+04,3.300262723616342555e+02
1.403000000000000114e+02,1.528332483045594245e+03,1.993542942127439321e+00,3.561520896457142226e+04,3.300346753802069202e+02
1.404000000000000057e+02,1.527515762241078392e+03,1.994528459987386038e+00,3.563035393842381018e+04,3.300428808141205081e+02
1.405000000000000000e+02,1.526710485354505181e+03,1.995470441489561431e+00,3.564660586013325519e+04,3.300508567275680321e+02
1.405999999999999943e+02,1.525919227522956362e+03,1.996362852347455474e+00,3.566395434862261027e+04,3.300585732006696276e+02
1.407000000000000171e+02,1.525144411163237010e+03,1.997200059152969942e+00,3.568238675856329792e+04,3.300660023294727807e+02
1.408000000000000114e+02,1.524388305971876889e+03,1.997976829376419072e+00,3.570188818037525925e+04,3.300731182259520438e+02
1.409000000000000057e+02,1.523653028925128183e+03,1.998688331366528459e+00,3.572244144022701948e+04,3.300798970180092056e+02
1.410000000000000000e+02,1.522940544278967764e+03,1.999330134350436605e+00,3.574402710003565153e+04,3.300863168494732349e+02
1.410999999999999943e+02,1.522252663569095830e+03,1.999898208433693370e+00,3.576662345746679057e+04,3.300923578801003941e+02
1.412000000000000171e+02,1.521591045610936135e+03,2.000388924600261298e+00,3.579020654593461222e+04,3.300980022855741254e+02
1.413000000000000114e+02,1.520957196499636893e+03,2.000799054712514735e+00,3.581475013460185437e+04,3.301032342575049938e+02
1.414000000000000057e+02,1.520352469610069420e+03,2.001125771511238938e+00,3.584022572837980988e+04,3.301080400034308582e+02
1.415000000000000000e+02,1.519778065596828583e+03,2.001366648615633625e+00,3.586660256792832661e+04,3.301124077468167570e+02
1.415999999999999943e+02,1.519235032394233485e+03,2.001519660523308097e+00,3.589384762965580012e+04,3.301163277270549088e+02
1.417000000000000171e+02,1.518724265216327012e+03,2.001583182610285672e+00,3.592192562571921007e+04,3.301197921994647686e+02
1.418000000000000114e+02,1.518246506556875374e+03,2.001555991131000134e+00,3.595079900402404746e+04,3.301227954352929714e+02
1.419000000000000057e+02,1.517802346189368564e+03,2.001437263218298845e+00,3.598042794822438736e+04,3.301253337217133890e+02
1.420000000000000000e+02,1.517392221167020807e+03,2.001226576883439190e+00,3.601077037772284530e+04,3.301274053618270727e+02
1.420999999999999943e+02,1.517016415822769432e+03,2.000923911016093015e+00,3.604178194767061359e+04,3.301290106746623110e+02
1.422000000000000171e+02,1.516675061769275544e+03,2.000529645384342192e+00,3.607341604896742501e+04,3.301301519951745149e+02
1.423000000000000114e+02,1.516368137898924715e+03,2.000044560634682167e+00,3.610562380826154549e+04,3.301308336742464462e+02
1.424000000000000057e+02,1.516095470383825614e+03,1.999469838292019075e+00,3.613835408794983232e+04,3.301310620786879326e+02
1.425000000000000000e+02,1.515856732675810463e+03,1.998807060759672183e+00,3.617155348617768323e+04,3.301308455912360387e+02
1.425999999999999943e+02,1.515651445506435721e+03,1.998058211319372113e+00,3.620516633683905820e+04,3.301301946105551224e+02
1.427000000000000171e+02,1.515478976886981172e+03,1.997225674131261730e+00,3.623913470957645768e+04,3.301291215512366080e+02
1.428000000000000114e+02,1.515338542108450838e+03,1.996312234233896588e+00,3.627339840978093707e+04,3.301276408437992700e+02
1.429000000000000057e+02,1.515229203741572064e+03,1.995321077544243371e+00,3.630789497859212133e+04,3.301257689346889492e+02
1.430000000000000000e+02,1.515149871636795979e+03,1.994255790857681232e+00,3.634255969289818313e+04,3.301235242862788368e+02
1.430999999999999943e+02,1.515099302924297490e+03,1.993120361848001121e+00,3.637732556533585011e+04,3.301209273768691901e+02
1.432000000000000171e+02,1.515076102013975287e+03,1.991919179067406231e+00,3.641212334429041221e+04,3.301180007006875599e+02
1.433000000000000114e+02,1.515078720595451614e+03,1.990657031946512223e+00,3.644688151389569248e+04,3.301147687678886768e+02
1.434000000000000057e+02,1.515105457638072721e+03,1.989339110794346110e+00,3.648152629403409082e+04,3.301112581045544516e+02
1.435000000000000000e+02,1.515154459390908187e+03,1.987971006798347151e+00,3.651598164033656212e+04,3.301074972526940314e+02
1.435999999999999943e+02,1.515223719382752051e+03,1.986558712024367068e+00,3.655016924418259441e+04,3.301035167702437434e+02
1.437000000000000171e+02,1.515311078422121227e+03,1.985108619416668496e+00,3.658400853270026710e+04,3.300993492310672082e+02
1.438000000000000114e+02,1.515414224597256862e+03,1.983627522797928089e+00,3.661741666876617091e+04,3.300950292249551126e+02
1.439000000000000057e+02,1.515530693276123884e+03,1.982122616869232523e+00,3.665030855100548069e+04,3.300905933576254938e+02
1.440000000000000000e+02,1.515657867106410549e+03,1.980601497210082051e+00,3.668259681379191898e+04,3.300860802507234553e+02
1.440999999999999943e+02,1.515792976015529121e+03,1.979072160278387615e+00,3.671419182724777056e+04,3.300815305418213370e+02
1.442000000000000171e+02,1.515933097210615870e+03,1.977543003410473066e+00,3.674500169724386797e+04,3.300769868844188295e+02
1.443000000000000114e+02,1.516075155178529940e+03,1.976022824821074719e+00,3.677493226539959142e+04,3.300724939479426325e+02
1.444000000000000057e+02,1.516215921685855164e+03,1.974520823603340025e+00,3.680388710908288340e+04,3.300680984177467394e+02
1.445000000000000000e+02,1.516352015778898476e+03,1.973046599728828676e+00,3.683176754141024867e+04,3.300638489951123802e+02
1.445999999999999943e+02,1.516479903783691043e+03,1.971610154047512831e+00,3.685847261124673241e+04,3.300597963972479079e+02
1.447000000000000171e+02,1.516595899305987359e+03,1.970221888287775780e+00,3.688389910320595664e+04,3.300559933572889122e+02
1.448000000000000114e+02,1.516696163231265700e+03,1.968892605056414391e+00,3.690794153765006922e+04,3.300524946242983333e+02
1.449000000000000057e+02,1.516776703724728122e+03,1.967633507838636442e+00,3.693049217068979488e+04,3.300493569632660638e+02
1.450000000000000000e+02,1.516833376231300463e+03,1.966456200998061732e+00,3.695144099418440601e+04,3.300466391551093466e+02
1.450999999999999943e+02,1.516861883475632339e+03,1.965372689776722748e+00,3.697067573574173002e+04,3.300444019966726046e+02
1.452000000000000171e+02,1.516857775462097152e+03,1.964395380295063109e+00,3.698808185871814931e+04,3.300427083007274973e+02
1.453000000000000114e+02,1.516816449474791625e+03,1.963537079551940012e+00,3.700354256221860851e+04,3.300416228959728073e+02
1.454000000000000057e+02,1.516733150077536720e+03,1.962810995424620897e+00,3.701693878109658544e+04,3.300412126270346675e+02
1.455000000000000000e+02,1.516602969113876952e+03,1.962230736668786779e+00,3.702814918595414201e+04,3.300415463544662771e+02
1.455999999999999943e+02,1.516420845707080389e+03,1.961810312918529364e+00,3.703705018314187328e+04,3.300426949547480717e+02
1.457000000000000171e+02,1.516181566260138879e+03,1.961564134686353489e+00,3.704351591475894384e+04,3.300447313202877240e+02
1.458000000000000114e+02,1.515879764455768054e+03,1.961507013363175789e+00,3.704741825865306600e+04,3.300477303594200862e+02
1.459000000000000057e+02,1.515509921256407779e+03,1.961654161218324477e+00,3.704862682842050708e+04,3.300517689964072474e+02
1.460000000000000000e+02,1.515093565174278865e+03,1.961940950448299192e+00,3.704799500019694824e+04,3.300565175000770068e+02
1.460999999999999943e+02,1.514677009868383038e+03,1.962230225115096260e+00,3.704723621967712097e+04,3.300612770725746827e+02
1.462000000000000171e+02,1.514261189916349167e+03,1.962519169650331907e+00,3.704638809224136639e+04,3.300660333763685230e+02
1.463000000000000114e+02,1.513846084749829515e+03,1.962807792196784806e+00,3.704545320774389984e+04,3.300707864576832549e+02
1.464000000000000057e+02,1.513431674269712403e+03,1.963096100853349846e+00,3.704443408823313075e+04,3.300755363624023744e+02
1.465000000000000000e+02,1.513017938846121297e+03,1.963384103675037240e+00,3.704333318795169907e+04,3.300802831360680898e+02
1.465999999999999943e+02,1.512604859318416402e+03,1.963671808672972752e+00,3.704215289333642431e+04,3.300850268238814351e+02
1.467000000000000171e+02,1.512192416995193071e+03,1.963959223814398136e+00,3.704089552301834192e+04,3.300897674707021565e+02
1.468000000000000114e+02,1.511780593654282711e+03,1.964246357022670253e+00,3.703956332782269601e+04,3.300945051210485985e+02
1.469000000000000057e+02,1.511369371542752788e+03,1.964533216177261954e+00,3.703815849076892482e+04,3.300992398190981021e+02
1.470000000000000000e+02,1.510958733376906366e+03,1.964819809113761639e+00,3.703668312707068253e+04,3.301039716086865496e+02
1.470999999999999943e+02,1.510548662342282341e+03,1.965106143623873036e+00,3.703513928413582471e+04,3.301087005333087063e+02
1.472000000000000171e+02,1.510139142093655437e+03,1.965392227455416085e+00,3.703352894156640832e+04,3.301134266361179925e+02
1.473000000000000114e+02,1.509730156755036205e+03,1.965678068312325388e+00,3.703185401115869900e+04,3.301181499599265408e+02
1.474000000000000057e+02,1.509321690919671255e+03,1.965963673854652205e+00,3.703011633690315648e+04,3.301228705472054230e+02
1.475000000000000000e+02,1.508913729650043024e+03,1.966249051698562678e+00,3.702831769498445647e+04,3.301275884400841960e+02
1.475999999999999943e+02,1.508506258477869096e+03,1.966534209416338941e+00,3.702645979378148331e+04,3.301323036803512991e+02
1.477000000000000171e+02,1.508099263404103795e+03,1.966819154536378900e+00,3.702454427386731550e+04,3.301370163094539976e+02
1.478000000000000114e+02,1.507692730898937043e+03,1.967103894543195119e+00,3.702257270800923288e+04,3.301417263684981549e+02
1.479000000000000057e+02,1.507286647901794140e+03,1.967388436877416824e+00,3.702054660116873856e+04,3.301464338982483468e+02
1.480000000000000000e+02,1.506881001821336667e+03,1.967672788935788342e+00,3.701846739050152974e+04,3.301511389391280886e+02
1.480999999999999943e+02,1.506475780535462036e+03,1.967956958071169993e+00,3.701633644535749772e+04,3.301558415312194938e+02
1.482000000000000171e+02,1.506070972391303258e+03,1.968240951592537202e+00,3.701415506728074979e+04,3.301605417142634451e+02
1.483000000000000114e+02,1.505666566205229174e+03,1.968524776764981388e+00,3.701192449000960914e+04,3.301652395276595939e+02
1.484000000000000057e+02,1.505262551262844909e+03,1.968808440809709293e+00,3.700964587947657856e+04,3.301699350104663040e+02
1.485000000000000000e+02,1.504858917318990734e+03,1.969091950904043653e+00,3.700732033380838402e+04,3.301746282014007647e+02
1.485999999999999943e+02,1.504455654597743433e+03,1.969375314181422532e+00,3.700494888332595292e+04,3.301793191388387072e+02
1.487000000000000171e+02,1.504052753792415160e+03,1.969658537731399539e+00,3.700253249054440676e+04,3.301840078608149156e+02
1.488000000000000114e+02,1.503650206065553903e+03,1.969941628599644057e+00,3.700007205017308297e+04,3.301886944050226020e+02
1.489000000000000057e+02,1.503248003048943929e+03,1.970224593787941014e+00,3.699756838911552768e+04,3.301933788088139181e+02
1.490000000000000000e+02,1.502846136843605109e+03,1.970507440254191112e+00,3.699502226646948111e+04,3.301980611091997844e+02
1.490999999999999943e+02,1.502444600019792688e+03,1.970790174912410375e+00,3.699243437352689216e+04,3.302027413428497198e+02
1.492000000000000171e+02,1.502043385616998194e+03,1.971072804632730824e+00,3.698980533377391112e+04,3.302074195460920691e+02
1.493000000000000114e+02,1.501642487143949438e+03,1.971355336241399803e+00,3.698713570289090421e+04,3.302120957549138893e+02
1.494000000000000057e+02,1.501241898578609153e+03,1.971637776520780205e+00,3.698442596875242452e+04,3.302167700049611199e+02
1.495000000000000000e+02,1.500841614368176351e+03,1.971920132209350474e+00,3.698167655142724834e+04,3.302214423315381850e+02
1.495999999999999943e+02,1.500441629429086106e+03,1.972202410001705264e+00,3.697888780317834608e+04,3.302261127696085055e+02
1.497000000000000171e+02,1.500041939147008634e+03,1.972484616548554337e+00,3.697606000846288953e+04,3.302307813537940433e+02
1.498000000000000114e+02,1.499642539376850891e+03,1.972766758456723002e+00,3.697319338393227372e+04,3.302354481183757002e+02
1.499000000000000057e+02,1.499243426442754981e+03,1.973048842289152338e+00,3.697028807843207323e+04,3.302401130972930332e+02
1.500000000000000000e+02,1.498844597138099061e+03,1.973330874564899196e+00,3.696734417300207861e+04,3.302447763241441976e+02
1.500999999999999943e+02,1.498446048725497121e+03,1.973612861759135750e+00,3.696436168087629630e+04,3.302494378321864019e+02
1.502000000000000171e+02,1.498047778936798977e+03,1.973894810303149949e+00,3.696134054748292692e+04,3.302540976543352826e+02
1.503000000000000114e+02,1.497649785973090502e+03,1.974176726584345287e+00,3.695828065044436516e+04,3.302587558231654725e+02
1.504000000000000057e+02,1.497252068504692943e+03,1.974458616946241030e+00,3.695518179957723623e+04,3.302634123709101459e+02
1.505000000000000000e+02,1.496854625671163831e+03,1.974740487688471768e+00,3.695204373689234490e+04,3.302680673294614166e+02
1.505999999999999943e+02,1.496457457081296070e+03,1.975022345066787866e+00,3.694886613659471914e+04,3.302727207303699402e+02
1.507000000000000171e+02,1.496060562813119077e+03,1.975304195293055454e+00,3.694564860508357378e+04,3.302773726048453682e+02
1.508000000000000114e+02,1.495663943413897414e+03,1.975586044535255992e+00,3.694239068095234688e+04,3.302820229837557804e+02
1.509000000000000057e+02,1.495267599900131927e+03,1.975867898917486709e+00,3.693909183498867060e+04,3.302866718976282527e+02
1.510000000000000000e+02,1.494871533757558836e+03,1.976149764519960161e+00,3.693575147017437848e+04,3.302913193766485733e+02
1.510999999999999943e+02,1.494475746941150874e+03,1.976431647379005341e+00,3.693236892168552731e+04,3.302959654506611287e+02
1.512000000000000171e+02,1.494080241875115917e+03,1.976713553487065900e+00,3.692894345689235342e+04,3.303006101491691879e+02
1.513000000000000114e+02,1.493685021452898127e+03,1.976995488792701261e+00,3.692547427535931638e+04,3.303052535013347324e+02
1.514000000000000057e+02,1.493290089037177495e+03,1.977277459200587062e+00,3.692196050884507713e+04,3.303098955359784554e+02
1.515000000000000000e+02,1.492895448459869385e+03,1.977559470571514044e+00,3.691840122130249074e+04,3.303145362815798194e+02
1.515999999999999943e+02,1.492501104022125674e+03,1.977841528722388720e+00,3.691479540887862822e+04,3.303191757662770556e+02
1.517000000000000171e+02,1.492107060494333155e+03,1.978123639426233149e+00,3.691114199991476926e+04,3.303238140178670506e+02
1.518000000000000114e+02,1.491713323116115816e+03,1.978405808412185163e+00,3.690743985494638036e+04,3.303284510638055735e+02
1.519000000000000057e+02,1.491319897596332339e+03,1.978688041365497696e+00,3.690368776670314401e+04,3.303330869312069922e+02
1.520000000000000000e+02,1.490926790113077459e+03,1.978970343927540121e+00,3.689988446010895859e+04,3.303377216468444999e+02
1.520999999999999943e+02,1.490534007313681968e+03,1.979252721695796469e+00,3.689602859228190209e+04,3.303423552371501160e+02
1.522000000000000171e+02,1.490141556314712261e+03,1.979535180223867652e+00,3.689211875253427570e+04,3.303469877282144012e+02
1.523000000000000114e+02,1.489749444701971015e+03,1.979817725021468577e+00,3.688815346237258200e+04,3.303516191457867990e+02
1.524000000000000057e+02,1.489357680530496282e+03,1.980100361554431254e+00,3.688413117549753224e+04,3.303562495152754650e+02
1.525000000000000000e+02,1.488966272324562169e+03,1.980383095244702130e+00,3.688005027780402452e+04,3.303608788617473806e+02
1.525999999999999943e+02,1.488575229077678387e+03,1.980665931470344310e+00,3.687590908738118014e+04,3.303655072099280687e+02
1.527000000000000171e+02,1.488184415228096213e+03,1.980948978983995135e+00,3.687172087817099964e+04,3.303701350826337944e+02
1.528000000000000114e+02,1.487793533169788134e+03,1.981232451532788819e+00,3.686751638423779514e+04,3.303747635104221558e+02
1.529000000000000057e+02,1.487402576475620890e+03,1.981516346179933885e+00,3.686329675211598078e+04,3.303793924810232738e+02
1.530000000000000000e+02,1.487011548218425105e+03,1.981800653170423754e+00,3.685906214711587381e+04,3.303840219492929577e+02
1.530999999999999943e+02,1.486620451425771989e+03,1.982085362878029056e+00,3.685481273320681066e+04,3.303886518706704578e+02
1.532000000000000171e+02,1.486229289079973796e+03,1.982370465805297188e+00,3.685054867301713239e+04,3.303932822011785788e+02
1.533000000000000114e+02,1.485838064118084276e+03,1.982655952583552983e+00,3.684627012783419923e+04,3.303979128974236801e+02
1.534000000000000057e+02,1.485446779431897312e+03,1.982941813972898704e+00,3.684197725760436151e+04,3.304025439165955049e+02
1.535000000000000000e+02,1.485055437867948285e+03,1.983228040862213604e+00,3.683767022093299602e+04,3.304071752164673512e+02
1.536000000000000227e+02,1.484664042227513164e+03,1.983514624269153925e+00,3.683334917508446233e+04,3.304118067553961282e+02
1.537000000000000171e+02,1.484272595266609414e+03,1.983801555340153566e+00,3.682901427598216105e+04,3.304164384923220723e+02
1.538000000000000114e+02,1.483881099695994862e+03,1.984088825350422969e+00,3.682466567820848286e+04,3.304210703867690313e+02
1.539000000000000057e+02,1.483489558181168832e+03,1.984376425703950453e+00,3.682030353500481579e+04,3.304257023988443507e+02
1.540000000000000000e+02,1.483097973342371461e+03,1.984664347933501327e+00,3.681592799827158160e+04,3.304303344892389305e+02
1.541000000000000227e+02,1.482706347754583248e+03,1.984952583700617890e+00,3.681153921856818488e+04,3.304349666192270547e+02
1.542000000000000171e+02,1.482314683947526646e+03,1.985241124795619649e+00,3.680713734511306393e+04,3.304395987506666188e+02
1.543000000000000114e+02,1.481922984405664465e+03,1.985529963137603326e+00,3.680272252578363987e+04,3.304442308459989590e+02
1.544000000000000057e+02,1.481531251568200787e+03,1.985819090774443074e+00,3.679829490711636754e+04,3.304488628682489093e+02
1.545000000000000000e+02,1.481139487829080281e+03,1.986108499882790035e+00,3.679385463430669188e+04,3.304534947810249150e+02
1.546000000000000227e+02,1.480747695536988658e+03,1.986398182768072784e+00,3.678940185120906244e+04,3.304581265485188624e+02
1.547000000000000171e+02,1.480355876995352901e+03,1.986688131864496443e+00,3.678493670033695525e+04,3.304627581355060215e+02
1.548000000000000114e+02,1.479964034462340805e+03,1.986978339735044230e+00,3.678045932286285097e+04,3.304673895073454446e+02
1.549000000000000057e+02,1.479572170150860984e+03,1.987268799071475911e+00,3.677596985861822031e+04,3.304720206299793972e+02
1.550000000000000000e+02,1.479180286228563318e+03,1.987559502694328462e+00,3.677146844609355321e+04,3.304766514699338700e+02
1.551000000000000227e+02,1.478788384817838278e+03,1.987850443552916513e+00,3.676695522243835876e+04,3.304812819943182376e+02
1.552000000000000171e+02,1.478396467995817602e+03,1.988141614725331463e+00,3.676243032346114342e+04,3.304859121708254293e+02
1.553000000000000114e+02,1.478004537794374073e+03,1.988433009418441921e+00,3.675789388362941827e+04,3.304905419677318150e+02
1.554000000000000057e+02,1.477612596200120834e+03,1.988724620967894152e+00,3.675334603606971359e+04,3.304951713538973763e+02
1.555000000000000000e+02,1.477220645154412523e+03,1.989016442838110965e+00,3.674878691256755701e+04,3.304998002987655923e+02
1.556000000000000227e+02,1.476828686553344824e+03,1.989308468622292825e+00,3.674421664356748806e+04,3.305044287723633261e+02
1.557000000000000171e+02,1.476436722247754005e+03,1.989600692042416963e+00,3.673963535817305819e+04,3.305090567453009953e+02
1.558000000000000114e+02,1.476044754043217608e+03,1.989893106949238488e+00,3.673504318414683075e+04,3.305136841887726860e+02
1.559000000000000057e+02,1.475652783700053760e+03,1.990185707322289055e+00,3.673044024791035918e+04,3.305183110745556974e+02
1.560000000000000000e+02,1.475260812933322313e+03,1.990478487269877528e+00,3.672582667454423063e+04,3.305229373750111108e+02
1.561000000000000227e+02,1.474868843412823026e+03,1.990771441029090871e+00,3.672120258778801508e+04,3.305275630630833916e+02
1.562000000000000171e+02,1.474476876763097380e+03,1.991064562965791707e+00,3.671656811004030897e+04,3.305321881123004459e+02
1.563000000000000114e+02,1.474084914563427674e+03,1.991357847574621420e+00,3.671192336235871335e+04,3.305368124967738481e+02
1.564000000000000057e+02,1.473692958347837248e+03,1.991651289478997278e+00,3.670726846445983392e+04,3.305414361911984997e+02
1.565000000000000000e+02,1.473301009605089803e+03,1.991944883431114643e+00,3.670260353471928101e+04,3.305460591708529137e+02
1.566000000000000227e+02,1.472909069778690991e+03,1.992238624311945872e+00,3.669792869017167686e+04,3.305506814115991574e+02
1.567000000000000171e+02,1.472517140266886599e+03,1.992532507131240083e+00,3.669324404651065561e+04,3.305553028898826255e+02
1.568000000000000114e+02,1.472125222422663683e+03,1.992826527027524275e+00,3.668854971808886330e+04,3.305599235827324378e+02
1.569000000000000057e+02,1.471733317553750567e+03,1.993120679268101769e+00,3.668384581791794335e+04,3.305645434677610979e+02
1.570000000000000000e+02,1.471341426922615938e+03,1.993414959249053986e+00,3.667913245766855107e+04,3.305691625231645503e+02
1.571000000000000227e+02,1.470949551746469751e+03,1.993709362495239112e+00,3.667440974767035368e+04,3.305737807277224078e+02
1.572000000000000171e+02,1.470557693197263006e+03,1.994003884660292325e+00,3.666967779691202304e+04,3.305783980607977242e+02
1.573000000000000114e+02,1.470165852401687744e+03,1.994298521526626233e+00,3.666493671304123563e+04,3.305830145023369369e+02
1.574000000000000057e+02,1.469774030441176592e+03,1.994593269005430880e+00,3.666018660236468713e+04,3.305876300328702087e+02
1.575000000000000000e+02,1.469382228351903450e+03,1.994888123136673075e+00,3.665542756984807056e+04,3.305922446335109726e+02
1.576000000000000227e+02,1.468990447124783032e+03,1.995183080089096839e+00,3.665065971911609813e+04,3.305968582859564435e+02
1.577000000000000171e+02,1.468598687705471320e+03,1.995478136160223848e+00,3.664588315245247213e+04,3.306014709724870499e+02
1.578000000000000114e+02,1.468206950994364888e+03,1.995773287776352545e+00,3.664109797079992859e+04,3.306060826759670022e+02
1.579000000000000057e+02,1.467815237846601121e+03,1.996068531492558584e+00,3.663630427376019361e+04,3.306106933798437240e+02
1.580000000000000000e+02,1.467423549072059132e+03,1.996363863992695054e+00,3.663150215959400521e+04,3.306153030681484211e+02
1.581000000000000227e+02,1.467031885435358163e+03,1.996659282089392251e+00,3.662669172522110603e+04,3.306199117254956263e+02
1.582000000000000171e+02,1.466640247655858957e+03,1.996954782724057020e+00,3.662187306622025790e+04,3.306245193370834841e+02
1.583000000000000114e+02,1.466248636407662843e+03,1.997250362966874082e+00,3.661704627682922001e+04,3.306291258886935793e+02
1.584000000000000057e+02,1.465857052319612649e+03,1.997546020016805368e+00,3.661221144994476344e+04,3.306337313666909949e+02
1.585000000000000000e+02,1.465465495975291788e+03,1.997841751201589577e+00,3.660736867712267122e+04,3.306383357580243683e+02
1.586000000000000227e+02,1.465073967913024262e+03,1.998137553977743064e+00,3.660251804857773823e+04,3.306429390502257775e+02
1.587000000000000171e+02,1.464682468625876027e+03,1.998433425930558727e+00,3.659765965318374947e+04,3.306475412314109690e+02
1.588000000000000114e+02,1.464290998561652941e+03,1.998729364774107342e+00,3.659279357847351639e+04,3.306521422902789595e+02
1.589000000000000057e+02,1.463899558122902818e+03,1.999025368351236676e+00,3.658791991063884780e+04,3.306567422161124341e+02
1.590000000000000000e+02,1.463508147666913601e+03,1.999321434633571259e+00,3.658303873453057167e+04,3.306613409987775185e+02
1.591000000000000227e+02,1.463116767505714506e+03,1.999617561721513725e+00,3.657815013365851337e+04,3.306659386287238931e+02
1.592000000000000171e+02,1.462725417906076018e+03,1.999913747844242584e+00,3.657325419019151013e+04,3.306705350969847359e+02
1.593000000000000114e+02,1.462334099089508982e+03,2.000209991359715112e+00,3.656835098495741113e+04,3.306751303951766090e+02
1.594000000000000057e+02,1.461942811232265967e+03,2.000506290754664018e+00,3.656344059744307015e+04,3.306797245154998564e+02
1.595000000000000000e+02,1.461551554465339677e+03,2.000802644644601003e+00,3.655852310579434561e+04,3.306843174507379786e+02
1.596000000000000227e+02,1.461160328874464312e+03,2.001099051773814086e+00,3.655359858681610785e+04,3.306889091942582581e+02
1.597000000000000171e+02,1.460769134500114887e+03,2.001395511015367834e+00,3.654866711597224639e+04,3.306934997400113616e+02
1.598000000000000114e+02,1.460377971337507688e+03,2.001692021371105135e+00,3.654372876738563355e+04,3.306980890825314532e+02
1.599000000000000057e+02,1.459986839336599360e+03,2.001988581971645420e+00,3.653878361383818265e+04,3.307026772169363085e+02
1.600000000000000000e+02,1.459595738402088045e+03,2.002285192076385556e+00,3.653383172677078255e+04,3.307072641389270302e+02
1.601000000000000227e+02,1.459204668393412248e+03,2.002581851073499397e+00,3.652887317628335586e+04,3.307118498447884463e+02
1.602000000000000171e+02,1.458813629124752197e+03,2.002878558479938675e+00,3.652390803113481525e+04,3.307164343313886548e+02
1.603000000000000114e+02,1.458422620365028706e+03,2.003175313941431224e+00,3.651893635874309257e+04,3.307210175961794789e+02
1.604000000000000057e+02,1.458031641837903408e+03,2.003472117232483196e+00,3.651395822518512432e+04,3.307255996371961260e+02
1.605000000000000000e+02,1.457640693221779429e+03,2.003768968256376404e+00,3.650897369519685890e+04,3.307301804530573008e+02
1.606000000000000227e+02,1.457249774149799805e+03,2.004065867045171867e+00,3.650398283217324206e+04,3.307347600429652630e+02
1.607000000000000171e+02,1.456858884209849748e+03,2.004362813759706263e+00,3.649898569816824602e+04,3.307393384067058264e+02
1.608000000000000114e+02,1.456468022944554832e+03,2.004659808689594147e+00,3.649398235389483307e+04,3.307439155446481323e+02
1.609000000000000057e+02,1.456077189851281446e+03,2.004956852253226618e+00,3.648897285872497741e+04,3.307484914577449899e+02
1.610000000000000000e+02,1.455686384382137476e+03,2.005253944997772653e+00,3.648395727068967972e+04,3.307530661475326497e+02
1.611000000000000227e+02,1.455295605943971395e+03,2.005551087599178661e+00,3.647893564647892345e+04,3.307576396161309731e+02
1.612000000000000171e+02,1.454904853898372494e+03,2.005848280862167154e+00,3.647390804144171125e+04,3.307622118662431490e+02
1.613000000000000114e+02,1.454514127561671557e+03,2.006145525720238521e+00,3.646887450958606496e+04,3.307667829011559775e+02
1.614000000000000057e+02,1.454123426204939733e+03,2.006442823235670581e+00,3.646383510357898922e+04,3.307713527247397565e+02
1.615000000000000000e+02,1.453732749053989437e+03,2.006740174599517701e+00,3.645878987474652240e+04,3.307759213414482815e+02
1.616000000000000227e+02,1.453342095289374129e+03,2.007037581131612569e+00,3.645373887307370023e+04,3.307804887563189027e+02
1.617000000000000171e+02,1.452951464046388310e+03,2.007335044280563086e+00,3.644868214720456308e+04,3.307850549749723541e+02
1.618000000000000114e+02,1.452560854415067297e+03,2.007632565623756360e+00,3.644361974444216321e+04,3.307896200036129812e+02
1.619000000000000057e+02,1.452170265440186995e+03,2.007930146867355603e+00,3.643855171074855753e+04,3.307941838490286273e+02
1.620000000000000000e+02,1.451779696121264806e+03,2.008227789846301459e+00,3.643347809074482211e+04,3.307987465185905762e+02
1.621000000000000227e+02,1.451389145412558719e+03,2.008525496524312004e+00,3.642839892771103769e+04,3.308033080202537235e+02
1.622000000000000171e+02,1.450998612223068449e+03,2.008823268993882305e+00,3.642331426358627505e+04,3.308078683625563485e+02
1.623000000000000114e+02,1.450608095416533615e+03,2.009121109476284417e+00,3.641822413896864600e+04,3.308124275546203421e+02
1.624000000000000057e+02,1.450217593811435336e+03,2.009419020321567828e+00,3.641312859311523789e+04,3.308169856061510359e+02
1.625000000000000000e+02,1.449827106180995997e+03,2.009717004008559016e+00,3.640802766394217178e+04,3.308215425274372592e+02
1.626000000000000227e+02,1.449436631253178120e+03,2.010015063144862335e+00,3.640292138802455156e+04,3.308260983293514528e+02
1.627000000000000171e+02,1.449046167710686177e+03,2.010313200466858685e+00,3.639780980059652211e+04,3.308306530233494414e+02
1.628000000000000114e+02,1.448655714190964773e+03,2.010611418839705511e+00,3.639269293555120385e+04,3.308352066214705474e+02
1.629000000000000057e+02,1.448265269286200009e+03,2.010909721257339466e+00,3.638757082544075092e+04,3.308397591363377614e+02
1.630000000000000000e+02,1.447874831543318578e+03,2.011208110842471974e+00,3.638244350147630757e+04,3.308443105811573446e+02
1.631000000000000227e+02,1.447484399463988439e+03,2.011506590846593667e+00,3.637731099352802994e+04,3.308488609697193397e+02
1.632000000000000171e+02,1.447093971504618366e+03,2.011805164649971278e+00,3.637217333012510062e+04,3.308534103163970030e+02
1.633000000000000114e+02,1.446703546076358180e+03,2.012103835761648973e+00,3.636703053845568502e+04,3.308579586361473730e+02
1.634000000000000057e+02,1.446313121545098511e+03,2.012402607819447908e+00,3.636188264436696772e+04,3.308625059445107581e+02
1.635000000000000000e+02,1.445922696231471264e+03,2.012701484589967116e+00,3.635672967236513796e+04,3.308670522576111352e+02
1.636000000000000227e+02,1.445532268410848701e+03,2.013000469968582173e+00,3.635157164561541140e+04,3.308715975921558652e+02
1.637000000000000171e+02,1.445141836313344811e+03,2.013299567979446092e+00,3.634640858594197925e+04,3.308761419654359770e+02
1.638000000000000114e+02,1.444751398123813942e+03,2.013598782775488871e+00,3.634124051382807374e+04,3.308806853953258269e+02
1.639000000000000057e+02,1.444360951981851940e+03,2.013898118638417944e+00,3.633606744841591717e+04,3.308852279002833825e+02
1.640000000000000000e+02,1.443970495981795011e+03,2.014197579978717734e+00,3.633088940750673646e+04,3.308897694993501091e+02
1.641000000000000227e+02,1.443580028172720858e+03,2.014497171335650094e+00,3.632570640756077773e+04,3.308943102121509128e+02
1.642000000000000171e+02,1.443189546558447773e+03,2.014796897377253870e+00,3.632051846369729174e+04,3.308988500588943111e+02
1.643000000000000114e+02,1.442799049097535317e+03,2.015096762900345340e+00,3.631532558969454112e+04,3.309033890603722625e+02
1.644000000000000057e+02,1.442408533703283865e+03,2.015396772830517769e+00,3.631012779798979318e+04,3.309079272379602230e+02
1.645000000000000000e+02,1.442017998243734610e+03,2.015696932222141857e+00,3.630492509967931255e+04,3.309124646136171464e+02
1.646000000000000227e+02,1.441627440541670012e+03,2.015997246258364850e+00,3.629971750451839034e+04,3.309170012098855409e+02
1.647000000000000171e+02,1.441236858374613121e+03,2.016297720251111869e+00,3.629450502092132228e+04,3.309215370498914126e+02
1.648000000000000114e+02,1.440846249474828483e+03,2.016598359641085025e+00,3.628928765596140147e+04,3.309260721573442652e+02
1.649000000000000057e+02,1.440455611529321004e+03,2.016899169997763419e+00,3.628406541537094017e+04,3.309306065565370432e+02
1.650000000000000000e+02,1.440064942179837089e+03,2.017200157019404028e+00,3.627883830354124802e+04,3.309351402723463593e+02
1.651000000000000227e+02,1.439674239022863730e+03,2.017501326533039929e+00,3.627360632352266111e+04,3.309396733302320968e+02
1.652000000000000171e+02,1.439283499609629189e+03,2.017802684494482524e+00,3.626836947702449834e+04,3.309442057562378636e+02
1.653000000000000114e+02,1.438892721446102314e+03,2.018104236988319311e+00,3.626312776441511960e+04,3.309487375769907089e+02
1.654000000000000057e+02,1.438501901992993226e+03,2.018405990227915670e+00,3.625788118472186034e+04,3.309532688197011225e+02
1.655000000000000000e+02,1.438111038665752858e+03,2.018707950555414410e+00,3.625262973563108244e+04,3.309577995121630920e+02
1.656000000000000227e+02,1.437720128834572961e+03,2.019010124441735332e+00,3.624737341348814516e+04,3.309623296827542731e+02
1.657000000000000171e+02,1.437329169824387009e+03,2.019312518486574337e+00,3.624211221329743421e+04,3.309668593604356488e+02
1.658000000000000114e+02,1.436938158914868609e+03,2.019615139418406091e+00,3.623684612872233265e+04,3.309713885747517566e+02
1.659000000000000057e+02,1.436547093340432411e+03,2.019917994094481806e+00,3.623157515208522091e+04,3.309759173558306884e+02
1.660000000000000000e+02,1.436155970290234563e+03,2.020221089500829681e+00,3.622629927436749858e+04,3.309804457343840909e+02
1.661000000000000227e+02,1.435764786908171573e+03,2.020524432752255350e+00,3.622101848520958447e+04,3.309849737417069377e+02
1.662000000000000171e+02,1.435373540292881216e+03,2.020828031092341437e+00,3.621573277291088016e+04,3.309895014096778141e+02
1.663000000000000114e+02,1.434982227497742315e+03,2.021131891893448440e+00,3.621044212442982098e+04,3.309940287707588595e+02
1.664000000000000057e+02,1.434590845530874731e+03,2.021436022656713405e+00,3.620514652538383234e+04,3.309985558579955978e+02
1.665000000000000000e+02,1.434199391355138687e+03,2.021740431012050365e+00,3.619984596004935884e+04,3.310030827050172206e+02
1.666000000000000227e+02,1.433807861888135676e+03,2.022045124718151232e+00,3.619454041136184242e+04,3.310076093460363040e+02
1.667000000000000171e+02,1.433416254002208916e+03,2.022350111662484462e+00,3.618922986091575149e+04,3.310121358158488647e+02
1.668000000000000114e+02,1.433024564524441530e+03,2.022655399861296388e+00,3.618391428896453726e+04,3.310166621498347013e+02
1.669000000000000057e+02,1.432632790236657911e+03,2.022960997459609889e+00,3.617859367442068469e+04,3.310211883839567690e+02
1.670000000000000000e+02,1.432240927875423722e+03,2.023266912731224831e+00,3.617326799485566880e+04,3.310257145547617483e+02
1.671000000000000227e+02,1.431848974132045441e+03,2.023573154078719849e+00,3.616793722649997653e+04,3.310302406993798741e+02
1.672000000000000171e+02,1.431456925652570135e+03,2.023879730033448787e+00,3.616260134424311400e+04,3.310347668555246514e+02
1.673000000000000114e+02,1.431064779037786593e+03,2.024186649255544257e+00,3.615726032163358468e+04,3.310392930614932538e+02
1.674000000000000057e+02,1.430672530843223740e+03,2.024493920533914526e+00,3.615191413087890396e+04,3.310438193561664093e+02
1.675000000000000000e+02,1.430280177579152223e+03,2.024801552786246628e+00,3.614656274284559186e+04,3.310483457790082298e+02
1.676000000000000227e+02,1.429887715710582825e+03,2.025109555059003696e+00,3.614120612705918029e+04,3.310528723700663818e+02
1.677000000000000171e+02,1.429495141657268050e+03,2.025417936527426299e+00,3.613584425170420582e+04,3.310573991699720295e+02
1.678000000000000114e+02,1.429102451793701221e+03,2.025726706495532881e+00,3.613047708362422418e+04,3.310619262199398918e+02
1.679000000000000057e+02,1.428709642449116245e+03,2.026035874396117986e+00,3.612510458832178847e+04,3.310664535617680713e+02
1.680000000000000000e+02,1.428316709907488303e+03,2.026345449790754039e+00,3.611972672995845642e+04,3.310709812378383390e+02
1.681000000000000227e+02,1.427923650407533387e+03,2.026655442369790894e+00,3.611434347135480493e+04,3.310755092911159068e+02
1.682000000000000171e+02,1.427530460142708762e+03,2.026965861952354508e+00,3.610895477399041556e+04,3.310800377651493704e+02
1.683000000000000114e+02,1.427137135261212279e+03,2.027276718486349161e+00,3.610356059800387447e+04,3.310845667040710509e+02
1.684000000000000057e+02,1.426743671865982833e+03,2.027588022048455674e+00,3.609816090219277976e+04,3.310890961525965963e+02
1.685000000000000000e+02,1.426350066014700360e+03,2.027899782844132748e+00,3.609275564401374140e+04,3.310936261560252660e+02
1.686000000000000227e+02,1.425956313719785612e+03,2.028212011207615184e+00,3.608734477958236675e+04,3.310981567602397035e+02
1.687000000000000171e+02,1.425562410948401066e+03,2.028524717601916105e+00,3.608192826367328234e+04,3.311026880117062774e+02
1.688000000000000114e+02,1.425168353622448876e+03,2.028837912618825179e+00,3.607650604972011206e+04,3.311072199574746264e+02
1.689000000000000057e+02,1.424774137618573150e+03,2.029151606978909506e+00,3.607107808981549897e+04,3.311117526451780577e+02
1.690000000000000000e+02,1.424379758768158581e+03,2.029465811531512731e+00,3.606564433471109078e+04,3.311162861230332055e+02
1.691000000000000227e+02,1.423985212857330907e+03,2.029780537254757267e+00,3.606020473381753982e+04,3.311208204398404860e+02
1.692000000000000171e+02,1.423590495626956681e+03,2.030095795255540736e+00,3.605475923520450306e+04,3.311253556449835855e+02
1.693000000000000114e+02,1.423195602772643724e+03,2.030411596769539528e+00,3.604930778560067120e+04,3.311298917884297452e+02
1.694000000000000057e+02,1.422800529944740674e+03,2.030727953161206134e+00,3.604385033039370319e+04,3.311344289207297606e+02
1.695000000000000000e+02,1.422405272748336984e+03,2.031044875923770920e+00,3.603838681363029900e+04,3.311389670930179250e+02
1.696000000000000227e+02,1.422009826743262920e+03,2.031362376679241688e+00,3.603291717801614141e+04,3.311435063570120292e+02
1.697000000000000171e+02,1.421614187444090703e+03,2.031680467178402782e+00,3.602744136491595418e+04,3.311480467650133619e+02
1.698000000000000114e+02,1.421218350320132231e+03,2.031999159300815538e+00,3.602195931435343664e+04,3.311525883699067094e+02
1.699000000000000057e+02,1.420822310795441126e+03,2.032318465054819168e+00,3.601647096501131455e+04,3.311571312251604127e+02
1.700000000000000000e+02,1.420426064248811599e+03,2.032638396577529871e+00,3.601097625423131831e+04,3.311616753848262533e+02
1.701000000000000227e+02,1.420029606013779357e+03,2.032958966134840839e+00,3.600547511801417568e+04,3.311662209035395108e+02
1.702000000000000171e+02,1.419632931378620469e+03,2.033280186121422695e+00,3.599996749101964087e+04,3.311707678365190759e+02
1.703000000000000114e+02,1.419236036576533934e+03,2.033602066439315958e+00,3.599445332428695838e+04,3.311753162280850802e+02
1.704000000000000057e+02,1.418839084748102096e+03,2.033924173489725096e+00,3.598893564792282268e+04,3.311798641790408624e+02
1.705000000000000000e+02,1.418442192554215808e+03,2.034246191181906305e+00,3.598341697322858818e+04,3.311844103017873522e+02
1.706000000000000227e+02,1.418045353278442008e+03,2.034568128954583610e+00,3.597789766549598426e+04,3.311889546339726849e+02
1.707000000000000171e+02,1.417648560278164496e+03,2.034889996135129220e+00,3.597237808643355675e+04,3.311934972127886567e+02
1.708000000000000114e+02,1.417251806984584164e+03,2.035211801939564413e+00,3.596685859416662424e+04,3.311980380749703841e+02
1.709000000000000057e+02,1.416855086902719222e+03,2.035533555472560874e+00,3.596133954323729995e+04,3.312025772567967010e+02
1.710000000000000000e+02,1.416458393611404517e+03,2.035855265727437136e+00,3.595582128460451349e+04,3.312071147940897049e+02
1.711000000000000227e+02,1.416061720763292442e+03,2.036176941586163025e+00,3.595030416564395273e+04,3.312116507222152109e+02
1.712000000000000171e+02,1.415665062084852480e+03,2.036498591819355219e+00,3.594478853014814376e+04,3.312161850760822972e+02
1.713000000000000114e+02,1.415268411376370295e+03,2.036820225086280800e+00,3.593927471832637821e+04,3.312207178901437601e+02
1.714000000000000057e+02,1.414871762511950010e+03,2.037141849934855919e+00,3.593376306680474954e+04,3.312252491983958294e+02
1.715000000000000000e+02,1.414475109439511471e+03,2.037463474801645358e+00,3.592825390862614586e+04,3.312297790343780548e+02
1.716000000000000227e+02,1.414078446180792525e+03,2.037785108011862523e+00,3.592274757325025712e+04,3.312343074311737610e+02
1.717000000000000171e+02,1.413681766831347659e+03,2.038106757779370781e+00,3.591724438655356789e+04,3.312388344214095355e+02
1.718000000000000114e+02,1.413285065560548674e+03,2.038428432206682128e+00,3.591174467082934279e+04,3.312433600372556270e+02
1.719000000000000057e+02,1.412888336611584236e+03,2.038750139284957630e+00,3.590624874478764832e+04,3.312478843104256612e+02
1.720000000000000000e+02,1.412491574301459877e+03,2.039071886894006980e+00,3.590075692355536739e+04,3.312524072721768675e+02
1.721000000000000227e+02,1.412094773020998673e+03,2.039393682802289387e+00,3.589526951867614116e+04,3.312569289533099095e+02
1.722000000000000171e+02,1.411697927234840563e+03,2.039715534666913133e+00,3.588978683811044175e+04,3.312614493841688841e+02
1.723000000000000114e+02,1.411301031481442578e+03,2.040037450033635125e+00,3.588430918623550679e+04,3.312659685946415493e+02
1.724000000000000057e+02,1.410904080373078841e+03,2.040359436336861787e+00,3.587883686384538305e+04,3.312704866141589832e+02
1.725000000000000000e+02,1.410507068595840337e+03,2.040681500899648171e+00,3.587337016815091192e+04,3.312750034716959249e+02
1.726000000000000227e+02,1.410109990909635144e+03,2.041003650933698843e+00,3.586790939277972939e+04,3.312795191957704333e+02
1.727000000000000171e+02,1.409712842148188656e+03,2.041325893539366554e+00,3.586245482777625875e+04,3.312840338144442285e+02
1.728000000000000114e+02,1.409315617219043588e+03,2.041648235705654013e+00,3.585700675960173976e+04,3.312885473553224642e+02
1.729000000000000057e+02,1.408918311103558835e+03,2.041970684310213002e+00,3.585156547113417764e+04,3.312930598455537279e+02
1.730000000000000000e+02,1.408520918856911067e+03,2.042293246119343042e+00,3.584613124166839407e+04,3.312975713118301542e+02
1.731000000000000227e+02,1.408123435608093814e+03,2.042615927787994501e+00,3.584070434691599803e+04,3.313020817803874252e+02
1.732000000000000171e+02,1.407725856559917702e+03,2.042938735859765043e+00,3.583528505900539312e+04,3.313065912770046566e+02
1.733000000000000114e+02,1.407328176989010444e+03,2.043261676766902735e+00,3.582987364648178482e+04,3.313110998270044547e+02
1.734000000000000057e+02,1.406930392245816620e+03,2.043584756830304272e+00,3.582447037430715864e+04,3.313156074552530299e+02
1.735000000000000000e+02,1.406532497754598353e+03,2.043907982259514977e+00,3.581907550386030925e+04,3.313201141861598558e+02
1.736000000000000227e+02,1.406134489013434177e+03,2.044231359152729244e+00,3.581368929293681867e+04,3.313246200436781805e+02
1.737000000000000171e+02,1.405736361594220398e+03,2.044554893496791426e+00,3.580831199574907805e+04,3.313291250513045156e+02
1.738000000000000114e+02,1.405338111142669959e+03,2.044878591167193616e+00,3.580294386292625131e+04,3.313336292320790335e+02
1.739000000000000057e+02,1.404939733378312667e+03,2.045202457928077866e+00,3.579758514151431154e+04,3.313381326085853402e+02
1.740000000000000000e+02,1.404541224094496101e+03,2.045526499432234857e+00,3.579223607497601915e+04,3.313426352029505324e+02
1.741000000000000227e+02,1.404142579158384024e+03,2.045850721221104784e+00,3.578689690319093643e+04,3.313471370368451403e+02
1.742000000000000171e+02,1.403743794510957969e+03,2.046175128724776471e+00,3.578156786245542753e+04,3.313516381314833552e+02
1.743000000000000114e+02,1.403344866167016562e+03,2.046499727261987367e+00,3.577624918548262940e+04,3.313561385076227452e+02
1.744000000000000057e+02,1.402945790215174839e+03,2.046824522040124439e+00,3.577094110140249541e+04,3.313606381855643690e+02
1.745000000000000000e+02,1.402546562817865606e+03,2.047149518155224168e+00,3.576564383576175896e+04,3.313651371851528324e+02
1.746000000000000227e+02,1.402147180211338082e+03,2.047474720591971664e+00,3.576035761052395537e+04,3.313696355257762320e+02
1.747000000000000171e+02,1.401747638705659256e+03,2.047800134223700219e+00,3.575508264406942180e+04,3.313741332263660979e+02
1.748000000000000114e+02,1.401347934684712527e+03,2.048125763812393529e+00,3.574981915119528276e+04,3.313786303053975075e+02
1.749000000000000057e+02,1.400948064606199068e+03,2.048451614008683475e+00,3.574456734311545006e+04,3.313831267808890857e+02
1.750000000000000000e+02,1.400548025001636233e+03,2.048777689351851450e+00,3.573932742746063741e+04,3.313876226704028340e+02
1.751000000000000227e+02,1.400147812476359377e+03,2.049103994269827922e+00,3.573409960827836767e+04,3.313921179910444152e+02
1.752000000000000171e+02,1.399747423709520035e+03,2.049430533079191541e+00,3.572888408603293647e+04,3.313966127594627551e+02
1.753000000000000114e+02,1.399346855454087745e+03,2.049757309985170917e+00,3.572368105760544131e+04,3.314011069918504973e+02
1.754000000000000057e+02,1.398946104536848452e+03,2.050084329081643286e+00,3.571849071629378159e+04,3.314056007039436622e+02
1.755000000000000000e+02,1.398545167858405193e+03,2.050411594351134958e+00,3.571331325181264401e+04,3.314100939110217610e+02
1.756000000000000227e+02,1.398144042393178097e+03,2.050739109664821758e+00,3.570814885029351717e+04,3.314145866279079655e+02
1.757000000000000171e+02,1.397742725189405064e+03,2.051066878782527247e+00,3.570299769428468426e+04,3.314190788689686542e+02
1.758000000000000114e+02,1.397341213369139950e+03,2.051394905352725839e+00,3.569785996275121579e+04,3.314235706481139800e+02
1.759000000000000057e+02,1.396939504128254384e+03,2.051723192912539684e+00,3.569273583107497689e+04,3.314280619787974729e+02
1.760000000000000000e+02,1.396537594736436859e+03,2.052051744887740448e+00,3.568762547105463454e+04,3.314325528740160962e+02
1.761000000000000227e+02,1.396135482537192956e+03,2.052380564592748868e+00,3.568252905090565037e+04,3.314370433463104177e+02
1.762000000000000171e+02,1.395733164947845580e+03,2.052709655230633867e+00,3.567744673526028782e+04,3.314415334077644388e+02
1.763000000000000114e+02,1.395330639459534268e+03,2.053039019893114769e+00,3.567237868516758317e+04,3.314460230700057082e+02
1.764000000000000057e+02,1.394927903637215877e+03,2.053368661560559083e+00,3.566732505809338909e+04,3.314505123442052650e+02
1.765000000000000000e+02,1.394524955119664128e+03,2.053698583101983832e+00,3.566228600792033831e+04,3.314550012410775253e+02
1.766000000000000227e+02,1.394121791619469832e+03,2.054028787275054668e+00,3.565726168494787271e+04,3.314594897708806229e+02
1.767000000000000171e+02,1.393718410923041574e+03,2.054359276726085870e+00,3.565225223589221423e+04,3.314639779434159550e+02
1.768000000000000114e+02,1.393314810890603894e+03,2.054690053990042120e+00,3.564725780388640123e+04,3.314684657680285227e+02
1.769000000000000057e+02,1.392910989456199104e+03,2.055021121490535396e+00,3.564227852848024486e+04,3.314729532536069314e+02
1.770000000000000000e+02,1.392506944627686607e+03,2.055352481539828524e+00,3.563731454564035812e+04,3.314774404085831065e+02
1.771000000000000227e+02,1.392102674486742217e+03,2.055684136338832513e+00,3.563236598775014863e+04,3.314819272409325208e+02
1.772000000000000171e+02,1.391698177188859745e+03,2.056016087977106555e+00,3.562743298360983317e+04,3.314864137581741943e+02
1.773000000000000114e+02,1.391293450963349414e+03,2.056348338432860245e+00,3.562251565843640128e+04,3.314908999673705807e+02
1.774000000000000057e+02,1.390888494113338766e+03,2.056680889572951809e+00,3.561761413386365166e+04,3.314953858751276812e+02
1.775000000000000000e+02,1.390483305015772203e+03,2.057013743152887653e+00,3.561272852794217033e+04,3.314998714875949872e+02
1.776000000000000227e+02,1.390077882121411449e+03,2.057346900816825030e+00,3.560785895513934520e+04,3.315043568104654241e+02
1.777000000000000171e+02,1.389672223954835317e+03,2.057680364097568049e+00,3.560300552633935877e+04,3.315088418489755213e+02
1.778000000000000114e+02,1.389266329114439486e+03,2.058014134416571661e+00,3.559816834884318087e+04,3.315133266079051850e+02
1.779000000000000057e+02,1.388860196272436724e+03,2.058348213083939005e+00,3.559334752636858320e+04,3.315178110915779257e+02
1.780000000000000000e+02,1.388453824174856891e+03,2.058682601298422288e+00,3.558854315905013209e+04,3.315222953038606875e+02
1.781000000000000227e+02,1.388047211641546937e+03,2.059017300147423235e+00,3.558375534343918116e+04,3.315267792481639049e+02
1.782000000000000171e+02,1.387640357566171133e+03,2.059352310606991310e+00,3.557898417250389321e+04,3.315312629274415599e+02
1.783000000000000114e+02,1.387233260916210384e+03,2.059687633541826823e+00,3.557422973562921834e+04,3.315357463441910681e+02
1.784000000000000057e+02,1.386825920732962686e+03,2.060023269705277826e+00,3.556949211861689400e+04,3.315402295004533357e+02
1.785000000000000000e+02,1.386418336131543811e+03,2.060359219739342329e+00,3.556477140368545952e+04,3.315447123978129298e+02
1.786000000000000227e+02,1.386010506300885254e+03,2.060695484174666525e+00,3.556006766947025608e+04,3.315491950373976806e+02
1.787000000000000171e+02,1.385602430503737196e+03,2.061032063430545680e+00,3.555538099102341948e+04,3.315536774198790795e+02
1.788000000000000114e+02,1.385194108076665771e+03,2.061368957814925018e+00,3.555071143981385831e+04,3.315581595454719945e+02
1.789000000000000057e+02,1.384785538430054430e+03,2.061706167524397504e+00,3.554605908372729755e+04,3.315626414139348981e+02
1.790000000000000000e+02,1.384376721048103718e+03,2.062043692644206505e+00,3.554142398706626409e+04,3.315671230245696961e+02
1.791000000000000227e+02,1.383967655488831269e+03,2.062381533148243573e+00,3.553680621055005031e+04,3.315716043762217851e+02
1.792000000000000171e+02,1.383558341384071809e+03,2.062719688899049331e+00,3.553220581131477229e+04,3.315760854672801656e+02
1.793000000000000114e+02,1.383148778439477383e+03,2.063058159647813472e+00,3.552762284291332617e+04,3.315805662956771585e+02
1.794000000000000057e+02,1.382738966434516669e+03,2.063396945034375207e+00,3.552305735531540267e+04,3.315850468588886883e+02
1.795000000000000000e+02,1.382328905222475441e+03,2.063736044587222374e+00,3.551850939490750170e+04,3.315895271539341707e+02
1.796000000000000227e+02,1.381918594730456789e+03,2.064075457723491880e+00,3.551397900449289591e+04,3.315940071773765112e+02
1.797000000000000171e+02,1.381508034959380893e+03,2.064415183748969262e+00,3.550946622329168167e+04,3.315984869253221063e+02
1.798000000000000114e+02,1.381097225983984799e+03,2.064755221858090017e+00,3.550497108694071358e+04,3.316029663934208997e+02
1.799000000000000057e+02,1.380686167952822643e+03,2.065095571133937824e+00,3.550049362749367720e+04,3.316074455768661551e+02
1.800000000000000000e+02,1.380274861088265652e+03,2.065436230548245877e+00,3.549603387342102360e+04,3.316119244703948539e+02
1.801000000000000227e+02,1.379863305686502144e+03,2.065777198961396444e+00,3.549159184961002757e+04,3.316164030682873545e+02
1.802000000000000171e+02,1.379451502117537757e+03,2.066118475122420861e+00,3.548716757736473664e+04,3.316208813643675626e+02
1.803000000000000114e+02,1.379039450825194763e+03,2.066460057668998651e+00,3.548276107440599299e+04,3.316253593520028176e+02
1.804000000000000057e+02,1.378627152327112753e+03,2.066801945127459739e+00,3.547837235487145517e+04,3.316298370241040061e+02
1.805000000000000000e+02,1.378214607214748185e+03,2.067144135912782232e+00,3.547400142931555456e+04,3.316343143731255054e+02
1.806000000000000227e+02,1.377801816153375057e+03,2.067486628328592868e+00,3.546964830470953166e+04,3.316387913910651264e+02
1.807000000000000171e+02,1.377388779882083782e+03,2.067829420567168786e+00,3.546531298444140702e+04,3.316432680694642841e+02
1.808000000000000114e+02,1.376975499213782314e+03,2.068172510709434420e+00,3.546099546831601037e+04,3.316477443994078840e+02
1.809000000000000057e+02,1.376561975035195474e+03,2.068515896724965053e+00,3.545669575255496602e+04,3.316522203715241517e+02
1.810000000000000000e+02,1.376148208306865399e+03,2.068859576471984152e+00,3.545241382979667833e+04,3.316566959759850306e+02
1.811000000000000227e+02,1.375734200063150638e+03,2.069203547697363810e+00,3.544814968909636809e+04,3.316611712025057841e+02
1.812000000000000171e+02,1.375319951412227738e+03,2.069547808036625192e+00,3.544390331592603616e+04,3.316656460403453934e+02
1.813000000000000114e+02,1.374905463536089655e+03,2.069892355013939866e+00,3.543967469217447797e+04,3.316701204783061030e+02
1.814000000000000057e+02,1.374490737690546894e+03,2.070237186042126698e+00,3.543546379614729085e+04,3.316745945047337045e+02
1.815000000000000000e+02,1.374075775205226364e+03,2.070582298422654510e+00,3.543127060256686673e+04,3.316790681075176508e+02
1.816000000000000227e+02,1.373660577483572297e+03,2.070927689345641198e+00,3.542709508257238485e+04,3.316835412740906577e+02
1.817000000000000171e+02,1.373245146002846468e+03,2.071273355889852841e+00,3.542293720371983363e+04,3.316880139914291590e+02
1.818000000000000114e+02,1.372829482314127517e+03,2.071619295022705920e+00,3.541879692998198152e+04,3.316924862460528516e+02
1.819000000000000057e+02,1.372413588042310494e+03,2.071965503600265102e+00,3.541467422174839885e+04,3.316969580240251503e+02
1.820000000000000000e+02,1.371997464886108446e+03,2.072311978367243679e+00,3.541056903582545056e+04,3.317014293109528467e+02
1.821000000000000227e+02,1.371581114618050833e+03,2.072658715957005349e+00,3.540648132543629617e+04,3.317059000919862228e+02
1.822000000000000171e+02,1.371164539084484431e+03,2.073005712891561547e+00,3.540241104022089712e+04,3.317103703518191082e+02
1.823000000000000114e+02,1.370747740205573336e+03,2.073352965581573226e+00,3.539835812623598758e+04,3.317148400746888228e+02
1.824000000000000057e+02,1.370330719975298280e+03,2.073700470326350409e+00,3.539432252595512546e+04,3.317193092443761202e+02
1.825000000000000000e+02,1.369913480461457084e+03,2.074048223313851746e+00,3.539030417826864868e+04,3.317237778442053013e+02
1.826000000000000227e+02,1.369496023805664890e+03,2.074396220620686293e+00,3.538630301848368981e+04,3.317282458570442145e+02
1.827000000000000171e+02,1.369078352223353704e+03,2.074744458212110398e+00,3.538231897832417599e+04,3.317327132653041417e+02
1.828000000000000114e+02,1.368660468003773076e+03,2.075092931942029928e+00,3.537835198593083624e+04,3.317371800509397985e+02
1.829000000000000057e+02,1.368242373509988965e+03,2.075441637553001151e+00,3.537440196586118691e+04,3.317416461954495048e+02
1.830000000000000000e+02,1.367824071178884651e+03,2.075790570676227187e+00,3.537046883908954624e+04,3.317461116798750709e+02
1.831000000000000227e+02,1.367405563521160502e+03,2.076139726831561561e+00,3.536655252300701977e+04,3.317505764848016838e+02
1.832000000000000171e+02,1.366986853121334207e+03,2.076489101427506867e+00,3.536265293142151495e+04,3.317550405903582487e+02
1.833000000000000114e+02,1.366567942637740089e+03,2.076838689761214329e+00,3.535876997455773380e+04,3.317595039762169336e+02
1.834000000000000057e+02,1.366148834802529564e+03,2.077188487018484242e+00,3.535490355905716569e+04,3.317639666215935108e+02
1.835000000000000000e+02,1.365729532421671820e+03,2.077538488273766415e+00,3.535105358797810186e+04,3.317684285052472433e+02
1.836000000000000227e+02,1.365310038374952001e+03,2.077888688490158398e+00,3.534721996079562814e+04,3.317728896054808843e+02
1.837000000000000171e+02,1.364890355615973249e+03,2.078239082519408143e+00,3.534340257340162498e+04,3.317773499001407345e+02
1.838000000000000114e+02,1.364470487172155117e+03,2.078589665101912676e+00,3.533960131810476014e+04,3.317818093666165282e+02
1.839000000000000057e+02,1.364050436144734931e+03,2.078940430866716316e+00,3.533581608363051782e+04,3.317862679818414904e+02
1.840000000000000000e+02,1.363630205708766653e+03,2.079291374331515119e+00,3.533204675512114773e+04,3.317907257222923363e+02
1.841000000000000227e+02,1.363209799113120880e+03,2.079642489902651548e+00,3.532829321413571597e+04,3.317951825639893286e+02
1.842000000000000171e+02,1.362789219680486212e+03,2.079993771875118913e+00,3.532455533865007601e+04,3.317996384824962206e+02
1.843000000000000114e+02,1.362368470807367430e+03,2.080345214432558709e+00,3.532083300305688317e+04,3.318040934529202559e+02
1.844000000000000057e+02,1.361947555964087314e+03,2.080696811647261946e+00,3.531712607816557284e+04,3.318085474499121119e+02
1.845000000000000000e+02,1.361526478694785055e+03,2.081048557480167815e+00,3.531343443120238953e+04,3.318130004476660702e+02
1.846000000000000227e+02,1.361105242617416707e+03,2.081400445780865915e+00,3.530975792581036512e+04,3.318174524199197890e+02
1.847000000000000171e+02,1.360683851423756096e+03,2.081752470287593137e+00,3.530609642204933334e+04,3.318219033399544742e+02
1.848000000000000114e+02,1.360262308879393458e+03,2.082104624627237222e+00,3.530244977639591525e+04,3.318263531805949356e+02
1.849000000000000057e+02,1.359840618823736804e+03,2.082456902315334091e+00,3.529881784174353379e+04,3.318308019142093030e+02
1.850000000000000000e+02,1.359418785170010551e+03,2.082809296756067852e+00,3.529520046740240650e+04,3.318352495127093107e+02
1.851000000000000227e+02,1.358996811905256436e+03,2.083161801242273459e+00,3.529159749909953098e+04,3.318396959475501831e+02
1.852000000000000171e+02,1.358574703090333514e+03,2.083514408955433606e+00,3.528800877897872124e+04,3.318441411897305784e+02
1.853000000000000114e+02,1.358152462859917478e+03,2.083867112965680057e+00,3.528443414560057863e+04,3.318485852097927022e+02
1.854000000000000057e+02,1.357730095422501108e+03,2.084219906231794539e+00,3.528087343394249183e+04,3.318530279778222507e+02
1.855000000000000000e+02,1.357307605060394735e+03,2.084572781601206959e+00,3.527732647539865138e+04,3.318574694634484104e+02
1.856000000000000227e+02,1.356884996129725323e+03,2.084925731809996297e+00,3.527379309778004244e+04,3.318619096358438583e+02
1.857000000000000171e+02,1.356462273060436928e+03,2.085278749482891048e+00,3.527027312531445205e+04,3.318663484637247620e+02
1.858000000000000114e+02,1.356039440356291152e+03,2.085631827133268335e+00,3.526676637864643999e+04,3.318707859153508366e+02
1.859000000000000057e+02,1.355616502594865779e+03,2.085984957163154796e+00,3.526327267483738979e+04,3.318752219585252874e+02
1.860000000000000000e+02,1.355193464427556592e+03,2.086338131863225254e+00,3.525979182736545772e+04,3.318796565605946967e+02
1.861000000000000227e+02,1.354770330579575557e+03,2.086691343412804489e+00,3.525632364612560195e+04,3.318840896884492508e+02
1.862000000000000171e+02,1.354347105849952868e+03,2.087044583879865911e+00,3.525286793742958253e+04,3.318885213085226269e+02
1.863000000000000114e+02,1.353923795111534446e+03,2.087397845221032000e+00,3.524942450400595408e+04,3.318929513867920491e+02
1.864000000000000057e+02,1.353500403310984211e+03,2.087751119281573864e+00,3.524599314500005130e+04,3.318973798887780617e+02
1.865000000000000000e+02,1.353076935468782722e+03,2.088104397795412570e+00,3.524257365597401804e+04,3.319018067795448701e+02
1.866000000000000227e+02,1.352653396679227853e+03,2.088457672385117370e+00,3.523916582890678546e+04,3.319062320237001700e+02
1.867000000000000171e+02,1.352229792110434573e+03,2.088810934561906585e+00,3.523576945219408663e+04,3.319106555853949772e+02
1.868000000000000114e+02,1.351806127004334485e+03,2.089164175725648942e+00,3.523238431064844190e+04,3.319150774283240821e+02
1.869000000000000057e+02,1.351382406676676965e+03,2.089517387164860018e+00,3.522901018549917353e+04,3.319194975157255385e+02
1.870000000000000000e+02,1.350958636517027799e+03,2.089870560056705795e+00,3.522564685439240566e+04,3.319239158103809473e+02
1.871000000000000227e+02,1.350534821988769863e+03,2.090223685467001769e+00,3.522229409139102791e+04,3.319283322746155136e+02
1.872000000000000171e+02,1.350110968629104036e+03,2.090576754350210731e+00,3.521895166697476088e+04,3.319327468702978763e+02
1.873000000000000114e+02,1.349687082049046921e+03,2.090929757549446322e+00,3.521561934804010525e+04,3.319371595588400510e+02
1.874000000000000057e+02,1.349263167933433124e+03,2.091282685796469920e+00,3.521229689790034172e+04,3.319415703011977712e+02
1.875000000000000000e+02,1.348839232040913885e+03,2.091635529711692421e+00,3.520898407628556743e+04,3.319459790578700904e+02
1.876000000000000227e+02,1.348415280203957764e+03,2.091988279804174233e+00,3.520568063934267411e+04,3.319503857888996663e+02
1.877000000000000171e+02,1.347991318328850184e+03,2.092340926471623952e+00,3.520238633963532629e+04,3.319547904538725334e+02
1.878000000000000114e+02,1.347567352395693888e+03,2.092693460000400130e+00,3.519910092614401219e+04,3.319591930119183871e+02
1.879000000000000057e+02,1.347143388458408708e+03,2.093045870565509059e+00,3.519582414426599280e+04,3.319635934217102431e+02
1.880000000000000000e+02,1.346719432644730887e+03,2.093398148230607436e+00,3.519255573581533099e+04,3.319679916414647209e+02
1.881000000000000227e+02,1.346295491156214439e+03,2.093750282948000141e+00,3.518929543902289879e+04,3.319723876289419877e+02
1.882000000000000171e+02,1.345871570268230471e+03,2.094102264558641568e+00,3.518604298853634100e+04,3.319767813414455873e+02
1.883000000000000114e+02,1.345447676329966498e+03,2.094454082792134741e+00,3.518279811542010430e+04,3.319811727358225539e+02
1.884000000000000057e+02,1.345023815764428036e+03,2.094805727266732198e+00,3.517956054715544451e+04,3.319855617684635263e+02
1.885000000000000000e+02,1.344599995068436556e+03,2.095157187489334660e+00,3.517633000764039025e+04,3.319899483953025765e+02
1.886000000000000227e+02,1.344176220812631527e+03,2.095508452855493253e+00,3.517310621718977927e+04,3.319943325718173242e+02
1.887000000000000171e+02,1.343752499641469285e+03,2.095859512649406398e+00,3.516988889253524394e+04,3.319987142530287656e+02
1.888000000000000114e+02,1.343328838273222800e+03,2.096210356043923362e+00,3.516667774682520394e+04,3.320030933935015014e+02
1.889000000000000057e+02,1.342905243499982817e+03,2.096560972100541598e+00,3.516347248962488811e+04,3.320074699473435658e+02
1.890000000000000000e+02,1.342481722187656260e+03,2.096911349769406741e+00,3.516027282691630535e+04,3.320118438682065971e+02
1.891000000000000227e+02,1.342058281275967829e+03,2.097261477889315273e+00,3.515707846109825914e+04,3.320162151092856107e+02
1.892000000000000171e+02,1.341634927778459314e+03,2.097611345187710974e+00,3.515388909098636213e+04,3.320205836233191121e+02
1.893000000000000114e+02,1.341211668782488914e+03,2.097960940280688469e+00,3.515070441181300703e+04,3.320249493625892114e+02
1.894000000000000057e+02,1.340788511449232601e+03,2.098310251672989235e+00,3.514752411522739567e+04,3.320293122789215090e+02
1.895000000000000000e+02,1.340365463013682984e+03,2.098659267758005598e+00,3.514434788929551723e+04,3.320336723236849252e+02
1.896000000000000227e+02,1.339942530784649989e+03,2.099007976817778065e+00,3.514117541850014823e+04,3.320380294477920415e+02
1.897000000000000171e+02,1.339519722144760408e+03,2.099356367022996217e+00,3.513800638374087430e+04,3.320423836016989867e+02
1.898000000000000114e+02,1.339097044550458349e+03,2.099704426432999593e+00,3.513484046233406843e+04,3.320467347354051526e+02
1.899000000000000057e+02,1.338674505532004787e+03,2.100052142995775029e+00,3.513167732801290549e+04,3.320510827984536490e+02
1.900000000000000000e+02,1.338252112693477557e+03,2.100399504547960206e+00,3.512851665092734038e+04,3.320554277399310195e+02
1.901000000000000227e+02,1.337829873712772041e+03,2.100746498814840990e+00,3.512535809764414444e+04,3.320597695084672409e+02
1.902000000000000171e+02,1.337407796341600715e+03,2.101093113410351876e+00,3.512220133114685450e+04,3.320641080522358379e+02
1.903000000000000114e+02,1.336985888405492688e+03,2.101439335837076872e+00,3.511904601083583839e+04,3.320684433189538254e+02
1.904000000000000057e+02,1.336564157803794160e+03,2.101785153486249058e+00,3.511589179252822942e+04,3.320727752558817087e+02
1.905000000000000000e+02,1.336142612509668652e+03,2.102130553637750587e+00,3.511273832845797006e+04,3.320771038098235408e+02
1.906000000000000227e+02,1.335721260570096547e+03,2.102475523460112683e+00,3.510958526727579738e+04,3.320814289271268080e+02
1.907000000000000171e+02,1.335300110105875774e+03,2.102820050010515196e+00,3.510643225404924306e+04,3.320857505536824874e+02
1.908000000000000114e+02,1.334879169311620899e+03,2.103164120234787493e+00,3.510327893026261881e+04,3.320900686349250464e+02
1.909000000000000057e+02,1.334458446455763351e+03,2.103507720967408012e+00,3.510012493381706008e+04,3.320943831158325565e+02
1.910000000000000000e+02,1.334037949880552105e+03,2.103850838931503375e+00,3.509696989903046779e+04,3.320986939409264664e+02
1.911000000000000227e+02,1.333617688002053001e+03,2.104193460738850163e+00,3.509381345663755928e+04,3.321030010542717719e+02
1.912000000000000171e+02,1.333197669310148740e+03,2.104535572889874029e+00,3.509065523378983198e+04,3.321073043994769591e+02
1.913000000000000114e+02,1.332777902368539799e+03,2.104877161773649252e+00,3.508749485405559972e+04,3.321116039196939482e+02
1.914000000000000057e+02,1.332358395814742835e+03,2.105218213667898297e+00,3.508433193741994182e+04,3.321158995576183202e+02
1.915000000000000000e+02,1.331939158360092051e+03,2.105558714738994919e+00,3.508116610028476134e+04,3.321201912554889759e+02
1.916000000000000227e+02,1.331520198789738743e+03,2.105898651041960168e+00,3.507799695546872681e+04,3.321244789550884207e+02
1.917000000000000171e+02,1.331101525962651067e+03,2.106238008520463723e+00,3.507482411220733047e+04,3.321287625977425364e+02
1.918000000000000114e+02,1.330683143726924300e+03,2.106576784996535334e+00,3.507164716883021174e+04,3.321330421750116102e+02
1.919000000000000057e+02,1.330264910598251618e+03,2.106915318861996234e+00,3.506846563772385707e+04,3.321373191184582652e+02
1.920000000000000000e+02,1.329846758606865706e+03,2.107253769406918664e+00,3.506527947140912147e+04,3.321415941027255485e+02
1.921000000000000227e+02,1.329428687244163029e+03,2.107592135949643453e+00,3.506208877177674731e+04,3.321458671261636937e+02
1.922000000000000171e+02,1.329010696006330818e+03,2.107930417812636570e+00,3.505889363987467368e+04,3.321501381871386229e+02
1.923000000000000114e+02,1.328592784394345927e+03,2.108268614322490020e+00,3.505569417590805097e+04,3.321544072840316630e+02
1.924000000000000057e+02,1.328174951913975292e+03,2.108606724809920063e+00,3.505249047923919716e+04,3.321586744152396022e+02
1.925000000000000000e+02,1.327757198075775932e+03,2.108944748609768549e+00,3.504928264838764153e+04,3.321629395791746902e+02
1.926000000000000227e+02,1.327339522395094946e+03,2.109282685061002915e+00,3.504607078103012464e+04,3.321672027742648652e+02
1.927000000000000171e+02,1.326921924392069513e+03,2.109620533506715301e+00,3.504285497400054737e+04,3.321714639989532998e+02
1.928000000000000114e+02,1.326504403591627351e+03,2.109958293294122988e+00,3.503963532329002919e+04,3.321757232516987983e+02
1.929000000000000057e+02,1.326086959523485348e+03,2.110295963774568406e+00,3.503641192404689355e+04,3.321799805309756266e+02
1.930000000000000000e+02,1.325669591722151154e+03,2.110633544303519571e+00,3.503318487057663151e+04,3.321842358352735118e+02
1.931000000000000227e+02,1.325252299726921819e+03,2.110971034240569200e+00,3.502995425634194544e+04,3.321884891630977563e+02
1.932000000000000171e+02,1.324835083081885614e+03,2.111308432949435598e+00,3.502672017396273441e+04,3.321927405129691238e+02
1.933000000000000114e+02,1.324417941335919522e+03,2.111645739797962218e+00,3.502348271521610150e+04,3.321969898834237256e+02
1.934000000000000057e+02,1.324000874042691748e+03,2.111982954158117654e+00,3.502024197103631741e+04,3.322012372730133052e+02
1.935000000000000000e+02,1.323583880760659667e+03,2.112320075405995201e+00,3.501699803151487868e+04,3.322054826803051242e+02
1.936000000000000227e+02,1.323166961053071191e+03,2.112657102921814634e+00,3.501375098590045673e+04,3.322097261038817919e+02
1.937000000000000171e+02,1.322750114487964538e+03,2.112994036089918648e+00,3.501050092259893427e+04,3.322139675423415497e+02
1.938000000000000114e+02,1.322333340638167329e+03,2.113330874298777751e+00,3.500724792917337618e+04,3.322182069942979865e+02
1.939000000000000057e+02,1.321916639081297490e+03,2.113667616940986260e+00,3.500399209234404407e+04,3.322224444583803802e+02
1.940000000000000000e+02,1.321500009399763712e+03,2.114004263413263196e+00,3.500073349798840354e+04,3.322266799332332994e+02
1.941000000000000227e+02,1.321083451180763404e+03,2.114340813116454054e+00,3.499747223114110966e+04,3.322309134175168879e+02
1.942000000000000171e+02,1.320666964016285419e+03,2.114677265455528588e+00,3.499420837599401420e+04,3.322351449099067509e+02
1.943000000000000114e+02,1.320250547503108010e+03,2.115013619839581693e+00,3.499094201589617296e+04,3.322393744090940686e+02
1.944000000000000057e+02,1.319834201242799281e+03,2.115349875681834302e+00,3.498767323335381661e+04,3.322436019137854259e+02
1.945000000000000000e+02,1.319417924841717877e+03,2.115686032399632044e+00,3.498440211003039440e+04,3.322478274227028123e+02
1.946000000000000227e+02,1.319001717911012292e+03,2.116022089414445251e+00,3.498112872674653045e+04,3.322520509345839628e+02
1.947000000000000171e+02,1.318585580066621105e+03,2.116358046151870287e+00,3.497785316348006745e+04,3.322562724481818464e+02
1.948000000000000114e+02,1.318169510929272974e+03,2.116693902041628217e+00,3.497457549936601572e+04,3.322604919622650641e+02
1.949000000000000057e+02,1.317753510124486638e+03,2.117029656517565250e+00,3.497129581269660412e+04,3.322647094756176784e+02
1.950000000000000000e+02,1.317337577282570919e+03,2.117365309017652741e+00,3.496801418092124368e+04,3.322689249870392132e+02
1.951000000000000227e+02,1.316921712038624491e+03,2.117700858983988077e+00,3.496473068064655672e+04,3.322731384953446536e+02
1.952000000000000171e+02,1.316505914032536793e+03,2.118036305862792457e+00,3.496144538763634046e+04,3.322773499993646169e+02
1.953000000000000114e+02,1.316090182908986435e+03,2.118371649104413112e+00,3.495815837681160338e+04,3.322815594979450111e+02
1.954000000000000057e+02,1.315674518317442562e+03,2.118706888163322866e+00,3.495486972225054342e+04,3.322857669899473763e+02
1.955000000000000000e+02,1.315258919912164401e+03,2.119042022498118794e+00,3.495157949718854798e+04,3.322899724742487138e+02
1.956000000000000227e+02,1.314843387352200807e+03,2.119377051571523563e+00,3.494828777401820844e+04,3.322941759497414864e+02
1.957000000000000171e+02,1.314427920301391623e+03,2.119711974850384539e+00,3.494499462428931292e+04,3.322983774153336753e+02
1.958000000000000114e+02,1.314012518428366093e+03,2.120046791805675568e+00,3.494170011870884628e+04,3.323025768699486662e+02
1.959000000000000057e+02,1.313597181406543314e+03,2.120381501912494748e+00,3.493840432714096823e+04,3.323067743125254765e+02
1.960000000000000000e+02,1.313181908914133146e+03,2.120716104650064882e+00,3.493510731860707165e+04,3.323109697420185284e+02
1.961000000000000227e+02,1.312766700634134622e+03,2.121050599501735245e+00,3.493180916128570243e+04,3.323151631573977056e+02
1.962000000000000171e+02,1.312351556254337993e+03,2.121384985954979374e+00,3.492850992251263960e+04,3.323193545576484667e+02
1.963000000000000114e+02,1.311936475467322907e+03,2.121719263501396391e+00,3.492520966878082982e+04,3.323235439417716748e+02
1.964000000000000057e+02,1.311521457970458641e+03,2.122053431636709675e+00,3.492190846574043098e+04,3.323277313087837115e+02
1.965000000000000000e+02,1.311106503465905462e+03,2.122387489860769527e+00,3.491860637819879048e+04,3.323319166577164765e+02
1.966000000000000227e+02,1.310691611660613034e+03,2.122721437677550060e+00,3.491530347012045968e+04,3.323360999876173878e+02
1.967000000000000171e+02,1.310276782266321561e+03,2.123055274595151420e+00,3.491199980462716485e+04,3.323402812975492111e+02
1.968000000000000114e+02,1.309862014999560870e+03,2.123389000125797565e+00,3.490869544399785082e+04,3.323444605865904009e+02
1.969000000000000057e+02,1.309447309581651325e+03,2.123722613785839375e+00,3.490539044966865185e+04,3.323486378538346457e+02
1.970000000000000000e+02,1.309032665738703145e+03,2.124056115095751984e+00,3.490208488223288441e+04,3.323528130983914366e+02
1.971000000000000227e+02,1.308618083201615946e+03,2.124389503580136118e+00,3.489877880144107621e+04,3.323569863193854417e+02
1.972000000000000171e+02,1.308203561706081018e+03,2.124722778767716758e+00,3.489547226620093716e+04,3.323611575159570748e+02
1.973000000000000114e+02,1.307789100992578142e+03,2.125055940191344916e+00,3.489216533457739570e+04,3.323653266872620407e+02
1.974000000000000057e+02,1.307374700806377859e+03,2.125388987387997197e+00,3.488885806379254791e+04,3.323694938324717327e+02
1.975000000000000000e+02,1.306960360897540795e+03,2.125721919898774459e+00,3.488555051022570115e+04,3.323736589507728354e+02
1.976000000000000227e+02,1.306546081020917200e+03,2.126054737268902706e+00,3.488224272941335221e+04,3.323778220413676081e+02
1.977000000000000171e+02,1.306131860936148541e+03,2.126387439047734418e+00,3.487893477604920190e+04,3.323819831034738286e+02
1.978000000000000114e+02,1.305717700407664779e+03,2.126720024788745445e+00,3.487562670398413320e+04,3.323861421363247359e+02
1.979000000000000057e+02,1.305303599204687316e+03,2.127052494049538556e+00,3.487231856622624036e+04,3.323902991391690875e+02
1.980000000000000000e+02,1.304889557101226501e+03,2.127384846391840334e+00,3.486901041494079982e+04,3.323944541112710453e+02
1.981000000000000227e+02,1.304475573876083672e+03,2.127717081381503839e+00,3.486570230145029200e+04,3.323986070519103464e+02
1.982000000000000171e+02,1.304061649312849568e+03,2.128049198588505497e+00,3.486239427623437950e+04,3.324027579603821891e+02
1.983000000000000114e+02,1.303647783199905689e+03,2.128381197586948659e+00,3.485908638892994350e+04,3.324069068359972334e+02
1.984000000000000057e+02,1.303233975330422709e+03,2.128713077955061372e+00,3.485577868833104731e+04,3.324110536780817142e+02
1.985000000000000000e+02,1.302820225502362064e+03,2.129044839275196832e+00,3.485247122238893644e+04,3.324151984859772142e+02
1.986000000000000227e+02,1.302406533518475044e+03,2.129376481133832932e+00,3.484916403821207496e+04,3.324193412590410048e+02
1.987000000000000171e+02,1.301992899186303248e+03,2.129708003121573157e+00,3.484585718206610909e+04,3.324234819966455916e+02
1.988000000000000114e+02,1.301579322318177674e+03,2.130039404833146133e+00,3.484255069937389635e+04,3.324276206981792257e+02
1.989000000000000057e+02,1.301165802731220083e+03,2.130370685867406078e+00,3.483924463471546187e+04,3.324317573630454490e+02
1.990000000000000000e+02,1.300752340247342090e+03,2.130701845827331908e+00,3.483593903182804934e+04,3.324358919906633787e+02
1.991000000000000227e+02,1.300338934693245164e+03,2.131032884320027687e+00,3.483263393360608461e+04,3.324400245804676501e+02
1.992000000000000171e+02,1.299925585900421311e+03,2.131363800956722621e+00,3.482932938210121210e+04,3.324441551319083601e+02
1.993000000000000114e+02,1.299512293705151933e+03,2.131694595352771948e+00,3.482602541852223658e+04,3.324482836444510667e+02
1.994000000000000057e+02,1.299099057948508971e+03,2.132025267127654722e+00,3.482272208323518862e+04,3.324524101175768465e+02
1.995000000000000000e+02,1.298685878476354674e+03,2.132355815904976026e+00,3.481941941576327372e+04,3.324565345507822940e+02
1.996000000000000227e+02,1.298272755139340688e+03,2.132686241312466535e+00,3.481611745478690864e+04,3.324606569435793517e+02
1.997000000000000171e+02,1.297859687792909199e+03,2.133016542981981623e+00,3.481281623814369232e+04,3.324647772954956508e+02
1.998000000000000114e+02,1.297446676297292242e+03,2.133346720549500919e+00,3.480951580282842770e+04,3.324688956060741702e+02
1.999000000000000057e+02,1.297033720517512165e+03,2.133676773655130976e+00,3.480621618499311444e+04,3.324730118748734071e+02
2.000000000000000000e+02,1.296620820323381167e+03,2.134006701943102602e+00,3.480291741994694166e+04,3.324771261014674337e+02
2.001000000000000227e+02,1.296207975589501302e+03,2.134336505061771749e+00,3.479961954215630249e+04,3.324812382854457269e+02
2.002000000000000171e+02,1.295795186195265615e+03,2.134666182663619516e+00,3.479632258524476492e+04,3.324853484264132248e+02
2.003000000000000114e+02,1.295382452024855866e+03,2.134995734405252588e+00,3.479302658199312282e+04,3.324894565239904409e+02
2.004000000000000057e+02,1.294969772967245262e+03,2.135325159947402351e+00,3.478973156433933764e+04,3.324935625778133499e+02
2.005000000000000000e+02,1.294557148916195956e+03,2.135654458954925783e+00,3.478643756337858940e+04,3.324976665875333310e+02
2.006000000000000227e+02,1.294144579770260634e+03,2.135983631096805446e+00,3.478314460936323303e+04,3.325017685528173956e+02
2.007000000000000171e+02,1.293732065432782520e+03,2.136312676046148162e+00,3.477985273170283472e+04,3.325058684733479595e+02
2.008000000000000114e+02,1.293319605811893780e+03,2.136641593480185897e+00,3.477656195896415011e+04,3.325099663488228998e+02
2.009000000000000057e+02,1.292907200820517801e+03,2.136970383080277092e+00,3.477327231887113157e+04,3.325140621789556690e+02
2.010000000000000000e+02,1.292494850376367367e+03,2.137299044531903558e+00,3.476998383830492094e+04,3.325181559634751238e+02
2.011000000000000227e+02,1.292082554401945345e+03,2.137627577524674027e+00,3.476669654330386402e+04,3.325222477021256964e+02
2.012000000000000171e+02,1.291670312824545135e+03,2.137955981752321488e+00,3.476341045906350337e+04,3.325263373946672232e+02
2.013000000000000114e+02,1.291258125576249768e+03,2.138284256912704073e+00,3.476012560993656371e+04,3.325304250408751159e+02
2.014000000000000057e+02,1.290845992593932579e+03,2.138612402707805948e+00,3.475684201943297376e+04,3.325345106405401907e+02
2.015000000000000000e+02,1.290433913819256531e+03,2.138940418843734648e+00,3.475355971021986625e+04,3.325385941934688390e+02
2.016000000000000227e+02,1.290021889198675126e+03,2.139268305030725070e+00,3.475027870412154880e+04,3.325426756994827997e+02
2.017000000000000171e+02,1.289609918683432170e+03,2.139596060983136372e+00,3.474699902211955487e+04,3.325467551584195007e+02
2.018000000000000114e+02,1.289198002229560871e+03,2.139923686419451965e+00,3.474372068435257825e+04,3.325508325701316608e+02
2.019000000000000057e+02,1.288786139797884971e+03,2.140251181062281738e+00,3.474044371011653129e+04,3.325549079344876304e+02
2.020000000000000000e+02,1.288374331354018068e+03,2.140578544638360725e+00,3.473716811786451581e+04,3.325589812513712218e+02
2.021000000000000227e+02,1.287962576868363385e+03,2.140905776878548661e+00,3.473389392520683032e+04,3.325630525206816515e+02
2.022000000000000171e+02,1.287550876316115591e+03,2.141232877517830424e+00,3.473062114891097008e+04,3.325671217423337680e+02
2.023000000000000114e+02,1.287139229677258072e+03,2.141559846295315594e+00,3.472734980490161979e+04,3.325711889162577677e+02
2.024000000000000057e+02,1.286727636936564522e+03,2.141886682954240673e+00,3.472407990826066816e+04,3.325752540423994219e+02
2.025000000000000000e+02,1.286316098083599627e+03,2.142213387241965528e+00,3.472081147322718607e+04,3.325793171207199634e+02
2.026000000000000227e+02,1.285904613112716561e+03,2.142539958909976505e+00,3.471754451319745567e+04,3.325833781511960865e+02
2.027000000000000171e+02,1.285493182023060172e+03,2.142866397713884208e+00,3.471427904072494130e+04,3.325874371338200604e+02
2.028000000000000114e+02,1.285081804818564706e+03,2.143192703413424827e+00,3.471101506752031128e+04,3.325914940685995589e+02
2.029000000000000057e+02,1.284670481507953809e+03,2.143518875772459253e+00,3.470775260445143795e+04,3.325955489555578311e+02
2.030000000000000000e+02,1.284259212104742346e+03,2.143844914558974857e+00,3.470449166154336126e+04,3.325996017947334735e+02
2.031000000000000227e+02,1.283847996627234352e+03,2.144170819545083262e+00,3.470123224797834700e+04,3.326036525861806581e+02
2.032000000000000171e+02,1.283436835098524853e+03,2.144496590507020795e+00,3.469797437209583586e+04,3.326077013299691316e+02
2.033000000000000114e+02,1.283025727546498047e+03,2.144822227225149813e+00,3.469471804139247251e+04,3.326117480261839887e+02
2.034000000000000057e+02,1.282614674003828441e+03,2.145147729483957821e+00,3.469146326252209110e+04,3.326157926749258991e+02
2.035000000000000000e+02,1.282203674507980850e+03,2.145473097072057023e+00,3.468821004129574430e+04,3.326198352763109369e+02
2.036000000000000227e+02,1.281792729101210170e+03,2.145798329782185210e+00,3.468495838268163789e+04,3.326238758304708085e+02
2.037000000000000171e+02,1.281381837830561153e+03,2.146123427411204876e+00,3.468170829080521798e+04,3.326279143375525109e+02
2.038000000000000114e+02,1.280971000747868629e+03,2.146448389760104547e+00,3.467845976894909109e+04,3.326319507977187868e+02
2.039000000000000057e+02,1.280560217909757512e+03,2.146773216633997450e+00,3.467521281955308223e+04,3.326359852111475561e+02
2.040000000000000000e+02,1.280149489377643022e+03,2.147097907842121511e+00,3.467196744421420590e+04,3.326400175780324844e+02
2.041000000000000227e+02,1.279738815217730007e+03,2.147422463197840692e+00,3.466872364368665876e+04,3.326440478985826985e+02
2.042000000000000171e+02,1.279328195501014079e+03,2.147746882518643652e+00,3.466548141788184876e+04,3.326480761730226163e+02
2.043000000000000114e+02,1.278917630303280021e+03,2.148071165626144641e+00,3.466224076586838055e+04,3.326521024015924013e+02
2.044000000000000057e+02,1.278507119705103378e+03,2.148395312346082164e+00,3.465900168587204098e+04,3.326561265845474509e+02
2.045000000000000000e+02,1.278096663791849551e+03,2.148719322508321206e+00,3.465576417527582817e+04,3.326601487221589650e+02
2.046000000000000227e+02,1.277686262653674021e+03,2.149043195946851004e+00,3.465252823061991512e+04,3.326641688147133209e+02
2.047000000000000171e+02,1.277275916385522123e+03,2.149366932499786387e+00,3.464929384760169341e+04,3.326681868625125844e+02
2.048000000000000114e+02,1.276865625087129501e+03,2.149690532009366883e+00,3.464606102107572951e+04,3.326722028658741692e+02
2.049000000000000057e+02,1.276455388863021881e+03,2.150013994321958499e+00,3.464282974505380844e+04,3.326762168251311778e+02
2.050000000000000000e+02,1.276045207822515067e+03,2.150337319288050608e+00,3.463960001270488283e+04,3.326802287406319465e+02
2.051000000000000227e+02,1.275635082079714721e+03,2.150660506762259061e+00,3.463637181635512388e+04,3.326842386127405575e+02
2.052000000000000171e+02,1.275225011753516810e+03,2.150983556603323965e+00,3.463314514748789225e+04,3.326882464418363270e+02
2.053000000000000114e+02,1.274814996967607158e+03,2.151306468674112349e+00,3.462991999674373074e+04,3.326922522283143167e+02
2.054000000000000057e+02,1.274405037850461895e+03,2.151629242841614165e+00,3.462669635392040072e+04,3.326962559725848791e+02
2.055000000000000000e+02,1.273995134535347006e+03,2.151951878976945842e+00,3.462347420797283849e+04,3.327002576750739991e+02
2.056000000000000227e+02,1.273585287160318785e+03,2.152274376955349400e+00,3.462025354701319156e+04,3.327042573362230087e+02
2.057000000000000171e+02,1.273175495868223152e+03,2.152596736656190668e+00,3.461703435831078968e+04,3.327082549564887586e+02
2.058000000000000114e+02,1.272765760806696790e+03,2.152918957962961954e+00,3.461381662829216657e+04,3.327122505363437881e+02
2.059000000000000057e+02,1.272356082128165781e+03,2.153241040763279823e+00,3.461060034254104539e+04,3.327162440762758138e+02
2.060000000000000000e+02,1.271946459989846517e+03,2.153562984948886871e+00,3.460738548579836061e+04,3.327202355767882977e+02
2.061000000000000227e+02,1.271536894553745469e+03,2.153884790415649952e+00,3.460417204196221428e+04,3.327242250384000499e+02
2.062000000000000171e+02,1.271127385986659647e+03,2.154206457063561952e+00,3.460095999408792704e+04,3.327282124616454553e+02
2.063000000000000114e+02,1.270717934460175229e+03,2.154527984796740459e+00,3.459774932438800897e+04,3.327321978470743034e+02
2.064000000000000057e+02,1.270308540150668932e+03,2.154849373523428646e+00,3.459454001423215959e+04,3.327361811952518451e+02
2.065000000000000000e+02,1.269899203239307781e+03,2.155170623155993948e+00,3.459133204414728971e+04,3.327401625067590203e+02
2.066000000000000227e+02,1.269489923912048198e+03,2.155491733610930272e+00,3.458812539381747774e+04,3.327441417821920595e+02
2.067000000000000171e+02,1.269080702359637598e+03,2.155812704808855784e+00,3.458492004208403523e+04,3.327481190221627685e+02
2.068000000000000114e+02,1.268671538777612568e+03,2.156133536674514239e+00,3.458171596694542677e+04,3.327520942272984144e+02
2.069000000000000057e+02,1.268262433366300456e+03,2.156454229136774536e+00,3.457851314555735007e+04,3.327560673982417256e+02
2.070000000000000000e+02,1.267853386330818012e+03,2.156774782128630719e+00,3.457531155423267774e+04,3.327600385356510060e+02
2.071000000000000227e+02,1.267444397881072746e+03,2.157095195587201530e+00,3.457211116844147909e+04,3.327640076402000204e+02
2.072000000000000171e+02,1.267035468231761797e+03,2.157415469453732193e+00,3.456891196281103475e+04,3.327679747125779386e+02
2.073000000000000114e+02,1.266626597602372613e+03,2.157735603673591740e+00,3.456571391112579295e+04,3.327719397534895052e+02
2.074000000000000057e+02,1.266217786217182265e+03,2.158055598196274794e+00,3.456251698632742045e+04,3.327759027636549831e+02
2.075000000000000000e+02,1.265809034305258592e+03,2.158375452975402009e+00,3.455932116051477351e+04,3.327798637438099831e+02
2.076000000000000227e+02,1.265400342100458602e+03,2.158695167968717854e+00,3.455612640494389780e+04,3.327838226947057478e+02
2.077000000000000171e+02,1.264991709841430520e+03,2.159014743138093273e+00,3.455293269002805027e+04,3.327877796171089813e+02
2.078000000000000114e+02,1.264583137771611746e+03,2.159334178449523467e+00,3.454973998533765553e+04,3.327917345118017920e+02
2.079000000000000057e+02,1.264174626139229986e+03,2.159653473873128782e+00,3.454654825960036396e+04,3.327956873795819206e+02
2.080000000000000000e+02,1.263766175197303255e+03,2.159972629383156040e+00,3.454335748070100817e+04,3.327996382212623985e+02
2.081000000000000227e+02,1.263357785203638969e+03,2.160291644957975432e+00,3.454016761568160291e+04,3.328035870376720027e+02
2.082000000000000171e+02,1.262949456420835531e+03,2.160610520580084071e+00,3.453697863074138877e+04,3.328075338296547443e+02
2.083000000000000114e+02,1.262541189116280520e+03,2.160929256236102436e+00,3.453379049123677396e+04,3.328114785980702663e+02
2.084000000000000057e+02,1.262132983562152504e+03,2.161247851916777929e+00,3.453060316168137797e+04,3.328154213437937301e+02
2.085000000000000000e+02,1.261724840035419447e+03,2.161566307616982208e+00,3.452741660574600974e+04,3.328193620677156446e+02
2.086000000000000227e+02,1.261316758817839400e+03,2.161884623335712075e+00,3.452423078625866765e+04,3.328233007707421507e+02
2.087000000000000171e+02,1.260908740195960945e+03,2.162202799076090365e+00,3.452104566520456865e+04,3.328272374537948508e+02
2.088000000000000114e+02,1.260500784461122294e+03,2.162520834845363726e+00,3.451786120372609730e+04,3.328311721178106950e+02
2.089000000000000057e+02,1.260092891909451964e+03,2.162838730654905284e+00,3.451467736212284217e+04,3.328351047637423221e+02
2.090000000000000000e+02,1.259685062841868103e+03,2.163156486520212418e+00,3.451149409985160310e+04,3.328390353925577756e+02
2.091000000000000227e+02,1.259277297564079618e+03,2.163474102460908544e+00,3.450831137552635482e+04,3.328429640052405603e+02
2.092000000000000171e+02,1.258869596386585272e+03,2.163791578500741331e+00,3.450512914691828337e+04,3.328468906027896992e+02
2.093000000000000114e+02,1.258461959624673455e+03,2.164108914667584482e+00,3.450194737095575692e+04,3.328508151862197337e+02
2.094000000000000057e+02,1.258054387598423318e+03,2.164426110993436847e+00,3.449876600372434041e+04,3.328547377565605530e+02
2.095000000000000000e+02,1.257646880632703187e+03,2.164743167514421085e+00,3.449558500046681002e+04,3.328586583148577915e+02
2.096000000000000227e+02,1.257239439057172376e+03,2.165060084270787222e+00,3.449240431558312412e+04,3.328625768621723182e+02
2.097000000000000171e+02,1.256832063206279827e+03,2.165376861306908651e+00,3.448922390263043053e+04,3.328664933995806336e+02
2.098000000000000114e+02,1.256424753419264562e+03,2.165693498671284356e+00,3.448604371432308835e+04,3.328704079281746999e+02
2.099000000000000057e+02,1.256017510040155457e+03,2.166009996416539796e+00,3.448286370253264613e+04,3.328743204490619974e+02
2.100000000000000000e+02,1.255610333417772154e+03,2.166326354599424242e+00,3.447968381828784186e+04,3.328782309633653540e+02
2.101000000000000227e+02,1.255203223905723462e+03,2.166642573280812556e+00,3.447650401177461754e+04,3.328821394722232867e+02
2.102000000000000171e+02,1.254796181862408957e+03,2.166958652525704299e+00,3.447332423233610461e+04,3.328860459767896600e+02
2.103000000000000114e+02,1.254389207651018296e+03,2.167274592403225064e+00,3.447014442847263126e+04,3.328899504782339136e+02
2.104000000000000057e+02,1.253982301639530533e+03,2.167590392986625147e+00,3.446696454784172238e+04,3.328938529777409485e+02
2.105000000000000000e+02,1.253575464200715260e+03,2.167906054353280432e+00,3.446378453725809959e+04,3.328977534765110704e+02
2.106000000000000227e+02,1.253168695712132148e+03,2.168221576584691501e+00,3.446060434269368125e+04,3.329016519757602168e+02
2.107000000000000171e+02,1.252761996556131180e+03,2.168536959766484085e+00,3.445742390927757515e+04,3.329055484767196731e+02
2.108000000000000114e+02,1.252355367119851508e+03,2.168852203988409499e+00,3.445424318129609310e+04,3.329094429806364133e+02
2.109000000000000057e+02,1.251948807795223502e+03,2.169167309344344652e+00,3.445106210219272907e+04,3.329133354887726455e+02
2.110000000000000000e+02,1.251542318978966705e+03,2.169482275932290261e+00,3.444788061456818832e+04,3.329172260024062666e+02
2.111000000000000227e+02,1.251135901072591196e+03,2.169797103854373077e+00,3.444469866018036555e+04,3.329211145228305782e+02
2.112000000000000171e+02,1.250729554482397134e+03,2.170111793216845886e+00,3.444151617994433764e+04,3.329250010513543430e+02
2.113000000000000114e+02,1.250323279619474306e+03,2.170426344130084839e+00,3.443833311393240001e+04,3.329288855893019559e+02
2.114000000000000057e+02,1.249917076899703261e+03,2.170740756708592123e+00,3.443514940137403028e+04,3.329327681380131025e+02
2.115000000000000000e+02,1.249510946743753721e+03,2.171055031070996399e+00,3.443196498065590276e+04,3.329366486988431006e+02
2.116000000000000227e+02,1.249104889577086396e+03,2.171369167340049255e+00,3.442877978932188853e+04,3.329405272731626724e+02
2.117000000000000171e+02,1.248698905829951627e+03,2.171683165642628754e+00,3.442559376407305535e+04,3.329444038623581719e+02
2.118000000000000114e+02,1.248292995937389833e+03,2.171997026109738105e+00,3.442240684076766047e+04,3.329482784678311873e+02
2.119000000000000057e+02,1.247887160339231286e+03,2.172310748876505215e+00,3.441921895442116511e+04,3.329521510909991093e+02
2.120000000000000000e+02,1.247481399480096798e+03,2.172624334082183584e+00,3.441603003920622723e+04,3.329560217332945058e+02
2.121000000000000227e+02,1.247075713809397030e+03,2.172937781870152296e+00,3.441284002845268697e+04,3.329598903961656902e+02
2.122000000000000171e+02,1.246670103781332500e+03,2.173251092387914696e+00,3.440964885464758845e+04,3.329637570810763805e+02
2.123000000000000114e+02,1.246264569854894262e+03,2.173564265787099714e+00,3.440645644943517982e+04,3.329676217895056425e+02
2.124000000000000057e+02,1.245859112493862995e+03,2.173877302223461427e+00,3.440326274361688411e+04,3.329714845229482307e+02
2.125000000000000000e+02,1.245453732166809687e+03,2.174190201856879945e+00,3.440006766715134290e+04,3.329753452829143612e+02
2.126000000000000227e+02,1.245048429347095407e+03,2.174502964851358744e+00,3.439687114915437996e+04,3.329792040709295975e+02
2.127000000000000171e+02,1.244643204512870852e+03,2.174815591375027779e+00,3.439367311789900850e+04,3.329830608885350784e+02
2.128000000000000114e+02,1.244238058147077709e+03,2.175128081600142593e+00,3.439047350081545301e+04,3.329869157372875179e+02
2.129000000000000057e+02,1.243832990737446835e+03,2.175440435703082542e+00,3.438727222449112742e+04,3.329907686187590343e+02
2.130000000000000000e+02,1.243428002776499625e+03,2.175752653864353459e+00,3.438406921467063512e+04,3.329946195345371507e+02
2.131000000000000227e+02,1.243023094761547327e+03,2.176064736268585875e+00,3.438086439625577623e+04,3.329984684862250219e+02
2.132000000000000171e+02,1.242618267194691271e+03,2.176376683104534582e+00,3.437765769330556213e+04,3.330023154754412644e+02
2.133000000000000114e+02,1.242213520582823321e+03,2.176688494565081289e+00,3.437444902903617913e+04,3.330061605038198991e+02
2.134000000000000057e+02,1.241808855437624743e+03,2.177000170847231519e+00,3.437123832582101750e+04,3.330100035730105787e+02
2.135000000000000000e+02,1.241404272275566882e+03,2.177311712152116829e+00,3.436802550519066426e+04,3.330138446846783040e+02
2.136000000000000227e+02,1.240999771617911847e+03,2.177623118684993475e+00,3.436481048783289589e+04,3.330176838405035937e+02
2.137000000000000171e+02,1.240595353990711374e+03,2.177934390655242858e+00,3.436159319359270012e+04,3.330215210421825986e+02
2.138000000000000114e+02,1.240191019924807279e+03,2.178245528276371967e+00,3.435837354147223232e+04,3.330253562914267036e+02
2.139000000000000057e+02,1.239786769955831232e+03,2.178556531766012938e+00,3.435515144963088096e+04,3.330291895899630390e+02
2.140000000000000000e+02,1.239382604624205442e+03,2.178867401345923049e+00,3.435192683538519486e+04,3.330330209395340262e+02
2.141000000000000227e+02,1.238978524475141739e+03,2.179178137241983837e+00,3.434869961520893412e+04,3.330368503418977184e+02
2.142000000000000171e+02,1.238574530058642267e+03,2.179488739684203313e+00,3.434546970473305555e+04,3.330406777988275735e+02
2.143000000000000114e+02,1.238170621929499475e+03,2.179799208906714636e+00,3.434223701874571270e+04,3.330445033121125675e+02
2.144000000000000057e+02,1.237766800647295213e+03,2.180109545147774774e+00,3.433900147119224130e+04,3.330483268835571380e+02
2.145000000000000000e+02,1.237363066776402093e+03,2.180419748649767619e+00,3.433576297517518833e+04,3.330521485149812975e+02
2.146000000000000227e+02,1.236959420885982126e+03,2.180729819659201318e+00,3.433252144295429025e+04,3.330559682082204631e+02
2.147000000000000171e+02,1.236555863549988317e+03,2.181039758426709163e+00,3.432927678594648023e+04,3.330597859651255135e+02
2.148000000000000114e+02,1.236152395347162610e+03,2.181349565207049590e+00,3.432602891472587362e+04,3.330636017875629591e+02
2.149000000000000057e+02,1.235749016861037944e+03,2.181659240259106625e+00,3.432277773902381159e+04,3.330674156774146581e+02
2.150000000000000000e+02,1.235318198645030634e+03,2.182012123582722563e+00,3.432132591732560832e+04,3.330713640348814693e+02
2.151000000000000227e+02,1.234833577042121078e+03,2.182446850010510975e+00,3.432352224119926541e+04,3.330755673535176697e+02
2.152000000000000171e+02,1.234301013264133189e+03,2.182949959791699701e+00,3.432916355801711325e+04,3.330799816546592069e+02
2.153000000000000114e+02,1.233726159917731138e+03,2.183508561595765674e+00,3.433805017690535169e+04,3.330845648422605905e+02
2.154000000000000057e+02,1.233114443229699646e+03,2.184110360942950635e+00,3.434998701355775847e+04,3.330892767925427620e+02
2.155000000000000000e+02,1.232471063046943982e+03,2.184743660204263804e+00,3.436478359023572557e+04,3.330940793539930951e+02
2.156000000000000227e+02,1.231800992836489513e+03,2.185397358601479212e+00,3.438225403576825920e+04,3.330989363473653952e+02
2.157000000000000171e+02,1.231108979685482836e+03,2.186060952207136587e+00,3.440221708555192163e+04,3.331038135656798431e+02
2.158000000000000114e+02,1.230399544301190190e+03,2.186724533944542248e+00,3.442449608155091119e+04,3.331086787742229944e+02
2.159000000000000057e+02,1.229676981010998588e+03,2.187378793587767767e+00,3.444891897229702590e+04,3.331135017105478937e+02
2.160000000000000000e+02,1.228945357762415597e+03,2.188015017761651748e+00,3.447531831288964895e+04,3.331182540844740174e+02
2.161000000000000227e+02,1.228208516123068875e+03,2.188625089941797164e+00,3.450353126499577047e+04,3.331229095780871603e+02
2.162000000000000171e+02,1.227470071280707089e+03,2.189201490454573573e+00,3.453339959684996575e+04,3.331274438457396627e+02
2.163000000000000114e+02,1.226733412043198769e+03,2.189737296477117123e+00,3.456476968325443886e+04,3.331318345140501265e+02
2.164000000000000057e+02,1.226001700838533225e+03,2.190226182037328773e+00,3.459749250557897176e+04,3.331360611819036421e+02
2.165000000000000000e+02,1.225277873714820316e+03,2.190662418013876067e+00,3.463142365176096064e+04,3.331401054204518459e+02
2.166000000000000227e+02,1.224564640340289543e+03,2.191040872136191808e+00,3.466642331630539411e+04,3.331439507731125786e+02
2.167000000000000171e+02,1.223864484003292091e+03,2.191357008984475385e+00,3.470235630028483865e+04,3.331475827555701699e+02
2.168000000000000114e+02,1.223179661612298787e+03,2.191606889989691442e+00,3.473909201133950410e+04,3.331509888557753811e+02
2.169000000000000057e+02,1.222512203695901235e+03,2.191787173433571212e+00,3.477650446367717086e+04,3.331541585339454628e+02
2.170000000000000000e+02,1.221863914402810906e+03,2.191895114448611182e+00,3.481447227807323361e+04,3.331570832225639265e+02
2.171000000000000227e+02,1.221236371501860503e+03,2.191928565018074426e+00,3.485287868187068671e+04,3.331597563263807729e+02
2.172000000000000171e+02,1.220630926382002826e+03,2.191885973975989277e+00,3.489161150898009510e+04,3.331621732224124912e+02
2.173000000000000114e+02,1.220048704052310995e+03,2.191766387007150207e+00,3.493056319987965981e+04,3.331643312599418891e+02
2.174000000000000057e+02,1.219490603141978681e+03,2.191569446647117392e+00,3.496963080161516700e+04,3.331662297605182061e+02
2.175000000000000000e+02,1.218957295900320105e+03,2.191295392282217147e+00,3.500871596780000982e+04,3.331678700179571138e+02
2.176000000000000227e+02,1.218449228196769582e+03,2.190945060149541490e+00,3.504772495861518109e+04,3.331692552983407154e+02
2.177000000000000171e+02,1.217966619520882659e+03,2.190519883336948581e+00,3.508656864080925152e+04,3.331703908400174896e+02
2.178000000000000114e+02,1.217509462982334298e+03,2.190021891783062280e+00,3.512516248769841332e+04,3.331712838536023469e+02
2.179000000000000057e+02,1.217077525310920691e+03,2.189453712277273034e+00,3.516342657916646567e+04,3.331719435219766865e+02
2.180000000000000000e+02,1.216670346856558126e+03,2.188818568459735658e+00,3.520128560166478564e+04,3.331723810002881123e+02
2.181000000000000227e+02,1.216287241589283440e+03,2.188120280821371999e+00,3.523866884821237909e+04,3.331726094159508875e+02
2.182000000000000171e+02,1.215927297099253792e+03,2.187363266703869602e+00,3.527551021839580062e+04,3.331726438686455936e+02
2.183000000000000114e+02,1.215589374596746893e+03,2.186552540299682157e+00,3.531174821836926276e+04,3.331725014303191301e+02
2.184000000000000057e+02,1.215272108912161002e+03,2.185693712652028609e+00,3.534732596085454861e+04,3.331722011451850562e+02
2.185000000000000000e+02,1.214973908496014701e+03,2.184792991654894490e+00,3.538219116514104098e+04,3.331717640297230218e+02
2.186000000000000227e+02,1.214692955418946894e+03,2.183857182053030144e+00,3.541629615708574420e+04,3.331712130726793930e+02
2.187000000000000171e+02,1.214427205371717264e+03,2.182893685441953391e+00,3.544959786911321862e+04,3.331705732350667404e+02
2.188000000000000114e+02,1.214174387665205359e+03,2.181910500267946862e+00,3.548205784021566797e+04,3.331698714501642371e+02
2.189000000000000057e+02,1.213932005230411960e+03,2.180916221828058887e+00,3.551364221595287381e+04,3.331691366235172609e+02
2.190000000000000000e+02,1.213697334618457944e+03,2.179920042270104830e+00,3.554432174845223199e+04,3.331683996329377351e+02
2.191000000000000227e+02,1.213467426000584055e+03,2.178931750592664418e+00,3.557407179640872346e+04,3.331676933285040150e+02
2.192000000000000171e+02,1.213239103168152496e+03,2.177961732645084858e+00,3.560287232508493616e+04,3.331670525325607741e+02
2.193000000000000114e+02,1.213008963532645112e+03,2.177020971127478610e+00,3.563070790631105046e+04,3.331665140397192317e+02
2.194000000000000057e+02,1.212773378125664749e+03,2.176121045590722947e+00,3.565756771848486096e+04,3.331661166168568684e+02
2.195000000000000000e+02,1.212528491598934352e+03,2.175274132436462615e+00,3.568344554657176195e+04,3.331659010031177104e+02
2.196000000000000227e+02,1.212270222224297186e+03,2.174493004917107619e+00,3.570833978210473288e+04,3.331659099099121590e+02
2.197000000000000171e+02,1.211994261893717749e+03,2.173791033135833661e+00,3.573225342318434559e+04,3.331661880209169340e+02
2.198000000000000114e+02,1.211696076119279951e+03,2.173182184046583032e+00,3.575519407447881531e+04,3.331667819920753573e+02
2.199000000000000057e+02,1.211370904033188708e+03,2.172681021454063277e+00,3.577717394722390600e+04,3.331677404515970693e+02
2.200000000000000000e+02,1.211013758387769485e+03,2.172302706013747642e+00,3.579820985922301770e+04,3.331691139999580287e+02
2.201000000000000227e+02,1.210619425555467842e+03,2.172062995231875515e+00,3.581832323484713561e+04,3.331709552099007965e+02
2.202000000000000171e+02,1.210182465528850116e+03,2.171978243465453318e+00,3.583754010503483732e+04,3.331733186264342521e+02
2.203000000000000114e+02,1.209707200260178752e+03,2.172032121101606705e+00,3.585597978899637383e+04,3.331761488021357991e+02
2.204000000000000057e+02,1.209231480214739577e+03,2.172097256379364349e+00,3.587403086285635072e+04,3.331790169164920030e+02
2.205000000000000000e+02,1.208759551822399089e+03,2.172159246504001828e+00,3.589174132691731211e+04,3.331818744901889318e+02
2.206000000000000227e+02,1.208291339775824326e+03,2.172218144019519848e+00,3.590911848555042525e+04,3.331847216896165378e+02
2.207000000000000171e+02,1.207826770535683181e+03,2.172274000913954506e+00,3.592616944691202661e+04,3.331875586794428159e+02
2.208000000000000114e+02,1.207365772330642585e+03,2.172326868619374185e+00,3.594290112294368737e+04,3.331903856226135190e+02
2.209000000000000057e+02,1.206908275157370099e+03,2.172376798011879995e+00,3.595932022937215515e+04,3.331932026803524991e+02
2.210000000000000000e+02,1.206454210780533231e+03,2.172423839411606661e+00,3.597543328570938320e+04,3.331960100121613664e+02
2.211000000000000227e+02,1.206003512732798981e+03,2.172468042582722525e+00,3.599124661525253032e+04,3.331988077758198301e+02
2.212000000000000171e+02,1.205556116314835208e+03,2.172509456733429101e+00,3.600676634508393181e+04,3.332015961273854145e+02
2.213000000000000114e+02,1.205111958595308806e+03,2.172548130515960629e+00,3.602199840607114311e+04,3.332043752211935725e+02
2.214000000000000057e+02,1.204670978410887528e+03,2.172584112026584968e+00,3.603694853286692523e+04,3.332071452098577424e+02
2.215000000000000000e+02,1.204233116366238391e+03,2.172617448805603146e+00,3.605162226390920841e+04,3.332099062442693480e+02
2.216000000000000227e+02,1.203798314834029043e+03,2.172648187837348921e+00,3.606602494142115029e+04,3.332126584735976280e+02
2.217000000000000171e+02,1.203366517954926621e+03,2.172676375550190553e+00,3.608016171141109226e+04,3.332154020452897498e+02
2.218000000000000114e+02,1.202937671637598442e+03,2.172702057816527699e+00,3.609403752367257403e+04,3.332181371050708663e+02
2.219000000000000057e+02,1.202511723558712220e+03,2.172725279952795407e+00,3.610765713178434089e+04,3.332208637969440588e+02
2.220000000000000000e+02,1.202088623162934937e+03,2.172746086719459679e+00,3.612102509311033646e+04,3.332235822631903943e+02
2.221000000000000227e+02,1.201668321662933977e+03,2.172764522321021907e+00,3.613414576879970264e+04,3.332262926443686979e+02
2.222000000000000171e+02,1.201250772039376898e+03,2.172780630406014879e+00,3.614702332378677238e+04,3.332289950793158937e+02
2.223000000000000114e+02,1.200835929040930978e+03,2.172794454067005887e+00,3.615966172679108422e+04,3.332316897051467777e+02
2.224000000000000057e+02,1.200423749184263443e+03,2.172806035840594507e+00,3.617206475031738228e+04,3.332343766572540176e+02
2.225000000000000000e+02,1.200014190754041692e+03,2.172815417707414820e+00,3.618423597065559443e+04,3.332370560693083235e+02
2.226000000000000227e+02,1.199607213802933074e+03,2.172822641092132301e+00,3.619617876788086141e+04,3.332397280732582772e+02
2.227000000000000171e+02,1.199202780151604884e+03,2.172827746863447373e+00,3.620789632585351501e+04,3.332423927993303323e+02
2.228000000000000114e+02,1.198800853388724363e+03,2.172830775334093190e+00,3.621939163221908530e+04,3.332450503760289280e+02
2.229000000000000057e+02,1.198401398870959156e+03,2.172831766260835185e+00,3.623066747840830794e+04,3.332477009301365456e+02
2.230000000000000000e+02,1.198004383722976172e+03,2.172830758844473742e+00,3.624172645963710966e+04,3.332503445867133678e+02
2.231000000000000227e+02,1.197609776837442951e+03,2.172827791729840641e+00,3.625257097490662272e+04,3.332529814690976764e+02
2.232000000000000171e+02,1.197217548875026978e+03,2.172822903005802164e+00,3.626320322700317047e+04,3.332556116989056818e+02
2.233000000000000114e+02,1.196827672264395460e+03,2.172816130205257323e+00,3.627362522249828180e+04,3.332582353960313526e+02
2.234000000000000057e+02,1.196440121202215551e+03,2.172807510305138745e+00,3.628383877174868394e+04,3.332608526786468701e+02
2.235000000000000000e+02,1.196054871653154805e+03,2.172797079726411784e+00,3.629384548889630241e+04,3.332634636632020033e+02
2.236000000000000227e+02,1.195671901349880045e+03,2.172784874334074967e+00,3.630364679186826106e+04,3.332660684644247908e+02
2.237000000000000171e+02,1.195291189793059175e+03,2.172770929437160881e+00,3.631324390237687476e+04,3.332686671953209725e+02
2.238000000000000114e+02,1.194912718251359365e+03,2.172755279788734839e+00,3.632263784591967124e+04,3.332712599671743305e+02
2.239000000000000057e+02,1.194536469761447734e+03,2.172737959585894441e+00,3.633182945177936926e+04,3.332738468895465189e+02
2.240000000000000000e+02,1.194162429127991800e+03,2.172719002469772676e+00,3.634081935302388592e+04,3.332764280702771202e+02
2.241000000000000227e+02,1.193790582923658576e+03,2.172698441525533486e+00,3.634960798650634388e+04,3.332790036154837026e+02
2.242000000000000171e+02,1.193420919489115477e+03,2.172676309282375318e+00,3.635819559286505682e+04,3.332815736295616489e+02
2.243000000000000114e+02,1.193053428933030091e+03,2.172652637713529788e+00,3.636658221652353677e+04,3.332841382151844982e+02
2.244000000000000057e+02,1.192688103132069273e+03,2.172627458236261244e+00,3.637476770569050132e+04,3.332866974733034340e+02
2.245000000000000000e+02,1.192324935730900734e+03,2.172600801711868090e+00,3.638275171235986636e+04,3.332892515031477956e+02
2.246000000000000227e+02,1.191963922142191223e+03,2.172572698445681016e+00,3.639053369231073884e+04,3.332918004022247374e+02
2.247000000000000171e+02,1.191605059546608572e+03,2.172543178187064328e+00,3.639811290510743856e+04,3.332943442663193991e+02
2.248000000000000114e+02,1.191248346892819882e+03,2.172512270129415501e+00,3.640548841409946181e+04,3.332968831894947357e+02
2.249000000000000057e+02,1.190893784897492424e+03,2.172480002910166075e+00,3.641265908642152499e+04,3.332994172640918578e+02
2.250000000000000000e+02,1.190541376045293418e+03,2.172446404610778981e+00,3.641962359299354284e+04,3.333019465807295774e+02
2.251000000000000227e+02,1.190191124588890034e+03,2.172411502756752544e+00,3.642638040852061386e+04,3.333044712283047488e+02
2.252000000000000171e+02,1.189843036548949840e+03,2.172375324317616485e+00,3.643292781149303482e+04,3.333069912939920982e+02
2.253000000000000114e+02,1.189497119714139899e+03,2.172337895706934585e+00,3.643926388418632996e+04,3.333095068632444509e+02
2.254000000000000057e+02,1.189153383641127675e+03,2.172299242782304241e+00,3.644538651266118541e+04,3.333120180197922764e+02
2.255000000000000000e+02,1.188811839654580126e+03,2.172259390845355131e+00,3.645129338676350744e+04,3.333145248456442005e+02
2.256000000000000227e+02,1.188472491198579746e+03,2.172218378229457514e+00,3.645698276193316269e+04,3.333170274577586270e+02
2.257000000000000171e+02,1.188135079942128414e+03,2.172176591324336492e+00,3.646247416091209743e+04,3.333195269120993771e+02
2.258000000000000114e+02,1.187799466635446606e+03,2.172134191428101602e+00,3.646777937488534371e+04,3.333220236565659320e+02
2.259000000000000057e+02,1.187465626400473866e+03,2.172091170424644169e+00,3.647290140974013048e+04,3.333245176816271851e+02
2.260000000000000000e+02,1.187133534608686659e+03,2.172047520557239597e+00,3.647784323316925293e+04,3.333270089785871164e+02
2.261000000000000227e+02,1.186803166881097923e+03,2.172003234428547369e+00,3.648260777467102162e+04,3.333294975395848496e+02
2.262000000000000171e+02,1.186474499088257971e+03,2.171958305000610601e+00,3.648719792554931337e+04,3.333319833575946518e+02
2.263000000000000114e+02,1.186147507350253363e+03,2.171912725594857818e+00,3.649161653891354217e+04,3.333344664264259904e+02
2.264000000000000057e+02,1.185822168036707808e+03,2.171866489892101182e+00,3.649586642967868102e+04,3.333369467407234197e+02
2.265000000000000000e+02,1.185498457766781485e+03,2.171819591932536042e+00,3.649995037456524005e+04,3.333394242959666371e+02
2.266000000000000227e+02,1.185176353409171497e+03,2.171772026115743159e+00,3.650387111209927389e+04,3.333418990884705408e+02
2.267000000000000171e+02,1.184855832082112101e+03,2.171723787200686928e+00,3.650763134261238883e+04,3.333443711153850586e+02
2.268000000000000114e+02,1.184536871153374022e+03,2.171674870305716265e+00,3.651123372824173566e+04,3.333468403746954323e+02
2.269000000000000057e+02,1.184219448240264683e+03,2.171625270908564165e+00,3.651468089293000958e+04,3.333493068652219335e+02
2.270000000000000000e+02,1.183903541209628202e+03,2.171574984846346812e+00,3.651797542242545751e+04,3.333517705866199208e+02
2.271000000000000227e+02,1.183589128177846305e+03,2.171524008315566245e+00,3.652111986428187083e+04,3.333542315393800664e+02
2.272000000000000171e+02,1.183276187510836507e+03,2.171472337872107250e+00,3.652411672785857809e+04,3.333566897248280725e+02
2.273000000000000114e+02,1.182964697824053701e+03,2.171419970431239577e+00,3.652696848432047409e+04,3.333591451451247281e+02
2.274000000000000057e+02,1.182654637982489476e+03,2.171366903267616610e+00,3.652967756663797627e+04,3.333615978032661928e+02
2.275000000000000000e+02,1.182345987100672119e+03,2.171313134015276702e+00,3.653224636958706833e+04,3.333640477030834859e+02
2.276000000000000227e+02,1.182038724542666614e+03,2.171258660667641394e+00,3.653467724974927842e+04,3.333664948492429971e+02
2.277000000000000171e+02,1.181732829922075325e+03,2.171203481577516747e+00,3.653697252551165730e+04,3.333689392472461464e+02
2.278000000000000114e+02,1.181428283102036630e+03,2.171147595457093349e+00,3.653913447706684383e+04,3.333713809034294968e+02
2.279000000000000057e+02,1.181125064195226514e+03,2.171091001377945862e+00,3.654116534641297767e+04,3.333738198249648690e+02
2.280000000000000000e+02,1.180823153563856749e+03,2.171033698771032583e+00,3.654306733735378657e+04,3.333762560198589995e+02
2.281000000000000227e+02,1.180522531819676715e+03,2.170975687426696332e+00,3.654484261549851362e+04,3.333786894969540526e+02
2.282000000000000171e+02,1.180223179823972487e+03,2.170916967494664451e+00,3.654649330826196092e+04,3.333811202659271089e+02
2.283000000000000114e+02,1.179925078687566611e+03,2.170857539484047916e+00,3.654802150486448227e+04,3.333835483372905628e+02
2.284000000000000057e+02,1.179628209770818785e+03,2.170797404263341779e+00,3.654942925633196865e+04,3.333859737223917818e+02
2.285000000000000000e+02,1.179332554683625403e+03,2.170736563060426061e+00,3.655071857549585548e+04,3.333883964334133907e+02
2.286000000000000227e+02,1.179038095285419104e+03,2.170675017462563527e+00,3.655189143699314445e+04,3.333908164833732144e+02
2.287000000000000171e+02,1.178744813685170584e+03,2.170612769416403243e+00,3.655294977726635261e+04,3.333932338861239941e+02
2.288000000000000114e+02,1.178452692241385876e+03,2.170549821227975684e+00,3.655389549456357054e+04,3.333956486563538988e+02
2.289000000000000057e+02,1.178161713562109071e+03,2.170486175562698516e+00,3.655473044893842598e+04,3.333980608095860703e+02
2.290000000000000000e+02,1.177871860504920051e+03,2.170421835445370817e+00,3.655545646225008386e+04,3.334004703621787939e+02
2.291000000000000227e+02,1.177583116176936301e+03,2.170356804260177963e+00,3.655607531816326809e+04,3.334028773313255556e+02
2.292000000000000171e+02,1.177295463934811323e+03,2.170291085750688076e+00,3.655658876214823977e+04,3.334052817350549844e+02
2.293000000000000114e+02,1.177008887384736454e+03,2.170224684019854244e+00,3.655699850148081896e+04,3.334076835922307964e+02
2.294000000000000057e+02,1.176723370382438588e+03,2.170157603530013191e+00,3.655730620524237020e+04,3.334100829225519078e+02
2.295000000000000000e+02,1.176438897033182457e+03,2.170089849102886159e+00,3.655751350431978062e+04,3.334124797465524352e+02
2.296000000000000227e+02,1.176155451691769031e+03,2.170021425919578473e+00,3.655762199140551820e+04,3.334148740856014683e+02
2.297000000000000171e+02,1.175873018962536207e+03,2.169952339520579532e+00,3.655763322099757352e+04,3.334172659619033539e+02
2.298000000000000114e+02,1.175591583699358807e+03,2.169882595805762815e+00,3.655754870939949615e+04,3.334196553984976390e+02
2.299000000000000057e+02,1.175311131005648122e+03,2.169812201034386767e+00,3.655736993472037284e+04,3.334220424192589007e+02
2.300000000000000000e+02,1.175031646234352820e+03,2.169741161825092579e+00,3.655709833687484206e+04,3.334244270488968596e+02
2.301000000000000227e+02,1.174753114987957588e+03,2.169669485155906852e+00,3.655673531758308673e+04,3.334268093129564932e+02
2.302000000000000171e+02,1.174475523118484716e+03,2.169597178364239820e+00,3.655628224037084146e+04,3.334291892378178659e+02
2.303000000000000114e+02,1.174198856727492966e+03,2.169524249146885797e+00,3.655574043056938535e+04,3.334315668506960719e+02
2.304000000000000057e+02,1.173923102166077342e+03,2.169450705560023618e+00,3.655511117531553464e+04,3.334339421796415763e+02
2.305000000000000000e+02,1.173648246034870681e+03,2.169376556019216196e+00,3.655439572355166456e+04,3.334363152535398171e+02
2.306000000000000227e+02,1.173374275184041608e+03,2.169301809299410078e+00,3.655359528602568753e+04,3.334386861021114328e+02
2.307000000000000171e+02,1.173101176713296582e+03,2.169226474534936333e+00,3.655271103529107495e+04,3.334410547559121483e+02
2.308000000000000114e+02,1.172828937971877849e+03,2.169150561219510553e+00,3.655174410570682812e+04,3.334434212463329459e+02
2.309000000000000057e+02,1.172557546558565264e+03,2.169074079206232408e+00,3.655069559343750734e+04,3.334457856055998946e+02
2.310000000000000000e+02,1.172286990321674693e+03,2.168997038707585201e+00,3.654956655645321007e+04,3.334481478667741499e+02
2.311000000000000227e+02,1.172017257359059613e+03,2.168919450295436757e+00,3.654835801452959277e+04,3.334505080637521246e+02
2.312000000000000171e+02,1.171748336018109740e+03,2.168841324901038980e+00,3.654707094924784178e+04,3.334528662312653182e+02
2.313000000000000114e+02,1.171480214895751715e+03,2.168762673815027853e+00,3.654570630399470974e+04,3.334552224048803168e+02
2.314000000000000057e+02,1.171212882838449332e+03,2.168683508687424322e+00,3.654426498396247189e+04,3.334575766209989069e+02
2.315000000000000000e+02,1.170946328942202626e+03,2.168603841527632081e+00,3.654274785614897701e+04,3.334599289168580754e+02
2.316000000000000227e+02,1.170680542552548786e+03,2.168523684704440235e+00,3.654115574935759651e+04,3.334622793305298387e+02
2.317000000000000171e+02,1.170415513264561696e+03,2.168443050946021078e+00,3.653948945419725351e+04,3.334646279009214709e+02
2.318000000000000114e+02,1.170151230922851937e+03,2.168361953339932313e+00,3.653774972308243741e+04,3.334669746677753324e+02
2.319000000000000057e+02,1.169887685621567243e+03,2.168280405333114391e+00,3.653593727023316023e+04,3.334693196716688703e+02
2.320000000000000000e+02,1.169624867704391590e+03,2.168198420731892728e+00,3.653405277167499298e+04,3.334716629540147892e+02
2.321000000000000227e+02,1.169362767764546106e+03,2.168116013701976819e+00,3.653209686523904384e+04,3.334740045570608800e+02
2.322000000000000171e+02,1.169101376644789070e+03,2.168033198768460679e+00,3.653007015056197270e+04,3.334763445238900772e+02
2.323000000000000114e+02,1.168840685437414777e+03,2.167949990815821515e+00,3.652797318908599118e+04,3.334786828984204590e+02
2.324000000000000057e+02,1.168580685484254673e+03,2.167866405087921500e+00,3.652580650405884808e+04,3.334810197254053037e+02
2.325000000000000000e+02,1.168321368376677356e+03,2.167782457188006440e+00,3.652357058053384389e+04,3.334833550504329196e+02
2.326000000000000227e+02,1.168062725955587439e+03,2.167698163078707108e+00,3.652126586536982359e+04,3.334856889199268153e+02
2.327000000000000171e+02,1.167804750311427370e+03,2.167613539082037910e+00,3.651889276723117655e+04,3.334880213811457565e+02
2.328000000000000114e+02,1.167547433784175382e+03,2.167528601879396888e+00,3.651645165658785118e+04,3.334903524821834253e+02
2.329000000000000057e+02,1.167290768963347318e+03,2.167443368511567492e+00,3.651394286571532575e+04,3.334926822719688175e+02
2.330000000000000000e+02,1.167034748687995034e+03,2.167357856378716363e+00,3.651136668869463756e+04,3.334950108002660727e+02
2.331000000000000227e+02,1.166779366046707764e+03,2.167272083240394220e+00,3.650872338141235377e+04,3.334973381176744169e+02
2.332000000000000171e+02,1.166524614377611442e+03,2.167186067215537193e+00,3.650601316156060784e+04,3.334996642756282199e+02
2.333000000000000114e+02,1.166270487268368697e+03,2.167099826782464156e+00,3.650323620863707038e+04,3.335019893263969379e+02
2.334000000000000057e+02,1.166016978556179083e+03,2.167013380778878506e+00,3.650039266394496372e+04,3.335043133230853982e+02
2.335000000000000000e+02,1.165764082327778851e+03,2.166926748401868608e+00,3.649748263059304008e+04,3.335066363196332873e+02
2.336000000000000227e+02,1.165511792919440950e+03,2.166839949207905569e+00,3.649450617349561071e+04,3.335089583708156056e+02
2.337000000000000171e+02,1.165260104916975251e+03,2.166753003112846798e+00,3.649146331937254581e+04,3.335112795322424972e+02
2.338000000000000114e+02,1.165009013155728553e+03,2.166665930391931116e+00,3.648835405674923823e+04,3.335135998603591929e+02
2.339000000000000057e+02,1.164758512720584122e+03,2.166578751679783643e+00,3.648517833595663251e+04,3.335159194124460100e+02
2.340000000000000000e+02,1.164508598945962376e+03,2.166491487970413132e+00,3.648193606913123949e+04,3.335182382466186368e+02
2.341000000000000227e+02,1.164259267415820204e+03,2.166404160617211971e+00,3.647862713021509990e+04,3.335205564218276209e+02
2.342000000000000171e+02,1.164010513963651647e+03,2.166316791332957514e+00,3.647525135495579161e+04,3.335228739978588237e+02
2.343000000000000114e+02,1.163762334672487214e+03,2.166229402189810305e+00,3.647180854090645880e+04,3.335251910353332505e+02
2.344000000000000057e+02,1.163514725874894566e+03,2.166142015619316297e+00,3.646829844742578280e+04,3.335275075957070499e+02
2.345000000000000000e+02,1.163267684152977608e+03,2.166054654412404190e+00,3.646472079567798937e+04,3.335298237412714002e+02
2.346000000000000227e+02,1.163021206338377851e+03,2.165967341719387651e+00,3.646107526863285602e+04,3.335321395351527372e+02
2.347000000000000171e+02,1.162775289512272593e+03,2.165880101049964868e+00,3.645736151106570469e+04,3.335344550413125830e+02
2.348000000000000114e+02,1.162529931005376966e+03,2.165792956273217662e+00,3.645357912955740903e+04,3.335367703245477173e+02
2.349000000000000057e+02,1.162285128397942344e+03,2.165705931617611935e+00,3.644972769249437260e+04,3.335390854504898925e+02
2.350000000000000000e+02,1.162040879519756572e+03,2.165619051670998108e+00,3.644580673006855795e+04,3.335414004856061752e+02
2.351000000000000227e+02,1.161797182450145101e+03,2.165532341380610237e+00,3.644181573427747935e+04,3.335437154971985478e+02
2.352000000000000171e+02,1.161554035517969623e+03,2.165445826053067790e+00,3.643775415892419551e+04,3.335460305534044210e+02
2.353000000000000114e+02,1.161311437301628757e+03,2.165359531354372091e+00,3.643362141961728776e+04,3.335483457231961779e+02
2.354000000000000057e+02,1.161069386629058044e+03,2.165273483309911207e+00,3.642941689377091825e+04,3.335506610763813455e+02
2.355000000000000000e+02,1.160827882577729724e+03,2.165187708304455949e+00,3.642513992060477904e+04,3.335529766836025942e+02
2.356000000000000227e+02,1.160586924474652733e+03,2.165102233082161653e+00,3.642078980114409933e+04,3.335552926163379084e+02
2.357000000000000171e+02,1.160346511896372931e+03,2.165017084746567289e+00,3.641636579821968189e+04,3.335576089469001317e+02
2.358000000000000114e+02,1.160106644668972876e+03,2.164932290760596789e+00,3.641186713646784483e+04,3.335599257484374789e+02
2.359000000000000057e+02,1.159867322868072051e+03,2.164847878946557724e+00,3.640729300233047252e+04,3.335622430949331942e+02
2.360000000000000000e+02,1.159628546818826862e+03,2.164763877486142185e+00,3.640264254405499378e+04,3.335645610612057226e+02
2.361000000000000227e+02,1.159390317095930186e+03,2.164680314920425896e+00,3.639791487169438187e+04,3.335668797229086522e+02
2.362000000000000171e+02,1.159152634523611823e+03,2.164597220149869550e+00,3.639310905710714724e+04,3.335691991565306580e+02
2.363000000000000114e+02,1.158915500175638272e+03,2.164514622434317470e+00,3.638822413395735930e+04,3.335715194393956722e+02
2.364000000000000057e+02,1.158678915375313181e+03,2.164432551392997617e+00,3.638325909771463193e+04,3.335738406496625998e+02
2.365000000000000000e+02,1.158442881695476899e+03,2.164351037004523803e+00,3.637821290565412346e+04,3.335761628663256033e+02
2.366000000000000227e+02,1.158207400958506014e+03,2.164270109606892145e+00,3.637308447685652936e+04,3.335784861692140453e+02
2.367000000000000171e+02,1.157972475236314722e+03,2.164189799897483724e+00,3.636787269220811140e+04,3.335808106389923182e+02
2.368000000000000114e+02,1.157738106850353461e+03,2.164110138933064142e+00,3.636257639440066851e+04,3.335831363571599582e+02
2.369000000000000057e+02,1.157504298371609821e+03,2.164031158129782639e+00,3.635719438793152949e+04,3.335854634060518151e+02
2.370000000000000000e+02,1.157271052620607861e+03,2.163952889263172530e+00,3.635172543910359673e+04,3.335877918688375985e+02
2.371000000000000227e+02,1.157038372667408339e+03,2.163875364468151652e+00,3.634616827602530975e+04,3.335901218295224453e+02
2.372000000000000171e+02,1.156806261831609618e+03,2.163798616239022365e+00,3.634052158861063799e+04,3.335924533729464088e+02
2.373000000000000114e+02,1.156574723682346075e+03,2.163722677429470220e+00,3.633478402857912442e+04,3.335947865847849130e+02
2.374000000000000057e+02,1.156343762038289015e+03,2.163647581252565733e+00,3.632895420945584192e+04,3.335971215515482982e+02
2.375000000000000000e+02,1.156113380967646663e+03,2.163573361280763052e+00,3.632303070657140779e+04,3.335994583605822186e+02
2.376000000000000227e+02,1.155883584788164171e+03,2.163500051445900851e+00,3.631701205706199835e+04,3.336017971000674152e+02
2.377000000000000171e+02,1.155654378067123162e+03,2.163427686039201880e+00,3.631089675986931979e+04,3.336041378590196587e+02
2.378000000000000114e+02,1.155425765621342407e+03,2.163356299711272968e+00,3.630468327574064460e+04,3.336064807272900907e+02
2.379000000000000057e+02,1.155197752517177150e+03,2.163285927472105463e+00,3.629837002722878242e+04,3.336088257955648828e+02
2.380000000000000000e+02,1.154970344070519786e+03,2.163216604691073908e+00,3.629195539869207278e+04,3.336111731553652362e+02
2.381000000000000227e+02,1.154743518189768110e+03,2.163148347138841743e+00,3.628544128770721727e+04,3.336135228560491441e+02
2.382000000000000171e+02,1.154516830120880059e+03,2.163080855498983102e+00,3.627888417928670242e+04,3.336158742627035849e+02
2.383000000000000114e+02,1.154290121615442786e+03,2.163014013949507763e+00,3.627230449308999232e+04,3.336182271232725043e+02
2.384000000000000057e+02,1.154063390890705705e+03,2.162947816613983498e+00,3.626570264919531473e+04,3.336205814209831715e+02
2.385000000000000000e+02,1.153836636174631849e+03,2.162882257687956056e+00,3.625907906391059805e+04,3.336229371392527128e+02
2.386000000000000227e+02,1.153609855705898553e+03,2.162817331438946944e+00,3.625243414977349312e+04,3.336252942616884525e+02
2.387000000000000171e+02,1.153383047733897456e+03,2.162753032206454318e+00,3.624576831555134413e+04,3.336276527720875720e+02
2.388000000000000114e+02,1.153156210518733815e+03,2.162689354401954311e+00,3.623908196624122502e+04,3.336300126544373370e+02
2.389000000000000057e+02,1.152929342331226962e+03,2.162626292508897485e+00,3.623237550306990306e+04,3.336323738929150409e+02
2.390000000000000000e+02,1.152702441452910762e+03,2.162563841082713267e+00,3.622564932349386072e+04,3.336347364718879476e+02
2.391000000000000227e+02,1.152475506176032695e+03,2.162501994750805956e+00,3.621890382119929563e+04,3.336371003759132918e+02
2.392000000000000171e+02,1.152248534803554548e+03,2.162440748212557384e+00,3.621213938610211335e+04,3.336394655897384496e+02
2.393000000000000114e+02,1.152021525649152409e+03,2.162380096239326921e+00,3.620535640434792731e+04,3.336418320983007106e+02
2.394000000000000057e+02,1.151794477037215756e+03,2.162320033674448361e+00,3.619855525831205887e+04,3.336441998867273924e+02
2.395000000000000000e+02,1.151567387302848829e+03,2.162260555433234366e+00,3.619173632659954455e+04,3.336465689403357828e+02
2.396000000000000227e+02,1.151340254791869484e+03,2.162201656502972913e+00,3.618489998404513608e+04,3.336489392446333113e+02
2.397000000000000171e+02,1.151113077860810108e+03,2.162143331942929070e+00,3.617804660171327851e+04,3.336513107853173210e+02
2.398000000000000114e+02,1.150885854876916483e+03,2.162085576884344551e+00,3.617117654689813935e+04,3.336536835482751258e+02
2.399000000000000057e+02,1.150658584218149144e+03,2.162028386530437718e+00,3.616429018312359403e+04,3.336560575195841807e+02
2.400000000000000000e+02,1.150431264273182478e+03,2.161971756156404023e+00,3.615738787014324043e+04,3.336584326855117979e+02
2.401000000000000227e+02,1.150203893441404489e+03,2.161915681109414678e+00,3.615046996394035523e+04,3.336608090325154308e+02
2.402000000000000171e+02,1.149976470132917939e+03,2.161860156808617983e+00,3.614353681672795210e+04,3.336631865472425034e+02
2.403000000000000114e+02,1.149748992768539210e+03,2.161805178745139333e+00,3.613658877694875264e+04,3.336655652165304105e+02
2.404000000000000057e+02,1.149521459779799216e+03,2.161750742482080323e+00,3.612962618927517906e+04,3.336679450274065744e+02
2.405000000000000000e+02,1.149293869608942259e+03,2.161696843654519196e+00,3.612264939460936876e+04,3.336703259670885018e+02
2.406000000000000227e+02,1.149066220708927403e+03,2.161643477969511284e+00,3.611565873008316703e+04,3.336727080229836133e+02
2.407000000000000171e+02,1.148838511543427330e+03,2.161590641206087682e+00,3.610865452905812708e+04,3.336750911826894139e+02
2.408000000000000114e+02,1.148610740586829024e+03,2.161538329215257015e+00,3.610163712112552457e+04,3.336774754339933793e+02
2.409000000000000057e+02,1.148382906324233318e+03,2.161486537920004114e+00,3.609460683210632851e+04,3.336798607648730126e+02
2.410000000000000000e+02,1.148155007251455345e+03,2.161435263315290900e+00,3.608756398405123036e+04,3.336822471634957310e+02
2.411000000000000227e+02,1.147927041875024088e+03,2.161384501468055497e+00,3.608050889524062950e+04,3.336846346182192065e+02
2.412000000000000171e+02,1.147699008712183058e+03,2.161334248517212675e+00,3.607344188018463319e+04,3.336870231175908543e+02
2.413000000000000114e+02,1.147470906290889161e+03,2.161284500673654740e+00,3.606636324962304934e+04,3.336894126503482312e+02
2.414000000000000057e+02,1.147242733149814057e+03,2.161235254220249313e+00,3.605927331052542286e+04,3.336918032054189212e+02
2.415000000000000000e+02,1.147014487838343030e+03,2.161186505511841549e+00,3.605217236609097745e+04,3.336941947719204791e+02
2.416000000000000227e+02,1.146786168916575434e+03,2.161138250975253250e+00,3.604506071574866655e+04,3.336965873391604873e+02
2.417000000000000171e+02,1.146557774955324930e+03,2.161090487109282421e+00,3.603793865515714424e+04,3.336989808966365558e+02
2.418000000000000114e+02,1.146329304536119253e+03,2.161043210484704158e+00,3.603080647620479431e+04,3.337013754340362084e+02
2.419000000000000057e+02,1.146100756251199982e+03,2.160996417744269760e+00,3.602366446700967936e+04,3.337037709412371100e+02
2.420000000000000000e+02,1.145872128703522776e+03,2.160950105602708060e+00,3.601651291191959172e+04,3.337061674083068965e+02
2.421000000000000227e+02,1.145643420506757820e+03,2.160904270846723652e+00,3.600935209151203162e+04,3.337085648255031174e+02
2.422000000000000171e+02,1.145414630285288695e+03,2.160858910334997773e+00,3.600218228259421448e+04,3.337109631832735204e+02
2.423000000000000114e+02,1.145185756674213508e+03,2.160814020998189200e+00,3.599500375820305635e+04,3.337133624722557101e+02
2.424000000000000057e+02,1.144956798319344216e+03,2.160769599838932464e+00,3.598781678760518116e+04,3.337157626832773758e+02
2.425000000000000000e+02,1.144727753877207306e+03,2.160725643931839635e+00,3.598062163629693532e+04,3.337181638073562340e+02
2.426000000000000227e+02,1.144498622015042656e+03,2.160682150423498094e+00,3.597341856600435858e+04,3.337205658356998583e+02
2.427000000000000171e+02,1.144269401410804448e+03,2.160639116532473647e+00,3.596620783468322770e+04,3.337229687597060206e+02
2.428000000000000114e+02,1.144040090753161621e+03,2.160596539549306971e+00,3.595898969651900552e+04,3.337253725709624632e+02
2.429000000000000057e+02,1.143810688741495824e+03,2.160554416836517166e+00,3.595176440192686277e+04,3.337277772612468993e+02
2.430000000000000000e+02,1.143581194085904144e+03,2.160512745828598202e+00,3.594453219755170721e+04,3.337301828225270128e+02
2.431000000000000227e+02,1.143351605507197064e+03,2.160471524032022472e+00,3.593729332626812538e+04,3.337325892469606288e+02
2.432000000000000171e+02,1.143121921736898912e+03,2.160430749025237240e+00,3.593004802718043356e+04,3.337349965268954293e+02
2.433000000000000114e+02,1.142892141517248547e+03,2.160390418458667749e+00,3.592279653562265594e+04,3.337374046548692377e+02
2.434000000000000057e+02,1.142662263601199129e+03,2.160350530054715890e+00,3.591553908315851731e+04,3.337398136236097912e+02
2.435000000000000000e+02,1.142432286752416985e+03,2.160311081607759753e+00,3.590827589758146496e+04,3.337422234260349683e+02
2.436000000000000227e+02,1.142202209745283199e+03,2.160272070984153636e+00,3.590100720291464677e+04,3.337446340552525044e+02
2.437000000000000171e+02,1.141972031364892928e+03,2.160233496122229369e+00,3.589373321941092581e+04,3.337470455045602193e+02
2.438000000000000114e+02,1.141741750407055179e+03,2.160195355032294984e+00,3.588645416355288035e+04,3.337494577674459606e+02
2.439000000000000057e+02,1.141511365678293259e+03,2.160157645796635162e+00,3.587917024805278197e+04,3.337518708375875462e+02
2.440000000000000000e+02,1.141280875995844099e+03,2.160120366569511674e+00,3.587188168185262475e+04,3.337542847088528788e+02
2.441000000000000227e+02,1.141050280187658927e+03,2.160083515577162938e+00,3.586458867012411793e+04,3.337566993752997746e+02
2.442000000000000171e+02,1.140819577092403506e+03,2.160047091117803131e+00,3.585729141426867136e+04,3.337591148311761344e+02
2.443000000000000114e+02,1.140588765559456988e+03,2.160011091561623964e+00,3.584999011191740283e+04,3.337615310709198297e+02
2.444000000000000057e+02,1.140357844448913283e+03,2.159975515350793351e+00,3.584268495693114528e+04,3.337639480891588164e+02
2.445000000000000000e+02,1.140126812631579469e+03,2.159940360999456299e+00,3.583537613940045412e+04,3.337663658807108504e+02
2.446000000000000227e+02,1.139895668988977150e+03,2.159905627093734015e+00,3.582806384564556356e+04,3.337687844405839996e+02
2.447000000000000171e+02,1.139664412413342689e+03,2.159871312291725243e+00,3.582074825821645936e+04,3.337712037639761888e+02
2.448000000000000114e+02,1.139433041807625386e+03,2.159837415323504040e+00,3.581342955589279154e+04,3.337736238462752567e+02
2.449000000000000057e+02,1.139201556085489301e+03,2.159803934991121999e+00,3.580610791368396167e+04,3.337760446830592400e+02
2.450000000000000000e+02,1.138969954171312338e+03,2.159770870168607360e+00,3.579878350282906467e+04,3.337784662700960894e+02
2.451000000000000227e+02,1.138738235000186478e+03,2.159738219801964565e+00,3.579145649079688155e+04,3.337808886033437830e+02
2.452000000000000171e+02,1.138506397517917776e+03,2.159705982909175148e+00,3.578412704128595215e+04,3.337833116789503265e+02
2.453000000000000114e+02,1.138274440681026590e+03,2.159674158580197290e+00,3.577679531422449509e+04,3.337857354932536396e+02
2.454000000000000057e+02,1.138042363456747125e+03,2.159642745976965816e+00,3.576946146577043692e+04,3.337881600427818398e+02
2.455000000000000000e+02,1.137810164823027435e+03,2.159611744333391758e+00,3.576212564831142663e+04,3.337905853242529588e+02
2.456000000000000227e+02,1.137577843768530101e+03,2.159581152955363681e+00,3.575478801046481385e+04,3.337930113345749419e+02
2.457000000000000171e+02,1.137345399292631555e+03,2.159550971220745463e+00,3.574744869707767793e+04,3.337954380708458189e+02
2.458000000000000114e+02,1.137112830405422528e+03,2.159521198579379408e+00,3.574010784922677703e+04,3.337978655303537607e+02
2.459000000000000057e+02,1.136880136127707374e+03,2.159491834553082690e+00,3.573276560421861359e+04,3.338002937105767955e+02
2.460000000000000000e+02,1.136647315491004747e+03,2.159462878735650904e+00,3.572542209558936884e+04,3.338027226091829789e+02
2.461000000000000227e+02,1.136414367537547378e+03,2.159434330792854517e+00,3.571807745310495375e+04,3.338051522240304507e+02
2.462000000000000171e+02,1.136181291320282298e+03,2.159406190462441977e+00,3.571073180276098719e+04,3.338075825531672081e+02
2.463000000000000114e+02,1.135948085902870389e+03,2.159378457554137931e+00,3.570338526678278868e+04,3.338100135948315028e+02
2.464000000000000057e+02,1.135714750359686377e+03,2.159351131949643676e+00,3.569603796362540743e+04,3.338124453474513871e+02
2.465000000000000000e+02,1.135481283775819520e+03,2.159324213602637155e+00,3.568869000797357148e+04,3.338148778096449973e+02
2.466000000000000227e+02,1.135247685247072695e+03,2.159297702538772956e+00,3.568134151074175315e+04,3.338173109802204976e+02
2.467000000000000171e+02,1.135013953879963537e+03,2.159271598855682317e+00,3.567399257907411084e+04,3.338197448581760796e+02
2.468000000000000114e+02,1.134780088791722619e+03,2.159245902722974009e+00,3.566664331634451810e+04,3.338221794426998486e+02
2.469000000000000057e+02,1.134546089110295952e+03,2.159220614382231673e+00,3.565929382215657824e+04,3.338246147331700513e+02
2.470000000000000000e+02,1.134311953974342487e+03,2.159195734147016932e+00,3.565194419234357338e+04,3.338270507291548483e+02
2.471000000000000227e+02,1.134077682533235929e+03,2.159171262402867608e+00,3.564459451896850805e+04,3.338294874304124846e+02
2.472000000000000171e+02,1.133843273947063608e+03,2.159147199607299061e+00,3.563724489032411657e+04,3.338319248368911190e+02
2.473000000000000114e+02,1.133608727386627379e+03,2.159123546289801521e+00,3.562989539093281201e+04,3.338343629487290514e+02
2.474000000000000057e+02,1.133374042033442720e+03,2.159100303051843639e+00,3.562254610154673719e+04,3.338368017662544958e+02
2.475000000000000000e+02,1.133139217079739637e+03,2.159077470566869827e+00,3.561519709914774285e+04,3.338392412899856936e+02
2.476000000000000227e+02,1.132904251728461759e+03,2.159055049580301144e+00,3.560784845694738033e+04,3.338416815206309138e+02
2.477000000000000171e+02,1.132669145193267013e+03,2.159033040909535739e+00,3.560050024438693072e+04,3.338441224590883962e+02
2.478000000000000114e+02,1.132433896698527406e+03,2.159011445443948407e+00,3.559315252713736118e+04,3.338465641064465217e+02
2.479000000000000057e+02,1.132198505479329242e+03,2.158990264144889704e+00,3.558580536709936132e+04,3.338490064639835282e+02
2.480000000000000000e+02,1.131962970781472222e+03,2.158969498045688162e+00,3.557845882240333594e+04,3.338514495331677381e+02
2.481000000000000227e+02,1.131727291861470803e+03,2.158949148251648076e+00,3.557111294740939047e+04,3.338538933156575013e+02
2.482000000000000171e+02,1.131491467986553289e+03,2.158929215940050383e+00,3.556376779270733823e+04,3.338563378133010815e+02
2.483000000000000114e+02,1.131255498434661831e+03,2.158909702360153560e+00,3.555642340511672228e+04,3.338587830281368838e+02
2.484000000000000057e+02,1.131019382494452884e+03,2.158890608833192282e+00,3.554907982768677175e+04,3.338612289623932270e+02
2.485000000000000000e+02,1.130783119465297204e+03,2.158871936752376985e+00,3.554173709969643824e+04,3.338636756184885144e+02
2.486000000000000227e+02,1.130546708657278941e+03,2.158853687582895642e+00,3.553439525665438123e+04,3.338661229990311199e+02
2.487000000000000171e+02,1.130310149391197001e+03,2.158835862861913757e+00,3.552705433029897540e+04,3.338685711068194450e+02
2.488000000000000114e+02,1.130073440998564138e+03,2.158818464198571263e+00,3.551971434859829606e+04,3.338710199448418621e+02
2.489000000000000057e+02,1.129836582821606953e+03,2.158801493273986960e+00,3.551237533575013367e+04,3.338734695162767707e+02
2.490000000000000000e+02,1.129599574213266351e+03,2.158784951841254518e+00,3.550503731218199391e+04,3.338759198244926552e+02
2.491000000000000227e+02,1.129362414537197083e+03,2.158768841725446030e+00,3.549770029455108306e+04,3.338783708730479134e+02
2.492000000000000171e+02,1.129125103167768430e+03,2.158753164823608461e+00,3.549036429574432259e+04,3.338808226656909710e+02
2.493000000000000114e+02,1.128887639490063520e+03,2.158737923104766754e+00,3.548302932487834187e+04,3.338832752063603380e+02
2.494000000000000057e+02,1.128650022899879332e+03,2.158723118609922498e+00,3.547569538729949272e+04,3.338857284991844949e+02
2.495000000000000000e+02,1.128412252803726915e+03,2.158708753452052598e+00,3.546836248458381306e+04,3.338881825484818933e+02
2.496000000000000227e+02,1.128174328618831851e+03,2.158694829816111938e+00,3.546103061453706323e+04,3.338906373587610119e+02
2.497000000000000171e+02,1.127936249773133341e+03,2.158681349959031603e+00,3.545369977119472605e+04,3.338930929347204142e+02
2.498000000000000114e+02,1.127698015705284888e+03,2.158668316209719773e+00,3.544636994482197770e+04,3.338955492812485204e+02
2.499000000000000057e+02,1.127459625864653844e+03,2.158655730969060382e+00,3.543904112191371678e+04,3.338980064034240058e+02
2.500000000000000000e+02,1.127221079711322091e+03,2.158643596709914902e+00,3.543171328519453527e+04,3.339004643065152891e+02
2.501000000000000227e+02,1.126982376716084900e+03,2.158631915977121007e+00,3.542438641361874761e+04,3.339029229959809300e+02
2.502000000000000171e+02,1.126743516360452304e+03,2.158620691387493018e+00,3.541706048237038340e+04,3.339053824774695727e+02
2.503000000000000114e+02,1.126504498136647953e+03,2.158609925629821902e+00,3.540973546286316559e+04,3.339078427568197185e+02
2.504000000000000057e+02,1.126265321547609801e+03,2.158599621464875717e+00,3.540241132274054689e+04,3.339103038400599530e+02
2.505000000000000000e+02,1.126025986106989649e+03,2.158589781725399170e+00,3.539508802587567334e+04,3.339127657334089463e+02
2.506000000000000227e+02,1.125786491339153599e+03,2.158580409316112725e+00,3.538776553237141343e+04,3.339152284432752253e+02
2.507000000000000171e+02,1.125546836779181831e+03,2.158571507213714380e+00,3.538044379856033629e+04,3.339176919762575153e+02
2.508000000000000114e+02,1.125307021972868142e+03,2.158563078466878338e+00,3.537312277700472623e+04,3.339201563391442846e+02
2.509000000000000057e+02,1.125067046476721316e+03,2.158555126196256335e+00,3.536580241649657546e+04,3.339226215389143704e+02
2.510000000000000000e+02,1.124826909857963074e+03,2.158547653594475424e+00,3.535848266205759137e+04,3.339250875827362961e+02
2.511000000000000227e+02,1.124586611694530347e+03,2.158540663926139747e+00,3.535116345493918197e+04,3.339275544779687266e+02
2.512000000000000171e+02,1.124346151575073009e+03,2.158534160527831425e+00,3.534384473262248503e+04,3.339300222321604110e+02
2.513000000000000114e+02,1.124105529098956140e+03,2.158528146808107451e+00,3.533652642881832435e+04,3.339324908530500124e+02
2.514000000000000057e+02,1.123864743876257990e+03,2.158522626247502352e+00,3.532920847346723895e+04,3.339349603485662215e+02
2.515000000000000000e+02,1.123623795527771335e+03,2.158517602398526858e+00,3.532189079273949756e+04,3.339374307268277562e+02
2.516000000000000227e+02,1.123382683685002803e+03,2.158513078885668790e+00,3.531457330903505499e+04,3.339399019961433623e+02
2.517000000000000171e+02,1.123141407990173320e+03,2.158509059405393060e+00,3.530725594098358852e+04,3.339423741650116995e+02
2.518000000000000114e+02,1.122899968096217663e+03,2.158505547726139895e+00,3.529993860344449058e+04,3.339448472421216252e+02
2.519000000000000057e+02,1.122658363666784908e+03,2.158502547688327500e+00,3.529262120750684699e+04,3.339473212363517973e+02
2.520000000000000000e+02,1.122416594376238208e+03,2.158500063204349839e+00,3.528530366048946598e+04,3.339497961567710718e+02
2.521000000000000227e+02,1.122174659909654110e+03,2.158498098258578413e+00,3.527798586594085646e+04,3.339522720126382183e+02
2.522000000000000171e+02,1.121932559962824598e+03,2.158496656907360478e+00,3.527066772363925702e+04,3.339547488134019773e+02
2.523000000000000114e+02,1.121690294242254140e+03,2.158495743279019941e+00,3.526334912959260691e+04,3.339572265687011736e+02
2.524000000000000057e+02,1.121447862465162643e+03,2.158495361573858684e+00,3.525602997603853146e+04,3.339597052883646029e+02
2.525000000000000000e+02,1.121205264359483181e+03,2.158495516064153907e+00,3.524871015144440753e+04,3.339621849824111450e+02
2.526000000000000227e+02,1.120962499663863127e+03,2.158496211094159900e+00,3.524138954050728353e+04,3.339646656610496507e+02
2.527000000000000171e+02,1.120719568127664388e+03,2.158497451080108043e+00,3.523406802415395214e+04,3.339671473346788844e+02
2.528000000000000114e+02,1.120476469510962488e+03,2.158499240510205031e+00,3.522674547954089940e+04,3.339696300138878087e+02
2.529000000000000057e+02,1.120233203584546800e+03,2.158501583944635982e+00,3.521942178005431197e+04,3.339721137094552432e+02
2.530000000000000000e+02,1.119989770129921226e+03,2.158504486015561330e+00,3.521209679531009897e+04,3.339745984323500352e+02
2.531000000000000227e+02,1.119746168939303743e+03,2.158507951427119043e+00,3.520477039115388470e+04,3.339770841937311729e+02
2.532000000000000171e+02,1.119502399815626177e+03,2.158511984955423291e+00,3.519744242966099409e+04,3.339795710049475019e+02
2.533000000000000114e+02,1.119258462572534199e+03,2.158516591448564892e+00,3.519011276913645997e+04,3.339820588775378951e+02
2.534000000000000057e+02,1.119014357034388468e+03,2.158521775826611311e+00,3.518278126411503763e+04,3.339845478232314235e+02
2.535000000000000000e+02,1.118770083036262577e+03,2.158527543081607103e+00,3.517544776536117570e+04,3.339870378539469016e+02
2.536000000000000227e+02,1.118525640423944878e+03,2.158533898277573027e+00,3.516811211986905255e+04,3.339895289817933985e+02
2.537000000000000171e+02,1.118281029053937573e+03,2.158540846550506931e+00,3.516077417086253990e+04,3.339920212190697839e+02
2.538000000000000114e+02,1.118036248793457162e+03,2.158548393108382424e+00,3.515343375779522466e+04,3.339945145782650684e+02
2.539000000000000057e+02,1.117791299520433995e+03,2.158556543231151092e+00,3.514609071635041619e+04,3.339970090720581766e+02
2.540000000000000000e+02,1.117546181123512497e+03,2.158565302270739839e+00,3.513874487844110990e+04,3.339995047133182311e+02
2.541000000000000227e+02,1.117300893502051167e+03,2.158574675651053099e+00,3.513139607221003826e+04,3.340020015151042116e+02
2.542000000000000171e+02,1.117055436566122580e+03,2.158584668867972400e+00,3.512404412202961976e+04,3.340044994906650686e+02
2.543000000000000114e+02,1.116809810236513840e+03,2.158595287489354142e+00,3.511668884850199538e+04,3.340069986534398936e+02
2.544000000000000057e+02,1.116564014444725217e+03,2.158606537155033145e+00,3.510933006845901400e+04,3.340094990170576921e+02
2.545000000000000000e+02,1.116318049132971737e+03,2.158618423576820433e+00,3.510196759496224695e+04,3.340120005953376108e+02
2.546000000000000227e+02,1.116071914254182502e+03,2.158630952538503234e+00,3.509460123730294436e+04,3.340145034022885966e+02
2.547000000000000171e+02,1.115825609772000234e+03,2.158644129895845865e+00,3.508723080100210791e+04,3.340170074521097945e+02
2.548000000000000114e+02,1.115579135660782185e+03,2.158657961576588846e+00,3.507985608781041083e+04,3.340195127591903201e+02
2.549000000000000057e+02,1.115332491905599227e+03,2.158672453580450235e+00,3.507247689570825605e+04,3.340220193381092599e+02
2.550000000000000000e+02,1.115085678502236988e+03,2.158687611979123400e+00,3.506509301890576171e+04,3.340245272036357278e+02
2.551000000000000227e+02,1.114838695457194262e+03,2.158703442916280135e+00,3.505770424784273928e+04,3.340270363707288084e+02
2.552000000000000171e+02,1.114591542787684602e+03,2.158719952607567105e+00,3.505031036918872996e+04,3.340295468545376707e+02
2.553000000000000114e+02,1.114344220521635634e+03,2.158737147340608953e+00,3.504291116584296833e+04,3.340320586704014545e+02
2.554000000000000057e+02,1.114096728697688604e+03,2.158755033475006080e+00,3.503550641693440411e+04,3.340345718338493839e+02
2.555000000000000000e+02,1.113849067365199062e+03,2.158773617442336423e+00,3.502809589782170224e+04,3.340370863606005400e+02
2.556000000000000227e+02,1.113601236584236858e+03,2.158792905746153679e+00,3.502067938009322825e+04,3.340396022665641453e+02
2.557000000000000171e+02,1.113353236425585465e+03,2.158812904961988632e+00,3.501325663156707742e+04,3.340421195678394497e+02
2.558000000000000114e+02,1.113105066970742882e+03,2.158833621737349162e+00,3.500582741629102384e+04,3.340446382807155601e+02
2.559000000000000057e+02,1.112856728311920961e+03,2.158855062791718904e+00,3.499839149454258586e+04,3.340471584216717247e+02
2.560000000000000000e+02,1.112608220552045395e+03,2.158877234916559029e+00,3.499094862282896793e+04,3.340496800073772192e+02
2.561000000000000227e+02,1.112359543804756413e+03,2.158900144975306468e+00,3.498349855388708238e+04,3.340522030546912902e+02
2.561999999999999886e+02,1.112110698194408087e+03,2.158923799903375684e+00,3.497604103668358584e+04,3.340547275806630978e+02
2.563000000000000114e+02,1.111861683856068339e+03,2.158948206708157347e+00,3.496857581641479192e+04,3.340572536025320005e+02
2.564000000000000341e+02,1.111612500935519620e+03,2.158973372469019214e+00,3.496110263450677303e+04,3.340597811377272137e+02
2.565000000000000000e+02,1.111363149589258228e+03,2.158999304337304803e+00,3.495362122861529497e+04,3.340623102038680940e+02
2.566000000000000227e+02,1.111113629984494082e+03,2.159026009536334723e+00,3.494613133262581687e+04,3.340648408187638552e+02
2.566999999999999886e+02,1.110863942299152313e+03,2.159053495361407116e+00,3.493863267665353487e+04,3.340673730004138520e+02
2.568000000000000114e+02,1.110614086721870990e+03,2.159081769179795440e+00,3.493112498704333120e+04,3.340699067670074101e+02
2.569000000000000341e+02,1.110364063452002938e+03,2.159110838430750690e+00,3.492360798636981053e+04,3.340724421369238257e+02
2.570000000000000000e+02,1.110113872699614603e+03,2.159140710625500059e+00,3.491608139343729999e+04,3.340749791287325365e+02
2.571000000000000227e+02,1.109863514685486734e+03,2.159171393347247392e+00,3.490854492327980552e+04,3.340775177611927802e+02
2.571999999999999886e+02,1.109612989641114382e+03,2.159202894251174065e+00,3.490099828716107731e+04,3.340800580532539925e+02
2.573000000000000114e+02,1.109362297458823150e+03,2.159235200832664958e+00,3.489344197351315233e+04,3.340825999717498576e+02
2.574000000000000341e+02,1.109111431478463601e+03,2.159267964745537505e+00,3.488588950676853710e+04,3.340851426147837060e+02
2.575000000000000000e+02,1.108860387151108625e+03,2.159301060428260310e+00,3.487834598192291742e+04,3.340876856553284711e+02
2.576000000000000227e+02,1.108609161957771448e+03,2.159334491782103793e+00,3.487081151697886526e+04,3.340902291009216469e+02
2.576999999999999886e+02,1.108357753405871108e+03,2.159368262658772242e+00,3.486328622899844049e+04,3.340927729589820956e+02
2.578000000000000114e+02,1.108106159029232458e+03,2.159402376860403372e+00,3.485577023410309630e+04,3.340953172368101605e+02
2.579000000000000341e+02,1.107854376388085484e+03,2.159436838139566550e+00,3.484826364747375192e+04,3.340978619415877233e+02
2.580000000000000000e+02,1.107602403069066668e+03,2.159471650199266790e+00,3.484076658335074899e+04,3.341004070803780337e+02
2.581000000000000227e+02,1.107350236685217396e+03,2.159506816692939868e+00,3.483327915503386612e+04,3.341029526601259363e+02
2.581999999999999886e+02,1.107097874875984871e+03,2.159542341224457207e+00,3.482580147488232615e+04,3.341054986876577004e+02
2.583000000000000114e+02,1.106845315307221881e+03,2.159578227348121438e+00,3.481833365431478887e+04,3.341080451696809632e+02
2.584000000000000341e+02,1.106592555671187483e+03,2.159614478568669949e+00,3.481087580380934378e+04,3.341105921127850706e+02
2.585000000000000000e+02,1.106339593686545641e+03,2.159651098341272224e+00,3.480342803290352458e+04,3.341131395234405659e+02
2.586000000000000227e+02,1.106086427098366357e+03,2.159688090071532063e+00,3.479599045019428740e+04,3.341156874079997010e+02
2.586999999999999886e+02,1.105833053678124998e+03,2.159725457115485359e+00,3.478856316333806171e+04,3.341182357726960390e+02
2.588000000000000114e+02,1.105579471223702967e+03,2.159763202779602764e+00,3.478114627905066300e+04,3.341207846236447381e+02
2.589000000000000341e+02,1.105325677559386804e+03,2.159801330320787027e+00,3.477373990310738736e+04,3.341233339668423241e+02
2.590000000000000000e+02,1.105071670535869316e+03,2.159839842946373878e+00,3.476634414034294605e+04,3.341258838081668046e+02
2.591000000000000227e+02,1.104817448030248215e+03,2.159878743814133806e+00,3.475895909465149452e+04,3.341284341533777820e+02
2.591999999999999886e+02,1.104563007946027938e+03,2.159918036032268951e+00,3.475158486898661795e+04,3.341309850081162267e+02
2.593000000000000114e+02,1.104308348213117370e+03,2.159957722659415769e+00,3.474422156536134571e+04,3.341335363779045338e+02
2.594000000000000341e+02,1.104053466787831667e+03,2.159997806704643697e+00,3.473686928484814416e+04,3.341360882681466933e+02
2.595000000000000000e+02,1.103798361652891799e+03,2.160038291127454713e+00,3.472952812757891661e+04,3.341386406841280632e+02
2.596000000000000227e+02,1.103543030817423869e+03,2.160079178837785552e+00,3.472219819274498877e+04,3.341411936310156534e+02
2.596999999999999886e+02,1.103287472316960020e+03,2.160120472696004601e+00,3.471487957859715971e+04,3.341437471138576711e+02
2.598000000000000114e+02,1.103031684213437984e+03,2.160162175512914118e+00,3.470757238244562177e+04,3.341463011375839756e+02
2.599000000000000341e+02,1.102775664595201079e+03,2.160204290049750675e+00,3.470027670066003338e+04,3.341488557070059073e+02
2.600000000000000000e+02,1.102519411576998436e+03,2.160246819018182496e+00,3.469299262866948266e+04,3.341514108268162317e+02
2.601000000000000227e+02,1.102262923299984323e+03,2.160289765080311675e+00,3.468572026096248737e+04,3.341539665015891956e+02
2.601999999999999886e+02,1.102006197931719271e+03,2.160333130848673733e+00,3.467845969108701684e+04,3.341565227357805270e+02
2.603000000000000114e+02,1.101749233666169175e+03,2.160376918886237618e+00,3.467121101165046275e+04,3.341590795337273789e+02
2.604000000000000341e+02,1.101492028723705289e+03,2.160421131706404374e+00,3.466397431431966106e+04,3.341616368996484425e+02
2.605000000000000000e+02,1.101234581351105589e+03,2.160465771773010246e+00,3.465674968982089194e+04,3.341641948376438336e+02
2.606000000000000227e+02,1.100976889821552277e+03,2.160510841500323131e+00,3.464953722793985071e+04,3.341667533516951494e+02
2.606999999999999886e+02,1.100718952434634048e+03,2.160556343253044798e+00,3.464233701752169873e+04,3.341693124456655823e+02
2.608000000000000114e+02,1.100460767516345186e+03,2.160602279346309995e+00,3.463514914647101250e+04,3.341718721232995222e+02
2.609000000000000341e+02,1.100202333419085335e+03,2.160648652045686902e+00,3.462797370175180549e+04,3.341744323882231242e+02
2.610000000000000000e+02,1.099943648521660180e+03,2.160695463567177121e+00,3.462081076938754995e+04,3.341769932439438548e+02
2.611000000000000227e+02,1.099684711229280765e+03,2.160742716077215242e+00,3.461366043446113326e+04,3.341795546938507186e+02
2.611999999999999886e+02,1.099425519973563951e+03,2.160790411692669721e+00,3.460652278111488704e+04,3.341821167412140881e+02
2.613000000000000114e+02,1.099166073212531728e+03,2.160838552480841113e+00,3.459939789255057985e+04,3.341846793891859306e+02
2.614000000000000341e+02,1.098906369430612585e+03,2.160887140459464284e+00,3.459228585102941724e+04,3.341872426407996386e+02
2.615000000000000000e+02,1.098646407138640370e+03,2.160936177596707086e+00,3.458518673787204898e+04,3.341898064989700856e+02
2.616000000000000227e+02,1.098386184873854063e+03,2.160985665811169909e+00,3.457810063345854724e+04,3.341923709664935700e+02
2.616999999999999886e+02,1.098125701199899140e+03,2.161035606971887457e+00,3.457102761722843570e+04,3.341949360460479852e+02
2.618000000000000114e+02,1.097864954706825529e+03,2.161086002898326974e+00,3.456396776768066047e+04,3.341975017401925356e+02
2.619000000000000341e+02,1.097603944011090107e+03,2.161136855360389575e+00,3.455692116237361915e+04,3.342000680513680209e+02
2.620000000000000000e+02,1.097342667755555112e+03,2.161188166078408912e+00,3.454988787792513904e+04,3.342026349818966651e+02
2.621000000000000227e+02,1.097081124609487233e+03,2.161239936723152510e+00,3.454286799001249165e+04,3.342052025339821739e+02
2.621999999999999886e+02,1.096819313268560791e+03,2.161292168915820877e+00,3.453586157337237091e+04,3.342077707097097345e+02
2.623000000000000114e+02,1.096557232454853875e+03,2.161344864228047946e+00,3.452886870180091501e+04,3.342103395110460156e+02
2.624000000000000341e+02,1.096294880916851525e+03,2.161398024181900190e+00,3.452188944815371360e+04,3.342129089398390533e+02
2.625000000000000000e+02,1.096032257429443689e+03,2.161451650249878398e+00,3.451492388434577151e+04,3.342154789978185363e+02
2.626000000000000227e+02,1.095769360793926353e+03,2.161505743854915895e+00,3.450797208135153778e+04,3.342180496865955206e+02
2.626999999999999886e+02,1.095506189838001092e+03,2.161560306370379880e+00,3.450103410920490569e+04,3.342206210076624870e+02
2.628000000000000114e+02,1.095242743415775067e+03,2.161615339120069645e+00,3.449411003699919092e+04,3.342231929623935116e+02
2.629000000000000341e+02,1.094979020407760800e+03,2.161670843378219242e+00,3.448719993288716796e+04,3.342257655520440949e+02
2.630000000000000000e+02,1.094715019720877308e+03,2.161726820369495261e+00,3.448030386408104096e+04,3.342283387777511621e+02
2.631000000000000227e+02,1.094450740288448060e+03,2.161783271268996831e+00,3.447342189685242192e+04,3.342309126405331199e+02
2.631999999999999886e+02,1.094186181070203247e+03,2.161840197202257841e+00,3.446655409653241077e+04,3.342334871412899133e+02
2.633000000000000114e+02,1.093921341052278194e+03,2.161897599245243828e+00,3.445970052751150070e+04,3.342360622808029120e+02
2.634000000000000341e+02,1.093656219247213812e+03,2.161955478424355537e+00,3.445286125323964370e+04,3.342386380597350239e+02
2.635000000000000000e+02,1.093390814693957054e+03,2.162013835716424470e+00,3.444603633622623602e+04,3.342412144786304680e+02
2.636000000000000227e+02,1.093125126457860006e+03,2.162072672048717781e+00,3.443922583804008173e+04,3.342437915379151718e+02
2.636999999999999886e+02,1.092859153630680794e+03,2.162131988298934715e+00,3.443242981930945098e+04,3.342463692378962605e+02
2.638000000000000114e+02,1.092592895330583133e+03,2.162191785295207502e+00,3.442564833972202905e+04,3.342489475787625679e+02
2.639000000000000341e+02,1.092326350702136324e+03,2.162252063816102243e+00,3.441888145802496001e+04,3.342515265605843524e+02
2.640000000000000000e+02,1.092059518916315483e+03,2.162312824590618021e+00,3.441212923202481034e+04,3.342541061833131835e+02
2.641000000000000227e+02,1.091792399170500858e+03,2.162374068298187346e+00,3.440539171858759073e+04,3.342566864467823393e+02
2.641999999999999886e+02,1.091524990688478965e+03,2.162435795568675712e+00,3.439866897363874159e+04,3.342592673507064092e+02
2.643000000000000114e+02,1.091257292720441455e+03,2.162498006982382037e+00,3.439196105216314027e+04,3.342618488946814637e+02
2.644000000000000341e+02,1.090989304542986019e+03,2.162560703070038670e+00,3.438526800820510834e+04,3.342644310781851686e+02
2.645000000000000000e+02,1.090721025459115936e+03,2.162623884312811384e+00,3.437858989486841165e+04,3.342670139005765009e+02
2.646000000000000227e+02,1.090452454798240069e+03,2.162687551142298048e+00,3.437192676431622385e+04,3.342695973610960323e+02
2.646999999999999886e+02,1.090183591916172873e+03,2.162751703940530845e+00,3.436527866777119198e+04,3.342721814588657594e+02
2.648000000000000114e+02,1.089914436195134158e+03,2.162816343039975386e+00,3.435864565551537089e+04,3.342747661928891603e+02
2.649000000000000341e+02,1.089644987043750234e+03,2.162881468723529821e+00,3.435202777689026698e+04,3.342773515620511944e+02
2.650000000000000000e+02,1.089375243897052542e+03,2.162947081224526169e+00,3.434542508029683086e+04,3.342799375651182459e+02
2.651000000000000227e+02,1.089105206216477882e+03,2.163013180726728990e+00,3.433883761319542828e+04,3.342825242007381803e+02
2.651999999999999886e+02,1.088834873489869096e+03,2.163079767364336270e+00,3.433226542210587650e+04,3.342851114674404585e+02
2.653000000000000114e+02,1.088564245231474615e+03,2.163146841221980310e+00,3.432570855260743701e+04,3.342876993636358520e+02
2.654000000000000341e+02,1.088293320981948455e+03,2.163214402334725506e+00,3.431916704933877918e+04,3.342902878876166710e+02
2.655000000000000000e+02,1.088022100308350446e+03,2.163282450688069680e+00,3.431264095599805296e+04,3.342928770375567638e+02
2.656000000000000227e+02,1.087750582804145779e+03,2.163350986217944083e+00,3.430613031534280890e+04,3.342954668115112895e+02
2.656999999999999886e+02,1.087478768089205460e+03,2.163420008810713391e+00,3.429963516919005633e+04,3.342980572074170595e+02
2.658000000000000114e+02,1.087206655809806307e+03,2.163489518303175263e+00,3.429315555841621244e+04,3.343006482230922529e+02
2.659000000000000341e+02,1.086934245638630273e+03,2.163559514482560786e+00,3.428669152295717504e+04,3.343032398562365302e+02
2.660000000000000000e+02,1.086661537274765578e+03,2.163629997086534029e+00,3.428024310180824250e+04,3.343058321044310901e+02
2.661000000000000227e+02,1.086388530443705804e+03,2.163700965803192933e+00,3.427381033302417200e+04,3.343084249651384994e+02
2.661999999999999886e+02,1.086115224897350117e+03,2.163772420271067976e+00,3.426739325371914310e+04,3.343110184357028629e+02
2.663000000000000114e+02,1.085841620414003273e+03,2.163844360079123064e+00,3.426099190006677964e+04,3.343136125133497671e+02
2.664000000000000341e+02,1.085567716798376068e+03,2.163916784766755974e+00,3.425460630730013509e+04,3.343162071951862231e+02
2.665000000000000000e+02,1.085293513881584886e+03,2.163989693823797023e+00,3.424823650971172901e+04,3.343188024782007801e+02
2.666000000000000227e+02,1.085019011521150787e+03,2.164063086690510396e+00,3.424188254065346700e+04,3.343213983592634122e+02
2.666999999999999886e+02,1.084744209601002240e+03,2.164136962757592375e+00,3.423554443253674253e+04,3.343239948351255748e+02
2.668000000000000114e+02,1.084469108031471478e+03,2.164211321366173557e+00,3.422922221683234966e+04,3.343265919024202617e+02
2.669000000000000341e+02,1.084193706749297917e+03,2.164286161807817965e+00,3.422291592407054850e+04,3.343291895576617776e+02
2.670000000000000000e+02,1.083918005717625647e+03,2.164361483324522162e+00,3.421662558384100703e+04,3.343317877972460224e+02
2.671000000000000227e+02,1.083642004926005029e+03,2.164437285108716136e+00,3.421035122479284473e+04,3.343343866174504342e+02
2.671999999999999886e+02,1.083365704390391784e+03,2.164513566303263303e+00,3.420409287463463261e+04,3.343369860144337622e+02
2.673000000000000114e+02,1.083089104153146764e+03,2.164590326001460507e+00,3.419785056013435678e+04,3.343395859842362938e+02
2.674000000000000341e+02,1.082812204283037772e+03,2.164667563247037574e+00,3.419162430711944035e+04,3.343421865227798548e+02
2.675000000000000000e+02,1.082535004875237064e+03,2.164745277034157311e+00,3.418541414047676517e+04,3.343447876258676388e+02
2.676000000000000227e+02,1.082257506051322935e+03,2.164823466307416400e+00,3.417922008415262098e+04,3.343473892891843775e+02
2.676999999999999886e+02,1.081979707959279722e+03,2.164902129961844057e+00,3.417304216115276358e+04,3.343499915082962843e+02
2.678000000000000114e+02,1.081701610773496668e+03,2.164981266842903818e+00,3.416688039354236389e+04,3.343525942786509972e+02
2.679000000000000341e+02,1.081423214694769058e+03,2.165060875746491309e+00,3.416073480244604434e+04,3.343551975955776925e+02
2.680000000000000000e+02,1.081144519950298218e+03,2.165140955418936475e+00,3.415460540804784978e+04,3.343578014542869141e+02
2.681000000000000227e+02,1.080865526793690378e+03,2.165221504557001353e+00,3.414849222959127655e+04,3.343604058498707445e+02
2.681999999999999886e+02,1.080586235504958040e+03,2.165302521807882297e+00,3.414239528537925798e+04,3.343630107773028044e+02
2.683000000000000114e+02,1.080306646390518836e+03,2.165384005769208198e+00,3.413631459277414251e+04,3.343656162314380822e+02
2.684000000000000341e+02,1.080026759783196212e+03,2.165465954989041819e+00,3.413025016819774464e+04,3.343682222070131047e+02
2.685000000000000000e+02,1.079746576042219658e+03,2.165548367965878462e+00,3.412420202713130129e+04,3.343708286986457665e+02
2.686000000000000227e+02,1.079466095553224022e+03,2.165631243148647744e+00,3.411817018411548634e+04,3.343734357008356142e+02
2.686999999999999886e+02,1.079185318728249513e+03,2.165714578936710932e+00,3.411215465275041061e+04,3.343760432079635052e+02
2.688000000000000114e+02,1.078904246005742152e+03,2.165798373679864497e+00,3.410615544569562189e+04,3.343786512142918355e+02
2.689000000000000341e+02,1.078622877850554232e+03,2.165882625678336115e+00,3.410017257467011950e+04,3.343812597139645391e+02
2.690000000000000000e+02,1.078341214753942722e+03,2.165967333182788668e+00,3.409420605045231787e+04,3.343838687010068611e+02
2.691000000000000227e+02,1.078059257233570861e+03,2.166052494394316685e+00,3.408825588288007566e+04,3.343864781693256418e+02
2.691999999999999886e+02,1.077777005833507701e+03,2.166138107464449458e+00,3.408232208085069578e+04,3.343890881127091461e+02
2.693000000000000114e+02,1.077494461124226973e+03,2.166224170495147927e+00,3.407640465232091810e+04,3.343916985248272340e+02
2.694000000000000341e+02,1.077211623702608904e+03,2.166310681538807348e+00,3.407050360430689761e+04,3.343943093992309628e+02
2.695000000000000000e+02,1.076928494191939535e+03,2.166397638598256403e+00,3.406461894288426993e+04,3.343969207293532122e+02
2.696000000000000227e+02,1.076645073241909813e+03,2.166485039626755871e+00,3.405875067318806396e+04,3.343995325085080594e+02
2.696999999999999886e+02,1.076361361528616953e+03,2.166572882528001287e+00,3.405289879941276740e+04,3.344021447298911198e+02
2.698000000000000114e+02,1.076077359754563304e+03,2.166661165156120283e+00,3.404706332481229765e+04,3.344047573865796039e+02
2.699000000000000341e+02,1.075793068648657254e+03,2.166749885315673918e+00,3.404124425170001632e+04,3.344073704715320901e+02
2.700000000000000000e+02,1.075508488966213008e+03,2.166839040761657120e+00,3.403544158144871471e+04,3.344099839775885812e+02
2.701000000000000227e+02,1.075223621488949675e+03,2.166928629199497358e+00,3.402965531449063565e+04,3.344125978974706754e+02
2.701999999999999886e+02,1.074938467024992860e+03,2.167018648285055971e+00,3.402388545031743706e+04,3.344152122237813956e+02
2.703000000000000114e+02,1.074653026408873302e+03,2.167109095624627280e+00,3.401813198748022842e+04,3.344178269490051889e+02
2.704000000000000341e+02,1.074367300501527097e+03,2.167199968774938590e+00,3.401239492358954885e+04,3.344204420655079844e+02
2.705000000000000000e+02,1.074081290190297295e+03,2.167291265243151077e+00,3.400667425531538902e+04,3.344230575655373059e+02
2.706000000000000227e+02,1.073794996388930940e+03,2.167382982486858900e+00,3.400096997838715470e+04,3.344256734412219885e+02
2.706999999999999886e+02,1.073508420037581800e+03,2.167475117914088756e+00,3.399528208759370318e+04,3.344282896845724622e+02
2.708000000000000114e+02,1.073221562102809003e+03,2.167567668883301657e+00,3.398961057678333600e+04,3.344309062874805250e+02
2.709000000000000341e+02,1.072934423577577036e+03,2.167660632703391155e+00,3.398395543886376981e+04,3.344335232417195130e+02
2.710000000000000000e+02,1.072647005481256883e+03,2.167754006633685115e+00,3.397831666580217279e+04,3.344361405389442439e+02
2.711000000000000227e+02,1.072359308859624207e+03,2.167847787883943056e+00,3.397269424862515007e+04,3.344387581706910169e+02
2.711999999999999886e+02,1.072071334784860937e+03,2.167941973614358808e+00,3.396708817741874373e+04,3.344413761283774988e+02
2.713000000000000114e+02,1.071783084355553910e+03,2.168036560935559631e+00,3.396149844132842554e+04,3.344439944033029519e+02
2.714000000000000341e+02,1.071494558696696686e+03,2.168131546908605767e+00,3.395592502855911152e+04,3.344466129866480060e+02
2.715000000000000000e+02,1.071205758959687955e+03,2.168226928544989551e+00,3.395036792637516191e+04,3.344492318694749429e+02
2.716000000000000227e+02,1.070916686322331543e+03,2.168322702806638969e+00,3.394482712110034481e+04,3.344518510427272986e+02
2.716999999999999886e+02,1.070627341988837998e+03,2.168418866605912765e+00,3.393930259811790165e+04,3.344544704972302043e+02
2.718000000000000114e+02,1.070337727189822317e+03,2.168515416805604890e+00,3.393379434187048901e+04,3.344570902236902725e+02
2.719000000000000341e+02,1.070047843182306224e+03,2.168612350218941387e+00,3.392830233586020040e+04,3.344597102126954837e+02
2.720000000000000000e+02,1.069757691249716572e+03,2.168709663609582172e+00,3.392282656264858815e+04,3.344623304547154703e+02
2.721000000000000227e+02,1.069467272701885804e+03,2.168807353691620143e+00,3.391736700385661243e+04,3.344649509401011187e+02
2.721999999999999886e+02,1.069176588875052175e+03,2.168905417129581181e+00,3.391192364016469219e+04,3.344675716590849675e+02
2.723000000000000114e+02,1.068885641131859302e+03,2.169003850538424594e+00,3.390649645131266880e+04,3.344701926017809228e+02
2.724000000000000341e+02,1.068594430861357068e+03,2.169102650483544004e+00,3.390108541609982785e+04,3.344728137581844862e+02
2.725000000000000000e+02,1.068302959479000492e+03,2.169201813480764240e+00,3.389569051238489192e+04,3.344754351181724701e+02
2.726000000000000227e+02,1.068011228426650405e+03,2.169301335996345337e+00,3.389031171708602051e+04,3.344780566715032251e+02
2.726999999999999886e+02,1.067719239172573225e+03,2.169401214446979864e+00,3.388494900618081010e+04,3.344806784078166402e+02
2.728000000000000114e+02,1.067426993211440958e+03,2.169501445199792489e+00,3.387960235470629414e+04,3.344833003166340291e+02
2.729000000000000341e+02,1.067134492064331425e+03,2.169602024572343524e+00,3.387427173675894301e+04,3.344859223873581300e+02
2.730000000000000000e+02,1.066841737278728260e+03,2.169702948832624045e+00,3.386895712549466407e+04,3.344885446092732195e+02
2.731000000000000227e+02,1.066548730428520003e+03,2.169804214199060333e+00,3.386365849312879436e+04,3.344911669715450557e+02
2.731999999999999886e+02,1.066255473114001916e+03,2.169905816840510315e+00,3.385837581093612971e+04,3.344937894632207644e+02
2.733000000000000114e+02,1.065961966961873941e+03,2.170007752876267126e+00,3.385310904925087380e+04,3.344964120732291235e+02
2.734000000000000341e+02,1.065668213625242288e+03,2.170110018376055550e+00,3.384785817746669636e+04,3.344990347903801648e+02
2.735000000000000000e+02,1.065374214783618754e+03,2.170212609360033795e+00,3.384262316403667501e+04,3.345016576033656293e+02
2.736000000000000227e+02,1.065079972142920269e+03,2.170315521798793501e+00,3.383740397647335340e+04,3.345042805007585116e+02
2.736999999999999886e+02,1.064785487435470031e+03,2.170418751613360620e+00,3.383220058134869032e+04,3.345069034710134588e+02
2.738000000000000114e+02,1.064490762419996372e+03,2.170522294675192754e+00,3.382701294429408881e+04,3.345095265024664286e+02
2.739000000000000341e+02,1.064195798881633891e+03,2.170626146806181378e+00,3.382184103000038886e+04,3.345121495833349741e+02
2.740000000000000000e+02,1.063900598631922321e+03,2.170730303778651393e+00,3.381668480221788195e+04,3.345147727017180728e+02
2.741000000000000227e+02,1.063605163508807209e+03,2.170834761315361572e+00,3.381154422375626746e+04,3.345173958455962406e+02
2.741999999999999886e+02,1.063309495376639688e+03,2.170939515089501892e+00,3.380641925648470351e+04,3.345200190028313045e+02
2.743000000000000114e+02,1.063013596126176708e+03,2.171044560724697980e+00,3.380130986133178521e+04,3.345226421611667433e+02
2.744000000000000341e+02,1.062717467674580575e+03,2.171149893795007557e+00,3.379621599828552280e+04,3.345252653082274605e+02
2.745000000000000000e+02,1.062421111965419868e+03,2.171255509824921326e+00,3.379113762639339984e+04,3.345278884315197274e+02
2.746000000000000227e+02,1.062124530968668068e+03,2.171361404289363861e+00,3.378607470376230049e+04,3.345305115184313536e+02
2.746999999999999886e+02,1.061827726680704473e+03,2.171467572613692720e+00,3.378102718755857495e+04,3.345331345562317438e+02
2.748000000000000114e+02,1.061530701124314419e+03,2.171574010173698888e+00,3.377599503400798858e+04,3.345357575320715569e+02
2.749000000000000341e+02,1.061233456348688605e+03,2.171680712295605886e+00,3.377097819839575823e+04,3.345383804329831037e+02
2.750000000000000000e+02,1.060935994429423545e+03,2.171787674256071998e+00,3.376597663506653043e+04,3.345410032458800629e+02
2.751000000000000227e+02,1.060638317468520881e+03,2.171894891282187157e+00,3.376099029742438870e+04,3.345436259575576514e+02
2.751999999999999886e+02,1.060340427594388757e+03,2.172002358551475609e+00,3.375601913793286076e+04,3.345462485546925109e+02
2.753000000000000114e+02,1.060042326961840217e+03,2.172110071191894587e+00,3.375106310811490403e+04,3.345488710238427643e+02
2.754000000000000341e+02,1.059744017752094351e+03,2.172218024281833859e+00,3.374612215855292015e+04,3.345514933514480163e+02
2.755000000000000000e+02,1.059445502172775832e+03,2.172326212850117955e+00,3.374119623888874048e+04,3.345541155238294095e+02
2.756000000000000227e+02,1.059146782457914924e+03,2.172434631876003053e+00,3.373628529782362602e+04,3.345567375271893980e+02
2.756999999999999886e+02,1.058847860867947475e+03,2.172543276289179648e+00,3.373138928311830387e+04,3.345593593476120873e+02
2.758000000000000114e+02,1.058548739689715148e+03,2.172652140969770773e+00,3.372650814159290894e+04,3.345619809710629511e+02
2.759000000000000341e+02,1.058249421236465196e+03,2.172761220748333777e+00,3.372164181912702770e+04,3.345646023833889444e+02
2.760000000000000000e+02,1.057949907847850682e+03,2.172870510405858546e+00,3.371679026065967628e+04,3.345672235703185606e+02
2.761000000000000227e+02,1.057650201889929576e+03,2.172980004673767507e+00,3.371195341018930776e+04,3.345698445174616040e+02
2.761999999999999886e+02,1.057350305755166801e+03,2.173089698233917844e+00,3.370713121077382675e+04,3.345724652103095877e+02
2.763000000000000114e+02,1.057050221862431727e+03,2.173199585718598836e+00,3.370232360453055298e+04,3.345750856342353359e+02
2.764000000000000341e+02,1.056749952656999767e+03,2.173309661710534080e+00,3.369753053263626498e+04,3.345777057744931540e+02
2.765000000000000000e+02,1.056449500610552377e+03,2.173419920742878819e+00,3.369275193532715639e+04,3.345803256162188859e+02
2.766000000000000227e+02,1.056148868221176144e+03,2.173530357299223059e+00,3.368798775189887965e+04,3.345829451444298002e+02
2.766999999999999886e+02,1.055848058013363698e+03,2.173640965813589787e+00,3.368323792070650961e+04,3.345855643440246467e+02
2.768000000000000114e+02,1.055547072538012571e+03,2.173751740670434973e+00,3.367850237916455808e+04,3.345881831997836571e+02
2.769000000000000341e+02,1.055245914372427251e+03,2.173862676204647126e+00,3.367378106374698837e+04,3.345908016963684872e+02
2.770000000000000000e+02,1.054944586120316671e+03,2.173973766701549515e+00,3.366907390998718620e+04,3.345934198183224453e+02
2.771000000000000227e+02,1.054643090411795811e+03,2.174085006396897501e+00,3.366438085247797426e+04,3.345960375500700366e+02
2.771999999999999886e+02,1.054341429903385688e+03,2.174196389476880320e+00,3.365970182487161946e+04,3.345986548759174184e+02
2.773000000000000114e+02,1.054039607278012227e+03,2.174307910078120187e+00,3.365503675987983297e+04,3.346012717800522296e+02
2.774000000000000341e+02,1.053737625245007621e+03,2.174419562287672303e+00,3.365038558927373379e+04,3.346038882465434767e+02
2.775000000000000000e+02,1.053435486540109650e+03,2.174531340143026181e+00,3.364574824388392153e+04,3.346065042593417616e+02
2.776000000000000227e+02,1.053133193925461228e+03,2.174643237632102988e+00,3.364112465360038914e+04,3.346091198022790536e+02
2.776999999999999886e+02,1.052830750189611763e+03,2.174755248693258647e+00,3.363651474737260287e+04,3.346117348590688039e+02
2.778000000000000114e+02,1.052528158147515342e+03,2.174867367215281622e+00,3.363191845320943685e+04,3.346143494133060585e+02
2.779000000000000341e+02,1.052225420640532320e+03,2.174979587037393802e+00,3.362733569817921671e+04,3.346169634484671747e+02
2.780000000000000000e+02,1.051922540536428869e+03,2.175091901949249618e+00,3.362276640840971231e+04,3.346195769479100477e+02
2.781000000000000227e+02,1.051619520729376063e+03,2.175204305690938256e+00,3.361821050908811594e+04,3.346221898948741682e+02
2.781999999999999886e+02,1.051316364139951474e+03,2.175316791952980555e+00,3.361366792446106410e+04,3.346248022724802240e+02
2.783000000000000114e+02,1.051013073715137580e+03,2.175429354376332114e+00,3.360913857783463027e+04,3.346274140637306687e+02
2.784000000000000341e+02,1.050709652428322897e+03,2.175541986552380624e+00,3.360462239157431759e+04,3.346300252515092097e+02
2.785000000000000000e+02,1.050406103279301988e+03,2.175654682022947206e+00,3.360011928710508073e+04,3.346326358185811500e+02
2.786000000000000227e+02,1.050102429294274089e+03,2.175767434280286405e+00,3.359562918491129676e+04,3.346352457475932169e+02
2.786999999999999886e+02,1.049798633525845162e+03,2.175880236767086640e+00,3.359115200453679427e+04,3.346378550210736762e+02
2.788000000000000114e+02,1.049494719053025619e+03,2.175993082876468865e+00,3.358668766458482423e+04,3.346404636214321044e+02
2.789000000000000341e+02,1.049190688981232597e+03,2.176105965951987464e+00,3.358223608271808916e+04,3.346430715309597872e+02
2.790000000000000000e+02,1.048886546442288363e+03,2.176218879287629804e+00,3.357779717565871397e+04,3.346456787318293209e+02
2.791000000000000227e+02,1.048582294594421001e+03,2.176331816127817120e+00,3.357337085918826779e+04,3.346482852060947266e+02
2.791999999999999886e+02,1.048277936622264178e+03,2.176444769667403190e+00,3.356895704814775672e+04,3.346508909356916774e+02
2.793000000000000114e+02,1.047973475736856926e+03,2.176557733051675658e+00,3.356455565643763111e+04,3.346534959024372142e+02
2.794000000000000341e+02,1.047668915175644543e+03,2.176670699376355156e+00,3.356016659701776371e+04,3.346561000880298593e+02
2.795000000000000000e+02,1.047364258202477686e+03,2.176783661687595295e+00,3.355578978190747875e+04,3.346587034740495596e+02
2.796000000000000227e+02,1.047059508107612373e+03,2.176896612981984003e+00,3.355142512218552292e+04,3.346613060419578005e+02
2.796999999999999886e+02,1.046754668207710893e+03,2.177009546206540858e+00,3.354707252799008711e+04,3.346639077730975487e+02
2.798000000000000114e+02,1.046449741845840208e+03,2.177122454258720197e+00,3.354273190851881373e+04,3.346665086486932523e+02
2.799000000000000341e+02,1.046144732391474008e+03,2.177235329986408452e+00,3.353840317202875303e+04,3.346691086498507275e+02
2.800000000000000000e+02,1.045839643240491114e+03,2.177348166187926370e+00,3.353408622583641409e+04,3.346717077575573853e+02
2.801000000000000227e+02,1.045534477815175705e+03,2.177460955612026794e+00,3.352978097631773562e+04,3.346743059526820616e+02
2.801999999999999886e+02,1.045229239564218233e+03,2.177573690957896879e+00,3.352548732890810061e+04,3.346769032159750168e+02
2.803000000000000114e+02,1.044923931962714505e+03,2.177686364875156322e+00,3.352120518810231442e+04,3.346794995280681064e+02
2.804000000000000341e+02,1.044618558512165919e+03,2.177798969963858688e+00,3.351693445745463396e+04,3.346820948694744970e+02
2.805000000000000000e+02,1.044313122740479685e+03,2.177911498774490084e+00,3.351267503957874578e+04,3.346846892205890072e+02
2.806000000000000227e+02,1.044007628201968373e+03,2.178023943807970486e+00,3.350842683614777343e+04,3.346872825616877662e+02
2.806999999999999886e+02,1.043702078477350597e+03,2.178136297515653297e+00,3.350418974789427739e+04,3.346898748729284421e+02
2.808000000000000114e+02,1.043396477173750100e+03,2.178248552299323570e+00,3.349996367461026239e+04,3.346924661343502407e+02
2.809000000000000341e+02,1.043090827924696896e+03,2.178360700511202008e+00,3.349574851514716283e+04,3.346950563258737361e+02
2.810000000000000000e+02,1.042785134390126359e+03,2.178472734453940962e+00,3.349154416741585737e+04,3.346976454273010404e+02
2.811000000000000227e+02,1.042479400256379222e+03,2.178584646380626211e+00,3.348735052838664706e+04,3.347002334183157473e+02
2.811999999999999886e+02,1.042173629236202487e+03,2.178696428494777404e+00,3.348316749408928445e+04,3.347028202784828181e+02
2.813000000000000114e+02,1.041867825068748061e+03,2.178808072950346730e+00,3.347899495961295179e+04,3.347054059872488097e+02
2.814000000000000341e+02,1.041561991519574121e+03,2.178919571851720249e+00,3.347483281910627556e+04,3.347079905239417030e+02
2.815000000000000000e+02,1.041256132380644431e+03,2.179030917253716559e+00,3.347068096577731194e+04,3.347105738677709610e+02
2.816000000000000227e+02,1.040950251470328112e+03,2.179142101161589018e+00,3.346653929189355404e+04,3.347131559978274709e+02
2.816999999999999886e+02,1.040644352633399876e+03,2.179253115531021745e+00,3.346240768878194649e+04,3.347157368930836583e+02
2.818000000000000114e+02,1.040338439741040474e+03,2.179363952268134952e+00,3.345828604682884907e+04,3.347183165323934304e+02
2.819000000000000341e+02,1.040032516690835791e+03,2.179474603229480056e+00,3.345417425548006577e+04,3.347208948944921190e+02
2.820000000000000000e+02,1.039726587406778435e+03,2.179585060222041903e+00,3.345007220324085210e+04,3.347234719579965372e+02
2.821000000000000227e+02,1.039420655839265009e+03,2.179695315003240097e+00,3.344597977767588600e+04,3.347260477014049229e+02
2.821999999999999886e+02,1.039114725965099524e+03,2.179805359280925448e+00,3.344189686540928233e+04,3.347286221030971660e+02
2.823000000000000114e+02,1.038808801787489983e+03,2.179915184713383969e+00,3.343782335212460021e+04,3.347311951413344104e+02
2.824000000000000341e+02,1.038502887336051117e+03,2.180024782909333769e+00,3.343375912256482115e+04,3.347337667942593953e+02
2.825000000000000000e+02,1.038196986666803241e+03,2.180134145427925940e+00,3.342970406053240004e+04,3.347363370398962843e+02
2.826000000000000227e+02,1.037891103862171803e+03,2.180243263778745888e+00,3.342565804888917773e+04,3.347389058561507795e+02
2.826999999999999886e+02,1.037585243134376469e+03,2.180352201323200845e+00,3.342161814207707357e+04,3.347414734042091595e+02
2.828000000000000114e+02,1.037279406348075099e+03,2.180461133914209704e+00,3.341757724398132268e+04,3.347440401324159325e+02
2.829000000000000341e+02,1.036973592725899152e+03,2.180570070043921227e+00,3.341353510122769512e+04,3.347466060624399233e+02
2.830000000000000000e+02,1.036667801434033663e+03,2.180679009673572200e+00,3.340949180074767355e+04,3.347491711941977428e+02
2.831000000000000227e+02,1.036362031649611026e+03,2.180787952758519221e+00,3.340544742853565549e+04,3.347517355275932687e+02
2.831999999999999886e+02,1.036056282560713043e+03,2.180896899248240040e+00,3.340140206964903336e+04,3.347542990625182142e+02
2.833000000000000114e+02,1.035750553366369104e+03,2.181005849086333548e+00,3.339735580820812902e+04,3.347568617988517303e+02
2.834000000000000341e+02,1.035444843276557094e+03,2.181114802210518899e+00,3.339330872739623737e+04,3.347594237364605192e+02
2.835000000000000000e+02,1.035139151512203398e+03,2.181223758552636394e+00,3.338926090945961187e+04,3.347619848751990048e+02
2.836000000000000227e+02,1.034833477305181987e+03,2.181332718038647034e+00,3.338521243570745719e+04,3.347645452149090488e+02
2.836999999999999886e+02,1.034527819898316011e+03,2.181441680588632970e+00,3.338116338651194383e+04,3.347671047554201209e+02
2.838000000000000114e+02,1.034222178545375755e+03,2.181550646116796610e+00,3.337711384130817896e+04,3.347696634965492422e+02
2.839000000000000341e+02,1.033916552511080681e+03,2.181659614531461955e+00,3.337306387859425740e+04,3.347722214381011554e+02
2.840000000000000000e+02,1.033610941071098296e+03,2.181768585735072818e+00,3.336901357593120338e+04,3.347747785798679843e+02
2.841000000000000227e+02,1.033305343512043919e+03,2.181877559624195495e+00,3.336496300994301419e+04,3.347773349216295742e+02
2.841999999999999886e+02,1.032999759131481824e+03,2.181986536089514761e+00,3.336091225631664565e+04,3.347798904631532082e+02
2.843000000000000114e+02,1.032694187237924098e+03,2.182095515015838760e+00,3.335686138980200485e+04,3.347824452041938912e+02
2.844000000000000341e+02,1.032388627150830871e+03,2.182204496282095008e+00,3.335281048421195010e+04,3.347849991444941224e+02
2.845000000000000000e+02,1.032083078200611453e+03,2.182313479761331276e+00,3.334875961242231278e+04,3.347875522837839526e+02
2.846000000000000227e+02,1.031777539728622287e+03,2.182422465320717819e+00,3.334470884637187555e+04,3.347901046217810972e+02
2.846999999999999886e+02,1.031472011087168994e+03,2.182531452821544704e+00,3.334065825706237229e+04,3.347926561581907663e+02
2.848000000000000114e+02,1.031166491639504557e+03,2.182640442119223145e+00,3.333660791455850267e+04,3.347952068927058349e+02
2.849000000000000341e+02,1.030860980759830909e+03,2.182749433063285061e+00,3.333255788798791764e+04,3.347977568250066156e+02
2.850000000000000000e+02,1.030555477833298482e+03,2.182858425497382626e+00,3.332850824554122664e+04,3.348003059547610860e+02
2.851000000000000227e+02,1.030249982256004841e+03,2.182967419259290498e+00,3.332445905447199766e+04,3.348028542816248887e+02
2.851999999999999886e+02,1.029944493434997185e+03,2.183076414180902702e+00,3.332041038109675719e+04,3.348054018052409901e+02
2.853000000000000114e+02,1.029639010788269616e+03,2.183185410088234413e+00,3.331636229079499026e+04,3.348079485252401923e+02
2.854000000000000341e+02,1.029333533744765418e+03,2.183294406801421506e+00,3.331231484800914041e+04,3.348104944412407917e+02
2.855000000000000000e+02,1.029028061744376146e+03,2.183403404134721448e+00,3.330826811624459515e+04,3.348130395528485224e+02
2.856000000000000227e+02,1.028722594237940939e+03,2.183512401896511967e+00,3.330422215806972235e+04,3.348155838596568969e+02
2.856999999999999886e+02,1.028417130687247891e+03,2.183621399889291492e+00,3.330017703511582658e+04,3.348181273612469226e+02
2.858000000000000114e+02,1.028111670565032682e+03,2.183730397909679599e+00,3.329613280807717092e+04,3.348206700571871011e+02
2.859000000000000341e+02,1.027806213354980173e+03,2.183839395748416567e+00,3.329208953671099880e+04,3.348232119470335988e+02
2.860000000000000000e+02,1.027500758551722583e+03,2.183948393190363380e+00,3.328804727983749035e+04,3.348257530303301905e+02
2.861000000000000227e+02,1.027195305660840859e+03,2.184057390014502609e+00,3.328400609533978422e+04,3.348282933066082023e+02
2.861999999999999886e+02,1.026889854198864214e+03,2.184166385993936199e+00,3.327996604016398487e+04,3.348308327753863978e+02
2.863000000000000114e+02,1.026584403693269678e+03,2.184275380895888574e+00,3.327592717031914071e+04,3.348333714361713760e+02
2.864000000000000341e+02,1.026278953682483007e+03,2.184384374481703528e+00,3.327188954087728052e+04,3.348359092884570032e+02
2.865000000000000000e+02,1.025973503715878223e+03,2.184493366506847334e+00,3.326785320597336977e+04,3.348384463317250379e+02
2.866000000000000227e+02,1.025668053353777395e+03,2.184602356720905192e+00,3.326381821880533244e+04,3.348409825654445626e+02
2.866999999999999886e+02,1.025362602167450859e+03,2.184711344867584337e+00,3.325978463163405831e+04,3.348435179890723816e+02
2.868000000000000114e+02,1.025057149739117222e+03,2.184820330684713152e+00,3.325575249578339572e+04,3.348460526020528505e+02
2.869000000000000341e+02,1.024751695661943359e+03,2.184929313904239390e+00,3.325172186164014420e+04,3.348485864038178192e+02
2.870000000000000000e+02,1.024446239540044644e+03,2.185038294252233282e+00,3.324769277865406912e+04,3.348511193937868029e+02
2.871000000000000227e+02,1.024140780988484266e+03,2.185147271448884876e+00,3.324366529533787980e+04,3.348536515713668109e+02
2.871999999999999886e+02,1.023835319633274139e+03,2.185256245208505366e+00,3.323963945926725137e+04,3.348561829359525746e+02
2.873000000000000114e+02,1.023529855111373990e+03,2.185365215239527092e+00,3.323561531708081748e+04,3.348587134869262627e+02
2.874000000000000341e+02,1.023224387070692046e+03,2.185474181244502212e+00,3.323159291448017029e+04,3.348612432236576524e+02
2.875000000000000000e+02,1.022918915170084915e+03,2.185583142920104915e+00,3.322757229622985324e+04,3.348637721455040719e+02
2.876000000000000227e+02,1.022613439079357136e+03,2.185692099957129653e+00,3.322355350615736097e+04,3.348663002518105714e+02
2.876999999999999886e+02,1.022307958479261970e+03,2.185801052040491577e+00,3.321953658715317579e+04,3.348688275419095817e+02
2.878000000000000114e+02,1.022002473061500154e+03,2.185909998849227431e+00,3.321552158117069484e+04,3.348713540151211987e+02
2.879000000000000341e+02,1.021696982528721605e+03,2.186018940056493332e+00,3.321150852922631020e+04,3.348738796707531264e+02
2.880000000000000000e+02,1.021391486594524054e+03,2.186127875329567871e+00,3.320749747139934334e+04,3.348764045081005634e+02
2.881000000000000227e+02,1.021085984983453159e+03,2.186236804329849015e+00,3.320348844683209609e+04,3.348789285264463729e+02
2.881999999999999886e+02,1.020780477431003646e+03,2.186345726712857207e+00,3.319948149372981425e+04,3.348814517250609128e+02
2.883000000000000114e+02,1.020474963683617716e+03,2.186454642128232262e+00,3.319547664936070214e+04,3.348839741032021493e+02
2.884000000000000341e+02,1.020169443498686178e+03,2.186563550219735141e+00,3.319147395005591534e+04,3.348864956601157132e+02
2.885000000000000000e+02,1.019863916644548340e+03,2.186672450625248842e+00,3.318747343120958976e+04,3.348890163950346164e+02
2.886000000000000227e+02,1.019558382900491097e+03,2.186781342976775289e+00,3.318347512727879803e+04,3.348915363071796492e+02
2.886999999999999886e+02,1.019252842056750524e+03,2.186890226900437995e+00,3.317947907178357127e+04,3.348940553957589827e+02
2.888000000000000114e+02,1.018947293914509828e+03,2.186999102016482510e+00,3.317548529730690643e+04,3.348965736599685670e+02
2.889000000000000341e+02,1.018641738285901511e+03,2.187107967939273756e+00,3.317149383549475169e+04,3.348990910989917893e+02
2.890000000000000000e+02,1.018336174994005887e+03,2.187216824277297800e+00,3.316750471705602104e+04,3.349016077119996453e+02
2.891000000000000227e+02,1.018030603872851316e+03,2.187325670633161856e+00,3.316351797176257242e+04,3.349041234981506818e+02
2.891999999999999886e+02,1.017725024767414993e+03,2.187434506603593842e+00,3.315953362844923686e+04,3.349066384565911108e+02
2.893000000000000114e+02,1.017419437533621590e+03,2.187543331779442379e+00,3.315555171501378209e+04,3.349091525864546952e+02
2.894000000000000341e+02,1.017113842038344842e+03,2.187652145745676791e+00,3.315157225841695617e+04,3.349116658868626359e+02
2.895000000000000000e+02,1.016808238159406301e+03,2.187760948081387546e+00,3.314759528468245844e+04,3.349141783569238555e+02
2.896000000000000227e+02,1.016502625785575788e+03,2.187869738359786709e+00,3.314362081889693218e+04,3.349166899957348278e+02
2.896999999999999886e+02,1.016197004816571507e+03,2.187978516148204822e+00,3.313964888520998647e+04,3.349192008023795211e+02
2.898000000000000114e+02,1.015891375163059706e+03,2.188087281008096241e+00,3.313567950683419622e+04,3.349217107759296823e+02
2.899000000000000341e+02,1.015585736746655130e+03,2.188196032495033805e+00,3.313171270604508027e+04,3.349242199154443256e+02
2.900000000000000000e+02,1.015280089499921019e+03,2.188304770158712387e+00,3.312774850418112328e+04,3.349267282199703573e+02
2.901000000000000227e+02,1.014974433366367975e+03,2.188413493542947563e+00,3.312378692164376116e+04,3.349292356885420645e+02
2.901999999999999886e+02,1.014668768300456009e+03,2.188522202185675170e+00,3.311982797789740289e+04,3.349317423201812858e+02
2.903000000000000114e+02,1.014363094267592260e+03,2.188630895618952632e+00,3.311587169146939414e+04,3.349342481138976382e+02
2.904000000000000341e+02,1.014057411244133050e+03,2.188739573368957636e+00,3.311191807995003910e+04,3.349367530686880627e+02
2.905000000000000000e+02,1.013751719217382629e+03,2.188848234955989014e+00,3.310796715999262960e+04,3.349392571835372792e+02
2.906000000000000227e+02,1.013446018185593175e+03,2.188956879894466301e+00,3.310401894731337234e+04,3.349417604574174447e+02
2.906999999999999886e+02,1.013140308157965819e+03,2.189065507692929735e+00,3.310007345669146162e+04,3.349442628892883818e+02
2.908000000000000114e+02,1.012834589154649166e+03,2.189174117854041146e+00,3.309613070196902845e+04,3.349467644780975206e+02
2.909000000000000341e+02,1.012528861206740544e+03,2.189282709874582178e+00,3.309219069605118420e+04,3.349492652227796725e+02
2.910000000000000000e+02,1.012223124356285780e+03,2.189391283245456066e+00,3.308825345090598421e+04,3.349517651222574273e+02
2.911000000000000227e+02,1.011917378656278174e+03,2.189499837451686304e+00,3.308431897756444232e+04,3.349542641754409260e+02
2.911999999999999886e+02,1.011611624170660207e+03,2.189608371972417089e+00,3.308038728612052364e+04,3.349567623812277475e+02
2.913000000000000114e+02,1.011305860974321718e+03,2.189716886280914654e+00,3.307645838573115907e+04,3.349592597385031922e+02
2.914000000000000341e+02,1.011000089153101499e+03,2.189825379844565045e+00,3.307253228461623803e+04,3.349617562461400553e+02
2.915000000000000000e+02,1.010694308803786384e+03,2.189933852124875013e+00,3.306860899005860119e+04,3.349642519029987398e+02
2.916000000000000227e+02,1.010388520034111252e+03,2.190042302577472899e+00,3.306468850840405503e+04,3.349667467079272569e+02
2.916999999999999886e+02,1.010082722962759703e+03,2.190150730652107303e+00,3.306077084506134997e+04,3.349692406597610557e+02
2.918000000000000114e+02,1.009776917719362928e+03,2.190259135792647971e+00,3.305685600450220954e+04,3.349717337573234204e+02
2.919000000000000341e+02,1.009471104444501066e+03,2.190367517437084910e+00,3.305294399026130850e+04,3.349742259994249025e+02
2.920000000000000000e+02,1.009165283289702188e+03,2.190475875017530161e+00,3.304903480493627285e+04,3.349767173848638322e+02
2.921000000000000227e+02,1.008859454417442407e+03,2.190584207960215135e+00,3.304512845018768712e+04,3.349792079124260908e+02
2.921999999999999886e+02,1.008553618001146674e+03,2.190692515685492836e+00,3.304122492673910892e+04,3.349816975808851112e+02
2.923000000000000114e+02,1.008247774225187527e+03,2.190800797607837413e+00,3.303732423437703255e+04,3.349841863890018203e+02
2.924000000000000341e+02,1.007941923284886229e+03,2.190909053135843720e+00,3.303342637195091811e+04,3.349866743355248673e+02
2.925000000000000000e+02,1.007636065386512428e+03,2.191017281672226424e+00,3.302953133737319149e+04,3.349891614191903955e+02
2.926000000000000227e+02,1.007330200747283243e+03,2.191125482613822228e+00,3.302563912761922256e+04,3.349916476387220996e+02
2.926999999999999886e+02,1.007024329595365089e+03,2.191233655351588538e+00,3.302174973872734699e+04,3.349941329928313394e+02
2.928000000000000114e+02,1.006718452169871739e+03,2.191341799270603019e+00,3.301786316579885170e+04,3.349966174802169689e+02
2.929000000000000341e+02,1.006412568720865693e+03,2.191449913750064482e+00,3.301397940299798938e+04,3.349991010995655074e+02
2.930000000000000000e+02,1.006106679509357946e+03,2.191557998163292442e+00,3.301009844355195673e+04,3.350015838495508547e+02
2.931000000000000227e+02,1.005800784807306968e+03,2.191666051877728005e+00,3.300622027975092351e+04,3.350040657288347461e+02
2.931999999999999886e+02,1.005494884897620295e+03,2.191774074254931648e+00,3.300234490294801071e+04,3.350065467360662979e+02
2.933000000000000114e+02,1.005188980074153164e+03,2.191882064650585882e+00,3.299847230355929059e+04,3.350090268698823479e+02
2.934000000000000341e+02,1.004883070641709423e+03,2.191990022414493477e+00,3.299460247106380848e+04,3.350115061289071718e+02
2.935000000000000000e+02,1.004577156916041076e+03,2.192097946890578797e+00,3.299073539400354639e+04,3.350139845117526534e+02
2.936000000000000227e+02,1.004271239223848170e+03,2.192205837416886016e+00,3.298687105998345214e+04,3.350164620170183980e+02
2.936999999999999886e+02,1.003965317902779475e+03,2.192313693325580903e+00,3.298300945567144663e+04,3.350189386432913352e+02
2.938000000000000114e+02,1.003659393301431464e+03,2.192421513942949485e+00,3.297915056679838017e+04,3.350214143891462300e+02
2.939000000000000341e+02,1.003353465779349222e+03,2.192529298589399378e+00,3.297529437815808342e+04,3.350238892531451711e+02
2.940000000000000000e+02,1.003047535707026100e+03,2.192637046579458016e+00,3.297144087360733829e+04,3.350263632338380830e+02
2.941000000000000227e+02,1.002741603465903495e+03,2.192744757221774865e+00,3.296759003606587066e+04,3.350288363297622709e+02
2.941999999999999886e+02,1.002435669448371414e+03,2.192852429819118765e+00,3.296374184751638677e+04,3.350313085394426480e+02
2.943000000000000114e+02,1.002129734057767564e+03,2.192960063668381032e+00,3.295989628900452954e+04,3.350337798613917926e+02
2.944000000000000341e+02,1.001823797708378379e+03,2.193067658060572356e+00,3.295605334063891496e+04,3.350362502941098342e+02
2.945000000000000000e+02,1.001517860825438561e+03,2.193175212280825459e+00,3.295221298159110302e+04,3.350387198360843399e+02
2.946000000000000227e+02,1.001211923845130741e+03,2.193282725608392880e+00,3.294837519009562675e+04,3.350411884857905989e+02
2.946999999999999886e+02,1.000905987214586162e+03,2.193390197316648749e+00,3.294453994344996318e+04,3.350436562416914512e+02
2.948000000000000114e+02,1.000600051391883994e+03,2.193497626673087897e+00,3.294070721801454783e+04,3.350461231022372885e+02
2.949000000000000341e+02,1.000294116846051793e+03,2.193605012939325416e+00,3.293687698921278206e+04,3.350485890658661106e+02
2.950000000000000000e+02,9.999881840570657232e+02,2.193712355371097988e+00,3.293304923153101845e+04,3.350510541310034114e+02
2.951000000000000227e+02,9.996822535158495384e+02,2.193819653218262555e+00,3.292922391851856810e+04,3.350535182960624070e+02
2.951999999999999886e+02,9.993763257242758300e+02,2.193926905724797205e+00,3.292540102278770792e+04,3.350559815594436941e+02
2.953000000000000114e+02,9.990704011951651182e+02,2.194034112128801173e+00,3.292158051601364423e+04,3.350584439195356481e+02
2.954000000000000341e+02,9.987644804522861932e+02,2.194141271662493509e+00,3.291776236893457826e+04,3.350609053747140820e+02
2.955000000000000000e+02,9.984585640303564560e+02,2.194248383552215298e+00,3.291394655135164794e+04,3.350633659233423600e+02
2.956000000000000227e+02,9.981526524750411227e+02,2.194355447018427441e+00,3.291013303212894243e+04,3.350658255637716252e+02
2.956999999999999886e+02,9.978467463429539066e+02,2.194462461275712872e+00,3.290632177919353126e+04,3.350682842943403443e+02
2.958000000000000114e+02,9.975408462016566773e+02,2.194569425532773899e+00,3.290251275953542063e+04,3.350707421133747630e+02
2.959000000000000341e+02,9.972349526296595741e+02,2.194676338992434417e+00,3.289870593920758256e+04,3.350731990191885643e+02
2.960000000000000000e+02,9.969290662164212335e+02,2.194783200851639471e+00,3.289490128332594031e+04,3.350756550100830395e+02
2.961000000000000227e+02,9.966231875623481073e+02,2.194890010301454808e+00,3.289109875606939022e+04,3.350781100843471449e+02
2.961999999999999886e+02,9.963173172787954854e+02,2.194996766527065990e+00,3.288729832067976531e+04,3.350805642402572744e+02
2.963000000000000114e+02,9.960114559880660181e+02,2.195103468707781058e+00,3.288349993946187169e+04,3.350830174760774867e+02
2.964000000000000341e+02,9.957056043234116487e+02,2.195210116017027868e+00,3.287970357378346671e+04,3.350854697900593919e+02
2.965000000000000000e+02,9.953997629290321356e+02,2.195316707622354979e+00,3.287590918407525896e+04,3.350879211804422084e+02
2.966000000000000227e+02,9.950939324600750524e+02,2.195423242685432097e+00,3.287211672983093013e+04,3.350903716454527057e+02
2.966999999999999886e+02,9.947881135826371519e+02,2.195529720362050519e+00,3.286832616960711312e+04,3.350928211833051478e+02
2.968000000000000114e+02,9.944823069737624337e+02,2.195636139802120468e+00,3.286453746102338482e+04,3.350952697922015204e+02
2.969000000000000341e+02,9.941765133214438492e+02,2.195742500149675536e+00,3.286075056076229521e+04,3.350977174703312471e+02
2.970000000000000000e+02,9.938707333246227336e+02,2.195848800542867796e+00,3.285696542456935276e+04,3.351001642158715299e+02
2.971000000000000227e+02,9.935649676931878957e+02,2.195955040113971357e+00,3.285318200725300267e+04,3.351026100269868948e+02
2.971999999999999886e+02,9.932592171479772105e+02,2.196061217989381031e+00,3.284940026268468500e+04,3.351050549018295328e+02
2.973000000000000114e+02,9.929534824207762540e+02,2.196167333289612333e+00,3.284562014379874745e+04,3.351074988385393567e+02
2.974000000000000341e+02,9.926477642543190996e+02,2.196273385129301925e+00,3.284184160259253986e+04,3.351099418352437169e+02
2.975000000000000000e+02,9.923420634022884315e+02,2.196379372617206727e+00,3.283806459012635605e+04,3.351123838900574583e+02
2.976000000000000227e+02,9.920363806293141806e+02,2.196485294856204806e+00,3.283428905652342655e+04,3.351148250010832612e+02
2.976999999999999886e+02,9.917307167109757984e+02,2.196591150943295379e+00,3.283051495096996950e+04,3.351172651664110731e+02
2.978000000000000114e+02,9.914250724337998690e+02,2.196696939969597917e+00,3.282674222171514702e+04,3.351197043841186201e+02
2.979000000000000341e+02,9.911194485952620425e+02,2.196802661020353487e+00,3.282297081607106520e+04,3.351221426522711795e+02
2.980000000000000000e+02,9.908138460037858977e+02,2.196908313174922966e+00,3.281920068041281047e+04,3.351245799689215801e+02
2.981000000000000227e+02,9.905082654787431693e+02,2.197013895506788828e+00,3.281543176017842052e+04,3.351270163321102018e+02
2.981999999999999886e+02,9.902027078504542033e+02,2.197119407083553799e+00,3.281166399986888428e+04,3.351294517398650328e+02
2.983000000000000114e+02,9.898971739601870468e+02,2.197224846966942646e+00,3.280789734304814192e+04,3.351318861902016124e+02
2.984000000000000341e+02,9.895916646601585853e+02,2.197330214212799504e+00,3.280413173234311398e+04,3.351343196811230882e+02
2.985000000000000000e+02,9.892861808135338606e+02,2.197435507871089655e+00,3.280036710944365768e+04,3.351367522106201591e+02
2.986000000000000227e+02,9.889807232944256157e+02,2.197540726985900417e+00,3.279660341510258877e+04,3.351391837766710751e+02
2.986999999999999886e+02,9.886752929878956593e+02,2.197645870595438478e+00,3.279284058913570334e+04,3.351416143772417513e+02
2.988000000000000114e+02,9.883698907899532742e+02,2.197750937732032561e+00,3.278907857042171963e+04,3.351440440102855973e+02
2.989000000000000341e+02,9.880645176075566951e+02,2.197855927422130762e+00,3.278531729690233624e+04,3.351464726737436308e+02
2.990000000000000000e+02,9.877591743586121993e+02,2.197960838686303209e+00,3.278155670558221027e+04,3.351489003655444208e+02
2.991000000000000227e+02,9.874538619719738790e+02,2.198065670539240291e+00,3.277779673252895009e+04,3.351513270836040874e+02
2.991999999999999886e+02,9.871485813874447786e+02,2.198170421989753986e+00,3.277403731287311530e+04,3.351537528258264729e+02
2.993000000000000114e+02,9.868433335557755299e+02,2.198275092040776535e+00,3.277027838080823130e+04,3.351561775901028000e+02
2.994000000000000341e+02,9.865381194386656034e+02,2.198379679689360433e+00,3.276651986959078204e+04,3.351586013743119565e+02
2.995000000000000000e+02,9.862329400087626254e+02,2.198484183926680213e+00,3.276276171154020631e+04,3.351610241763204954e+02
2.996000000000000227e+02,9.859277962496619239e+02,2.198588603738030667e+00,3.275900383803889781e+04,3.351634459939823500e+02
2.996999999999999886e+02,9.856226891559078922e+02,2.198692938102827288e+00,3.275524617953220877e+04,3.351658668251391759e+02
2.998000000000000114e+02,9.853176197329925117e+02,2.198797185994606274e+00,3.275148866552844993e+04,3.351682866676201797e+02
2.999000000000000341e+02,9.850125889973563744e+02,2.198901346381024968e+00,3.274773122459888691e+04,3.351707055192421763e+02
3.000000000000000000e+02,9.847075979763884561e+02,2.199005418223862307e+00,3.274397378437775478e+04,3.351731233778093610e+02
